original_path,bytes,sha256,location
20260917-开发资料/source/.agents/notes/AGENTS.md,795,a7cf50d42049ad090c37a52047e7ef46b9c4f5eb984d08f0ea3b5f98b25a7464,local-only/original-project
20260917-开发资料/source/.agents/notes/archived/AGENTS.md,720,be5367d2e09273b32728d20c146cedeb7eccc7d4c2da22b286723a366592cc8d,local-only/original-project
20260917-开发资料/source/.agents/notes/archived/process/2026-08-24-agent-notes-tree.i18n.yaml,402,329412a5fbc1b67cdefbcc8401d5a9b99da47859d6598ec0811a62d0aeaddd75,local-only/original-project
20260917-开发资料/source/.agents/notes/archived/process/2026-08-24-agent-notes-tree.md,1679,1ce86044a31089c0ed62c1f3c6db73d3bfbe54d5d51a48ef04d6b903f940f6cb,local-only/original-project
20260917-开发资料/source/.agents/notes/archived/process/2026-08-24-agent-notes-tree.zh.md,1551,ccf06b8d69d407aeb776152ceef55d68297d250358261809909e56f641d4d785,local-only/original-project
20260917-开发资料/source/.agents/notes/archived/process/2026-08-24-banner-social-refresh.i18n.yaml,412,0b72c3e7b9a37628cfa1c143c4a51b89aac23f068a895223e83987cb7dcc9493,local-only/original-project
20260917-开发资料/source/.agents/notes/archived/process/2026-08-24-banner-social-refresh.md,2522,69220233c95fea0d9fd6f5da9b70099793cd533041be8793e7ac872a042e8ea9,local-only/original-project
20260917-开发资料/source/.agents/notes/archived/process/2026-08-24-banner-social-refresh.zh.md,2359,f5b96ec22b9bdfcbed97cc369c2aca26ce96187d81996d165d36678f7c89cd01,local-only/original-project
20260917-开发资料/source/.agents/notes/archived/process/2026-08-25-maintenance-run-skyrail-cabin-merge.i18n.yaml,440,e26889bd9f7829ea8c6262510c8b1ee15359c00cc6f09b5858865c23730a8841,local-only/original-project
20260917-开发资料/source/.agents/notes/archived/process/2026-08-25-maintenance-run-skyrail-cabin-merge.md,5885,fa903f66d843dbcb7f772563d963f5729d02a28523a735c3349309303385d5e2,local-only/original-project
20260917-开发资料/source/.agents/notes/archived/process/2026-08-25-maintenance-run-skyrail-cabin-merge.zh.md,5270,67bb0bee9b9dc01cf4f747af893d09963efc763ab00b511f71cb680f53a57e54,local-only/original-project
20260917-开发资料/source/.agents/notes/archived/process/2026-08-25-root-readme-seo-feature-sections.i18n.yaml,434,7125c64cec3b1dbe336dad83cabbb2d568041bc547da38e8c6c5ea474ffdf1e0,local-only/original-project
20260917-开发资料/source/.agents/notes/archived/process/2026-08-25-root-readme-seo-feature-sections.md,2755,ca3ce5a6823af6e569b90fb7cba06eff767f17ff7abeed2274533ab7060e2048,local-only/original-project
20260917-开发资料/source/.agents/notes/archived/process/2026-08-25-root-readme-seo-feature-sections.zh.md,2339,0bf4a7047cac9578cce05225dfcdad057fdff7fc13f29a3aed0ac575db5f3865,local-only/original-project
20260917-开发资料/source/.agents/notes/archived/process/2026-08-25-workshop-deploy-round-orca-link.i18n.yaml,432,1653e63ab511a247af8a532299827cf8b53148f4ee26af888dfe3f3be47419ae,local-only/original-project
20260917-开发资料/source/.agents/notes/archived/process/2026-08-25-workshop-deploy-round-orca-link.md,2234,6df0b5fa1c495a6ebf8e25e2aa56025fefce32b45025edf2511f8be38fbbe8d7,local-only/original-project
20260917-开发资料/source/.agents/notes/archived/process/2026-08-25-workshop-deploy-round-orca-link.zh.md,1916,00266e4ad23417214bdbb3e286da7b8c95b06a4bfa83f6916866d6c63e436a6a,local-only/original-project
20260917-开发资料/source/.agents/notes/archived/process/2026-08-26-dsh-web-prefix-developer-skills.i18n.yaml,432,39c1fa047f4043234e8521b61c8fd35465698fdcb71fc86e59dce58ccb1c31de,local-only/original-project
20260917-开发资料/source/.agents/notes/archived/process/2026-08-26-dsh-web-prefix-developer-skills.md,1433,9dd824bdc9c4dbecdb5259753255e523b4bf9099223ef10bba162e07ba9c558e,local-only/original-project
20260917-开发资料/source/.agents/notes/archived/process/2026-08-26-dsh-web-prefix-developer-skills.zh.md,1304,b4377806b8c92e4865fd4034b93ebba2a4afc3e497172720a320d57c6133f80e,local-only/original-project
20260917-开发资料/source/.agents/notes/archived/process/2026-08-26-maintenance-run-community-index-six-pr-round.i18n.yaml,458,d689210a8d08293229c3b86fd83a926ebeb987cb04a4457a9fcbcb13a7afe9ea,local-only/original-project
20260917-开发资料/source/.agents/notes/archived/process/2026-08-26-maintenance-run-community-index-six-pr-round.md,6142,131fadb9039a7e6538d5a0ecb3610fcbe7933f50aba864ea5ab346f3262a65e3,local-only/original-project
20260917-开发资料/source/.agents/notes/archived/process/2026-08-26-maintenance-run-community-index-six-pr-round.zh.md,5391,71691424861cda2ae89b2f949a57a57af0fda3e7ed63c06feb2ac750beabda7f,local-only/original-project
20260917-开发资料/source/.agents/notes/archived/process/2026-08-26-maintenance-run-milestone-merge-logicprobe-review.i18n.yaml,468,2b374b0fa3e33e0de555e0a0c4cffa5f4174d78766d758845e9254d684ed0835,local-only/original-project
20260917-开发资料/source/.agents/notes/archived/process/2026-08-26-maintenance-run-milestone-merge-logicprobe-review.md,4873,2efe387b99455082a523aac3d0d84d210f48eae8aacda77fbf5866eaee8bf77d,local-only/original-project
20260917-开发资料/source/.agents/notes/archived/process/2026-08-26-maintenance-run-milestone-merge-logicprobe-review.zh.md,4325,0949c01cc5d63c60b7fd02f7e0b94e8b6c47f7dbcdcf4d7f4c6c2f56d099af95,local-only/original-project
20260917-开发资料/source/.agents/notes/archived/process/2026-08-27-checkout-dir-rename-dsh-web.i18n.yaml,424,454ba9c9637711e516e253cd39cecc14dbde2920b5b0881749e12fc5bfb21e09,local-only/original-project
20260917-开发资料/source/.agents/notes/archived/process/2026-08-27-checkout-dir-rename-dsh-web.md,4161,064204c2dfdf65ed1e01629a3eb3858e125d19f2b7520be4484ade976fd69c85,local-only/original-project
20260917-开发资料/source/.agents/notes/archived/process/2026-08-27-checkout-dir-rename-dsh-web.zh.md,3650,b258834fdab9834594a199869d6b1600c2c03d67a3bf2c48e5210ae3c2ea5f1c,local-only/original-project
20260917-开发资料/source/.agents/notes/archived/process/2026-08-27-dsh-compatibility-badge.i18n.yaml,416,db6e8a83a4ecb1b9b2727a9020203de8b580d873722b06c4ab6b77244e8f0f1d,local-only/original-project
20260917-开发资料/source/.agents/notes/archived/process/2026-08-27-dsh-compatibility-badge.md,2859,4aec68069b2724bff4f702030b192559b0d0eaf9fc8993bba1cfd3d84a805320,local-only/original-project
20260917-开发资料/source/.agents/notes/archived/process/2026-08-27-dsh-compatibility-badge.zh.md,2629,49f9a0936e85d42d5f63ec4b4b44e31abfeb793773ad4e31925f8c884170ae68,local-only/original-project
20260917-开发资料/source/.agents/notes/archived/process/2026-08-27-maintenance-run-delete-message-merge-four-registration-reviews.i18n.yaml,494,7b2d080fa288066534090bfac4270fd768f0622f28ad7a8c04ec7c1a0ddfdf48,local-only/original-project
20260917-开发资料/source/.agents/notes/archived/process/2026-08-27-maintenance-run-delete-message-merge-four-registration-reviews.md,7184,bcc38f9e82fadf3915b80c9a7be993bd71d83cdd0dbef1331e04b0dd5b76b03d,local-only/original-project
20260917-开发资料/source/.agents/notes/archived/process/2026-08-27-maintenance-run-delete-message-merge-four-registration-reviews.zh.md,6399,f2fc2a56004f919ff696170646264520d03b7ede2b529b3625b2d9d1ab3c463d,local-only/original-project
20260917-开发资料/source/.agents/notes/archived/process/2026-08-27-maintenance-run-logicprobe-merge-corrupt-branch-block.i18n.yaml,538,1b2bc402c8705b72032bcec00933623c79a0d386d2f604f75b895cae1569f68a,local-only/original-project
20260917-开发资料/source/.agents/notes/archived/process/2026-08-27-maintenance-run-logicprobe-merge-corrupt-branch-block.md,5103,faad4be6eae1eb5b1c5660c830e84c98d70c0e1cf04ef8c9164173f392471320,local-only/original-project
20260917-开发资料/source/.agents/notes/archived/process/2026-08-27-maintenance-run-logicprobe-merge-corrupt-branch-block.zh.md,4788,d630b816bf45c3366ad821b7a7ef6be983bf3cf554ad9b648c2f4c4985fd415a,local-only/original-project
20260917-开发资料/source/.agents/notes/archived/process/2026-08-28-agent-workflow-token-compression.i18n.yaml,434,66a3c7c694d2fc14cf2d0081627330bbcb6527b5b2b6893bcc7127429021ab9d,local-only/original-project
20260917-开发资料/source/.agents/notes/archived/process/2026-08-28-agent-workflow-token-compression.md,3189,b9c16afc5847559114561dcb0eb81508b92686f7f92b16c18546f26fd3389481,local-only/original-project
20260917-开发资料/source/.agents/notes/archived/process/2026-08-28-agent-workflow-token-compression.zh.md,2853,7d57f8a0988fceddc1872ac282e7f41b95ced4b925a3e2b3a64c610ff4a59f96,local-only/original-project
20260917-开发资料/source/.agents/notes/archived/process/2026-08-28-maintenance-run-catppuccin-acceptance-notion-skill-merge.i18n.yaml,544,cb846e4b437095df6325f83ad3d416e103f94267fb65c3c1ee90909975d1748b,local-only/original-project
20260917-开发资料/source/.agents/notes/archived/process/2026-08-28-maintenance-run-catppuccin-acceptance-notion-skill-merge.md,7584,f7d3e697b68a3d6d5f41c0ac31364720e9b20f68676c5e35a04069b7e8e19a71,local-only/original-project
20260917-开发资料/source/.agents/notes/archived/process/2026-08-28-maintenance-run-catppuccin-acceptance-notion-skill-merge.zh.md,6902,b5ed9d60626b74a751fa507f30fc5fc76ae3cadff7b00a713eb2bbaae2f75fd2,local-only/original-project
20260917-开发资料/source/.agents/notes/archived/process/2026-08-28-pause-release-npm-publish-unstable-dsh-alpha.i18n.yaml,458,9d6f9a6475de598b904cebd268266332149c7a3e5339b9f953566d3041da4fac,local-only/original-project
20260917-开发资料/source/.agents/notes/archived/process/2026-08-28-pause-release-npm-publish-unstable-dsh-alpha.md,3198,a868d25f27accb238d00286b48a6c9e81e0d33f503f6d77016b370547dcc7a2d,local-only/original-project
20260917-开发资料/source/.agents/notes/archived/process/2026-08-28-pause-release-npm-publish-unstable-dsh-alpha.zh.md,2894,81781fd6d35d5be9964c8cc6aebc6536fd897373b8f8f6f21e45bf9cf3ae8b9c,local-only/original-project
20260917-开发资料/source/.agents/notes/archived/process/2026-08-28-preview-cohort-tarball-overrides.i18n.yaml,434,5b7c3534b8ebb8a59b155e07ec93c6912ea8f71f6a43e22c78a360985f92ed87,local-only/original-project
20260917-开发资料/source/.agents/notes/archived/process/2026-08-28-preview-cohort-tarball-overrides.md,4210,fad7a7cb0e19eaf7b15cb69224a2e9c1a559d9923bd5a95c19b0b73c25762f8a,local-only/original-project
20260917-开发资料/source/.agents/notes/archived/process/2026-08-28-preview-cohort-tarball-overrides.zh.md,3601,80d14e7b17c6deeca1fd4d5a50a39addf7f4be24c224cdb6aa06dab65580942d,local-only/original-project
20260917-开发资料/source/.agents/notes/archived/process/2026-08-29-ci-rebuilds-cohort-tarball-store.i18n.yaml,434,5055a1e6d21245d0123772311c5f4a945f893986259851eae0476aa285cfad56,local-only/original-project
20260917-开发资料/source/.agents/notes/archived/process/2026-08-29-ci-rebuilds-cohort-tarball-store.md,5404,49ed4de4c245692b7087bf75955efbf05a2c9afa2134cd643dde06ed8c8ce149,local-only/original-project
20260917-开发资料/source/.agents/notes/archived/process/2026-08-29-ci-rebuilds-cohort-tarball-store.zh.md,4920,5bb924c83ec698c672ab9f6e5877d9651fac37b6552b38d8bce10087124531c6,local-only/original-project
20260917-开发资料/source/.agents/notes/archived/process/2026-08-29-maintenance-run-free-search-merge-four-registration-verdicts.i18n.yaml,552,ee81f26c468e6b4fcb1772f93a7e552e182f46ddb669ed66f01930bf9500168e,local-only/original-project
20260917-开发资料/source/.agents/notes/archived/process/2026-08-29-maintenance-run-free-search-merge-four-registration-verdicts.md,6888,96b84088340319befac68d947ab2c7a04b0e2a1f9c520bc161aebef79840e2ad,local-only/original-project
20260917-开发资料/source/.agents/notes/archived/process/2026-08-29-maintenance-run-free-search-merge-four-registration-verdicts.zh.md,6316,7c7843145b1cfff700306caf5990ddb999b92526e9f9d912563db1ab6db280c2,local-only/original-project
20260917-开发资料/source/.agents/notes/archived/process/2026-08-29-maintenance-run-passwords-merge-free-search-approval.i18n.yaml,536,e1f64966cfa289e3141377e6e4445beb18f13c29489ba3e91fa592f77072baad,local-only/original-project
20260917-开发资料/source/.agents/notes/archived/process/2026-08-29-maintenance-run-passwords-merge-free-search-approval.md,5830,2e578370e668c0805053054d4ed93454ed25dcbfe3c1ff11b0a27011d722841a,local-only/original-project
20260917-开发资料/source/.agents/notes/archived/process/2026-08-29-maintenance-run-passwords-merge-free-search-approval.zh.md,5328,c3b5d11acf930978ba3360d63e124aba09f7668e04eb1ff4eabc942d46dacd1a,local-only/original-project
20260917-开发资料/source/.agents/notes/archived/process/2026-08-29-standalone-npm-publish-dsh-usage.i18n.yaml,434,c88dff34e75f2e0b1ebae19e60b2cf9d4716f84573c3c359414a77881654df56,local-only/original-project
20260917-开发资料/source/.agents/notes/archived/process/2026-08-29-standalone-npm-publish-dsh-usage.md,2314,bba5c66a63c09a21a66ac37cd82faf9ea9efdae625f0b312890fdc4cbf5a9cfb,local-only/original-project
20260917-开发资料/source/.agents/notes/archived/process/2026-08-29-standalone-npm-publish-dsh-usage.zh.md,2020,2471bbbc4f17eb4b1dc3b5fddf18ff09d12ecf8114f283b7c9f975d37750d85f,local-only/original-project
20260917-开发资料/source/.agents/notes/archived/process/2026-08-30-maintenance-run-acceptance-policy-four-registrations-land.i18n.yaml,546,188cf4d9ed997a65a26c416a7b93ca2c52c35b4ecdb50ee049aa4979bd72b3a3,local-only/original-project
20260917-开发资料/source/.agents/notes/archived/process/2026-08-30-maintenance-run-acceptance-policy-four-registrations-land.md,4606,799e1b057e1d7d82975ebcbbd73e45eec06636ef343816ca43869a5636f5a558,local-only/original-project
20260917-开发资料/source/.agents/notes/archived/process/2026-08-30-maintenance-run-acceptance-policy-four-registrations-land.zh.md,3966,5158ec6fbf5d21ff97e8fa0e1521c2830fe00166c60971f16073939d798bc661,local-only/original-project
20260917-开发资料/source/.agents/notes/archived/process/2026-08-30-maintenance-run-firewall-unblock-rank45-award.i18n.yaml,522,df71b7d8e4a8847d4cefaefaf960c8d2a9e593a6d6f32944619b9d9fb289cf82,local-only/original-project
20260917-开发资料/source/.agents/notes/archived/process/2026-08-30-maintenance-run-firewall-unblock-rank45-award.md,5693,da627cbc9709b4ca0cef29e6244a5048566d788b34f5da845e0fe89f8a06de69,local-only/original-project
20260917-开发资料/source/.agents/notes/archived/process/2026-08-30-maintenance-run-firewall-unblock-rank45-award.zh.md,5188,14115d0f4fcca53ee75fd1160adf36b85ad923839596a9368104bd447cb6cd1a,local-only/original-project
20260917-开发资料/source/.agents/notes/archived/process/2026-08-30-maintenance-run-quiet-check-four-parked-prs.i18n.yaml,518,1f4a067d7038364a6253be9bbe2633f2ad3273ade8a18198512a37f6d4f641a5,local-only/original-project
20260917-开发资料/source/.agents/notes/archived/process/2026-08-30-maintenance-run-quiet-check-four-parked-prs.md,4121,da052a340d106bc10f7bbea0820f8b014448750630e9afa28de728660b69cb4b,local-only/original-project
20260917-开发资料/source/.agents/notes/archived/process/2026-08-30-maintenance-run-quiet-check-four-parked-prs.zh.md,3627,2c982e0154bb4ddfcc4009b9f8529d5837a1844b976f06b8a661ba40f8bb1777,local-only/original-project
20260917-开发资料/source/.agents/notes/archived/process/2026-08-30-mobile-remote-readme-screenshots-refresh.md,3111,10803d923fe90bf209ad55eba085820d2856f396693f47d13ebdc6ad1126b536,local-only/original-project
20260917-开发资料/source/.agents/notes/archived/process/2026-08-30-mobile-remote-readme-screenshots-refresh.zh.md,2745,7ebad59f32c80674b8fd9a03d2516352eb5fe360ae86d3e721ed1bbed32ac377,local-only/original-project
20260917-开发资料/source/.agents/notes/archived/process/2026-08-30-restore-npm-publish-alpha.2.i18n.yaml,424,aa70685d95d0d3fcc0ffa4cae6cdf60776d501159d85f2d0c4aa272ceca4e959,local-only/original-project
20260917-开发资料/source/.agents/notes/archived/process/2026-08-30-restore-npm-publish-alpha.2.md,2830,5e100a5db07a076e5be9676366040e29e28e9e25c6de11ab69cf0d57fc997ed7,local-only/original-project
20260917-开发资料/source/.agents/notes/archived/process/2026-08-30-restore-npm-publish-alpha.2.zh.md,2610,c349005983eb45c1765aa219cf3f9257ee4a6c112b4f8b16d5d31c3468a913ca,local-only/original-project
20260917-开发资料/source/.agents/notes/archived/process/2026-08-31-maintenance-run-four-landings-clean-clone-stability-bar.i18n.yaml,542,0d9a7d55bfe3055768a13b47a31ea3aaf51abb18ee9eed0725fc3c4ac16bd1e7,local-only/original-project
20260917-开发资料/source/.agents/notes/archived/process/2026-08-31-maintenance-run-four-landings-clean-clone-stability-bar.md,6092,b1f36b240068904a68a9e6a2be666fb39d00ba625509abd1c41d32f426febdc6,local-only/original-project
20260917-开发资料/source/.agents/notes/archived/process/2026-08-31-maintenance-run-four-landings-clean-clone-stability-bar.zh.md,5550,4798cbaac2f3f1804ee225fce179ddeabdb5483014d3bde6382516581d8d6dd2,local-only/original-project
20260917-开发资料/source/.agents/notes/archived/process/2026-08-31-release-v0.3.10.i18n.yaml,400,528ff85ec311fb7c1efb327ff7f6edadc5cd0d35a93c8ddb6b3248d8aa224c61,local-only/original-project
20260917-开发资料/source/.agents/notes/archived/process/2026-08-31-release-v0.3.10.md,3969,64172e62c507a4113de2da2a8b667086044387e783bfbe5fcf407d0ca98a7df3,local-only/original-project
20260917-开发资料/source/.agents/notes/archived/process/2026-08-31-release-v0.3.10.zh.md,3579,03f7dda15a3b3f07893166057e7a7a3622b2788c06e04fcecf81c34369d88239,local-only/original-project
20260917-开发资料/source/.agents/notes/archived/process/2026-09-01-maintenance-run-ci-unblock-two-merges.i18n.yaml,444,6103b9c6bba2ff798c54c841da40ee9c34efb195ff59f351d3693d0845c03700,local-only/original-project
20260917-开发资料/source/.agents/notes/archived/process/2026-09-01-maintenance-run-ci-unblock-two-merges.md,3989,315b7c64e841cc8da172929df5d59e887d444fa5f1acb2ad226ea6bfa8bcff15,local-only/original-project
20260917-开发资料/source/.agents/notes/archived/process/2026-09-01-maintenance-run-ci-unblock-two-merges.zh.md,3686,362a940c9fc978d638c5cd2bd0d11c1056c3aa155e9401ed7a974c449a5f816a,local-only/original-project
20260917-开发资料/source/.agents/notes/archived/process/2026-09-01-release-v0.3.11.i18n.yaml,400,0fffbc605cebf1f1a902429a3818f735d74c56826163a758c15f3937d85afb7e,local-only/original-project
20260917-开发资料/source/.agents/notes/archived/process/2026-09-01-release-v0.3.11.md,5308,7583a4210c597b3947f515995caa1b1ff79ba94d00c0cc9651522439a88ab634,local-only/original-project
20260917-开发资料/source/.agents/notes/archived/process/2026-09-01-release-v0.3.11.zh.md,4776,4cf7491a1330ccc62827151dfb99d45d60c1c8fcfebaf3df2780e57462feff2c,local-only/original-project
20260917-开发资料/source/.agents/notes/archived/process/2026-09-02-release-v0.3.12.i18n.yaml,400,246f2cedef9c8e59610224621bd1b6414ab24756ff951041c7d6f334f3a87af4,local-only/original-project
20260917-开发资料/source/.agents/notes/archived/process/2026-09-02-release-v0.3.12.md,4783,44d01172ad9fa85e6567919180f14ce2d2c652f29bf172a15383c9bbb0effed0,local-only/original-project
20260917-开发资料/source/.agents/notes/archived/process/2026-09-02-release-v0.3.12.zh.md,4257,de7a5e19d8b1633054124adb26cb53d6adaffbcfd0f0c4572c70c43b6648b6ad,local-only/original-project
20260917-开发资料/source/.agents/notes/archived/process/2026-09-03-maintenance-run-two-copy-merges-skin-review.i18n.yaml,456,63708017800c35846a1d7f9aed5d15d1d29f1ff0cade2b9f6b38e261015fb5e6,local-only/original-project
20260917-开发资料/source/.agents/notes/archived/process/2026-09-03-maintenance-run-two-copy-merges-skin-review.md,6198,ec9ead548c4035fca631b479f4b91ccfc3658c2fde87810ec2ad3ba32bc15cd5,local-only/original-project
20260917-开发资料/source/.agents/notes/archived/process/2026-09-03-maintenance-run-two-copy-merges-skin-review.zh.md,5694,bdaa0890ef07e9a2cd2c3bc9fb614dd1876e3582b7143060cdd485e5446a0dd0,local-only/original-project
20260917-开发资料/source/.agents/notes/archived/process/2026-09-03-release-v0.3.13.i18n.yaml,400,8502a1deccc5e6188b0c86f105101fed1d89a9f5743f105927960d6a62e30bf2,local-only/original-project
20260917-开发资料/source/.agents/notes/archived/process/2026-09-03-release-v0.3.13.md,4397,94e6fb4bfb6bb0cd6d5417936f1298e975c119d74edc7baa200c66280f1b380d,local-only/original-project
20260917-开发资料/source/.agents/notes/archived/process/2026-09-03-release-v0.3.13.zh.md,3930,4151d2a9777960d85c89e9f0ac3d7b2b9481a3b4e1872ae3a30ae6af639f6027,local-only/original-project
20260917-开发资料/source/.agents/notes/implemented/AGENTS.md,1099,1147a8a59d53a20d4d9b2676de32964170a64ddc1463d9e247b80bdb2d9769fa,local-only/original-project
20260917-开发资料/source/.agents/notes/implemented/architecture/2026-08-24-plugin-aggregate-positioning.i18n.yaml,426,86c7f57ce42f4ab3c37e22607ea841d1be3257ddd1d80b4a8fbe773b85a5cedd,local-only/original-project
20260917-开发资料/source/.agents/notes/implemented/architecture/2026-08-24-plugin-aggregate-positioning.md,3273,1458ec3e02bc96b3592e18652558fb5bf8b23335feca7c6802fe50728c8b8d57,local-only/original-project
20260917-开发资料/source/.agents/notes/implemented/architecture/2026-08-24-plugin-aggregate-positioning.zh.md,2726,36c81b43b0dcdbb9ab32f4e2fe1f86ad8228fe64b4a51cdbfee206055852b702,local-only/original-project
20260917-开发资料/source/.agents/notes/implemented/architecture/2026-08-24-product-rename-dsh-web.i18n.yaml,414,b4685033403ef237318272ee3fbb61201a5d5f90d01c267555ff70e011d9a43a,local-only/original-project
20260917-开发资料/source/.agents/notes/implemented/architecture/2026-08-24-product-rename-dsh-web.md,4305,4f492de859e42f121f84e3d915551cb165fb6d9e3eda3819f03dc2e032a2dc2e,local-only/original-project
20260917-开发资料/source/.agents/notes/implemented/architecture/2026-08-24-product-rename-dsh-web.zh.md,3744,a57f9f5af4e205786e93025ae5a7abf378feb3834185c538ff1cf6c381f65374,local-only/original-project
20260917-开发资料/source/.agents/notes/implemented/architecture/2026-08-26-aggregate-harness-row-patches.i18n.yaml,428,b05d622898c4717b3f91dabf862857f770130abfc85eb4de06b04c3cffa8488d,local-only/original-project
20260917-开发资料/source/.agents/notes/implemented/architecture/2026-08-26-aggregate-harness-row-patches.md,3433,3680c759a09872cd6538279a92cf43f3e154b69a5062de67d43149e69a77c3ea,local-only/original-project
20260917-开发资料/source/.agents/notes/implemented/architecture/2026-08-26-aggregate-harness-row-patches.zh.md,3070,c4452dd3d7a89b019f96ad5387a3016424f9b3bb5b59ecadc09463904c3dc1f3,local-only/original-project
20260917-开发资料/source/.agents/notes/implemented/architecture/2026-08-27-better-session-default-off-and-jsonl-import.i18n.yaml,456,b086c7f0f8c1b9b5a8ea7eb77fa01b9a6cbae722754a576165ab8f6234e6695d,local-only/original-project
20260917-开发资料/source/.agents/notes/implemented/architecture/2026-08-27-better-session-default-off-and-jsonl-import.md,5337,370ff8c230880efbeb58d6c046e1e47018ef4caf688cb262c8a067f0cf279235,local-only/original-project
20260917-开发资料/source/.agents/notes/implemented/architecture/2026-08-27-better-session-default-off-and-jsonl-import.zh.md,4850,6ed8a0914bf32a3f819950442da8a8f6aad90992dafa2426f62265a5381dbe16,local-only/original-project
20260917-开发资料/source/.agents/notes/implemented/architecture/2026-08-27-better-session-replaces-chat-recovery.i18n.yaml,444,bd9bf22fa58e620f1315093c18264c47c5248e29647f4bf091f2ceba0887d757,local-only/original-project
20260917-开发资料/source/.agents/notes/implemented/architecture/2026-08-27-better-session-replaces-chat-recovery.md,5821,afc8c3c74fb79fde53481ddc949949a7df8b77957fc7a50ab27c65953b3502dc,local-only/original-project
20260917-开发资料/source/.agents/notes/implemented/architecture/2026-08-27-better-session-replaces-chat-recovery.zh.md,5177,a899abc47b33efe2ecdafeb68e97e467501ee4f7719307c02dda6a259a49fcaf,local-only/original-project
20260917-开发资料/source/.agents/notes/implemented/architecture/2026-08-28-task-board-sdk-0.1.2-alpha.1.i18n.yaml,211,38eb01dbfb9143dfdd3919922e5276f9573ecf0bb4e934dc8f02397359805f02,local-only/original-project
20260917-开发资料/source/.agents/notes/implemented/architecture/2026-08-28-task-board-sdk-0.1.2-alpha.1.md,2404,c442dfe46a8877b8058e72c7ea59b893b6af0f2b57f7d342b569a82660dbc37d,local-only/original-project
20260917-开发资料/source/.agents/notes/implemented/architecture/2026-08-28-task-board-sdk-0.1.2-alpha.1.zh.md,2191,7505136b10ab273f4a02afcb80f84976b6c1a951b4bcfa329648bde67369584b,local-only/original-project
20260917-开发资料/source/.agents/notes/implemented/architecture/2026-08-29-remote-control-reuses-official-ui.md,8661,8710c97a6a493e4e682077edd9e977bf6c6a2438e14b8e712d7187c9a0ead5a0,local-only/original-project
20260917-开发资料/source/.agents/notes/implemented/architecture/2026-08-29-remote-control-reuses-official-ui.zh.md,7725,be772a0f90e599d8424b7ac9e7e4d0a69093e90e88032513bf9431a17f27dc79,local-only/original-project
20260917-开发资料/source/.agents/notes/implemented/architecture/2026-08-30-sdk-cohort-0.1.2-alpha.2-upgrade.i18n.yaml,259,156ec4d3710e4019a0d0dc58e98819a8269565013116aec5d6f15c37c06c1013,local-only/original-project
20260917-开发资料/source/.agents/notes/implemented/architecture/2026-08-30-sdk-cohort-0.1.2-alpha.2-upgrade.md,9820,abb7d8bc1dac33e7d40aa992550046d56cec9479f0d683b303bdecd3b5e402b2,local-only/original-project
20260917-开发资料/source/.agents/notes/implemented/architecture/2026-08-30-sdk-cohort-0.1.2-alpha.2-upgrade.zh.md,9005,44ccee52e3167beabd492ea1cc83ce46ffa80bd74137c9db6fe6c3d64f3b27a4,local-only/original-project
20260917-开发资料/source/.agents/notes/implemented/architecture/2026-08-31-dsh-i18n-language-pack.i18n.yaml,414,625b64bc6eef031a02e8084eb20bb39812e6cf84e88394d3b35860612dd91974,local-only/original-project
20260917-开发资料/source/.agents/notes/implemented/architecture/2026-08-31-dsh-i18n-language-pack.md,6414,23d1015e951c05550b0e8e5f0f973066b7e9799205a7167a9d020fd9572bf903,local-only/original-project
20260917-开发资料/source/.agents/notes/implemented/architecture/2026-08-31-dsh-i18n-language-pack.zh.md,5801,d658e13e5a2a01451da04a0cdd6fa04a1df50ba0bb8cbcf52d6667c200689d62,local-only/original-project
20260917-开发资料/source/.agents/notes/implemented/architecture/2026-08-31-readd-better-sidebar-alpha2.i18n.yaml,424,9a3897ee8f94964232ef64788fcb10bb8c810567f82209fd329aaa6a4b62db0c,local-only/original-project
20260917-开发资料/source/.agents/notes/implemented/architecture/2026-08-31-readd-better-sidebar-alpha2.md,6689,7873112b573aaf5b87a7faed27cca76d4abde0fbdedbebed816f5227221a8eaf,local-only/original-project
20260917-开发资料/source/.agents/notes/implemented/architecture/2026-08-31-readd-better-sidebar-alpha2.zh.md,6175,596f53d1f9e727778dba63330d5abae8000ff9959c9acea096c9c57a3c92d5b1,local-only/original-project
20260917-开发资料/source/.agents/notes/implemented/architecture/2026-09-01-aggregate-plugin-fault-isolation-shell.i18n.yaml,445,42462e3dbe04e72f44b6955472f31b32c70acfe56862977cb84c819a23d23a22,local-only/original-project
20260917-开发资料/source/.agents/notes/implemented/architecture/2026-09-01-aggregate-plugin-fault-isolation-shell.md,4802,e8e80d8c231b4f98a9e4864cdfa8015a49aa335b749ab7d036ecbf20254c6208,local-only/original-project
20260917-开发资料/source/.agents/notes/implemented/architecture/2026-09-01-aggregate-plugin-fault-isolation-shell.zh.md,4250,f7f5fea8c75fb42003759959352cf5aa9639a407b9f861b3abd2ef587292dc43,local-only/original-project
20260917-开发资料/source/.agents/notes/implemented/architecture/2026-09-01-dsh-host-floor-tracks-cohort.i18n.yaml,426,ce42c439731aaa5ffb61f4e9dcde2c70d2d06ec96a0c3c0294a4d1fa5f8efcde,local-only/original-project
20260917-开发资料/source/.agents/notes/implemented/architecture/2026-09-01-dsh-host-floor-tracks-cohort.md,4033,046af51be5cbce9f776a634e000eb454f2b7f539971f69e4ad3279ebfcda397b,local-only/original-project
20260917-开发资料/source/.agents/notes/implemented/architecture/2026-09-01-dsh-host-floor-tracks-cohort.zh.md,3701,fdbe081cf38d0f1c514d48ed54977445272e0ec89720cd8aa2e9bb23d666e153,local-only/original-project
20260917-开发资料/source/.agents/notes/implemented/architecture/2026-09-02-aggregate-family-row-display-names.i18n.yaml,438,0cb6c3110cbcf39c90ab68cb3acdbeefdca2893bbe2ff4fd8e9ceddbacc1c3f1,local-only/original-project
20260917-开发资料/source/.agents/notes/implemented/architecture/2026-09-02-aggregate-family-row-display-names.md,5317,614c6522aa8e7a7f5cd82420a16f707a43029113b0124f3b699e91cde8bf16bc,local-only/original-project
20260917-开发资料/source/.agents/notes/implemented/architecture/2026-09-02-aggregate-family-row-display-names.zh.md,4777,1b87e3b5794af3a2fa4d68e45532bc0565239a34651ce68c52386a2c91064dae,local-only/original-project
20260917-开发资料/source/.agents/notes/implemented/architecture/2026-09-03-electron-desktop-app.i18n.yaml,410,ad45b6f1f71b18f4993d2812b9135eee3e29de972e92e0b2e640d6f0133daba0,local-only/original-project
20260917-开发资料/source/.agents/notes/implemented/architecture/2026-09-03-electron-desktop-app.md,7305,d6041fd8113197bf380495f38b6cbe7531a236d4fc525f398db738f521100e44,local-only/original-project
20260917-开发资料/source/.agents/notes/implemented/architecture/2026-09-03-electron-desktop-app.zh.md,6814,2f179ed594aadaefa0f6185835020e8c24e9290e695839e5919e02b1aef03b1d,local-only/original-project
20260917-开发资料/source/.agents/notes/implemented/architecture/2026-09-03-sdk-cohort-0.1.2-rc.1.md,4863,77c5d475be475655a509e066566a8b5d57036704318f008e823ef35d9ddd2fc8,local-only/original-project
20260917-开发资料/source/.agents/notes/implemented/architecture/2026-09-03-sdk-cohort-0.1.2-rc.1.md.i18n.yaml,237,54d6f440a805886e8600298901f83862529f3ce53640e45f1b24192af73f4392,local-only/original-project
20260917-开发资料/source/.agents/notes/implemented/architecture/2026-09-03-sdk-cohort-0.1.2-rc.1.zh.md,4487,800982e009004219d50a8be3596bdc18dd5330f14e9bb18205aca8b751dd04b5,local-only/original-project
20260917-开发资料/source/.agents/notes/implemented/architecture/2026-09-04-dsh-doctor-bounded-supervisor.i18n.yaml,428,9be9625d153e3b4e56bf2a9b7c151d666f55f1b449bc05b09c3f9860c20b431d,local-only/original-project
20260917-开发资料/source/.agents/notes/implemented/architecture/2026-09-04-dsh-doctor-bounded-supervisor.md,4066,165856e746da5b5659392730179a1f20ec46a5ffb97f031a2c64c15ad646df5e,local-only/original-project
20260917-开发资料/source/.agents/notes/implemented/architecture/2026-09-04-dsh-doctor-bounded-supervisor.zh.md,3787,0368c48b2f96575a8d92ba1ce5524edc0765da1ccc773e10ac2fa38dd2785108,local-only/original-project
20260917-开发资料/source/.agents/notes/implemented/architecture/2026-09-09-sdk-cohort-0.1.5-alpha.2.md,8724,d84b752f33cd1742fe78a282ee1298bba2c300a47bd28d96cbc4656033af0363,local-only/original-project
20260917-开发资料/source/.agents/notes/implemented/architecture/2026-09-09-sdk-cohort-0.1.5-alpha.2.md.i18n.yaml,243,a2c377dbde5c8d5c1c60037a031fedadd034d530d360a646fda5c030313df769,local-only/original-project
20260917-开发资料/source/.agents/notes/implemented/architecture/2026-09-09-sdk-cohort-0.1.5-alpha.2.zh.md,7965,98b82024f325843b71ca6c2b6d8c44b9f394f85d59d9f386cb5aa3eb19037abb,local-only/original-project
20260917-开发资料/source/.agents/notes/implemented/architecture/2026-09-10-sdk-cohort-0.1.5-rc.1.md,8483,fd52be9322fa731ae156189daeb86af469eee93692021322740ffd2fec3d0a57,local-only/original-project
20260917-开发资料/source/.agents/notes/implemented/architecture/2026-09-10-sdk-cohort-0.1.5-rc.1.zh.md,7786,60fa2e8457a2c981ff83f69b35f5e413e85866487cb0cf0bfd3a5e5358609600,local-only/original-project
20260917-开发资料/source/.agents/notes/implemented/bug-fix/2026-08-24-maid-atelier-light-composer-contrast.i18n.yaml,442,16afc72b9b28665108930b809df733ac258cd2d995a52a8e3150f46f63ba652e,local-only/original-project
20260917-开发资料/source/.agents/notes/implemented/bug-fix/2026-08-24-maid-atelier-light-composer-contrast.md,2213,672824271b2adfeb5a34f3965ba7067fff3deddfa79fa0399519a0cda3ce8002,local-only/original-project
20260917-开发资料/source/.agents/notes/implemented/bug-fix/2026-08-24-maid-atelier-light-composer-contrast.zh.md,2014,346448ef5f768de4bd216e803d7cf234f90a6b0d1507b04a364fa48d58bc3e7f,local-only/original-project
20260917-开发资料/source/.agents/notes/implemented/bug-fix/2026-08-24-market-copy-fallback-status.md,1179,3e9f222bee1dfcdd5bfbd6a82f751a826016dd7d2787f0c4d927c62f19aae47d,local-only/original-project
20260917-开发资料/source/.agents/notes/implemented/bug-fix/2026-08-24-market-copy-fallback-status.zh.md,1061,fa80404850aa855d5bb82c1e2aa2a5ec1cdad4a76a1808836c6cb79b8931b0d6,local-only/original-project
20260917-开发资料/source/.agents/notes/implemented/bug-fix/2026-08-24-mobile-chat-rendering-fixes.i18n.yaml,427,d73bce21b56d960fabe8d10566a69373715e40ace97daefbb2823cbb62afd306,local-only/original-project
20260917-开发资料/source/.agents/notes/implemented/bug-fix/2026-08-24-mobile-chat-rendering-fixes.md,2584,dabd45bd20e513d41b4bc9fa1a47aed9c4f11083106438138c8f4718df43e79f,local-only/original-project
20260917-开发资料/source/.agents/notes/implemented/bug-fix/2026-08-24-mobile-chat-rendering-fixes.zh.md,2452,fb3432b2ca62d49031cd571d85e2e1bd5a7d7ba7623bcb677bfe4cb934bc402b,local-only/original-project
20260917-开发资料/source/.agents/notes/implemented/bug-fix/2026-08-24-skin-background-scope-reset.i18n.yaml,424,697f9b62dc70493a692ebf2f0a772d5911dd7b5bd1cb8e33bd8bff1f521bd143,local-only/original-project
20260917-开发资料/source/.agents/notes/implemented/bug-fix/2026-08-24-skin-background-scope-reset.md,2050,399e421d97bb2b9b917288c39917bb9583525987713af450ebd499dbdf891360,local-only/original-project
20260917-开发资料/source/.agents/notes/implemented/bug-fix/2026-08-24-skin-background-scope-reset.zh.md,1779,e43000325466e2d7eca42e2a30349a7619049b62cbfb4865f0c51781eb6c5fe5,local-only/original-project
20260917-开发资料/source/.agents/notes/implemented/bug-fix/2026-08-24-wallpaper-exclusive-queue-dock-chrome.i18n.yaml,444,90be8438991483044f035f1e82d380a3d0c9dcd8d51de6db73de2ee22696975f,local-only/original-project
20260917-开发资料/source/.agents/notes/implemented/bug-fix/2026-08-24-wallpaper-exclusive-queue-dock-chrome.md,3436,ea95fb83d8138bce4bc3a90bf2bf370a47ebccffed275fef7c18a417463d7b3c,local-only/original-project
20260917-开发资料/source/.agents/notes/implemented/bug-fix/2026-08-24-wallpaper-exclusive-queue-dock-chrome.zh.md,3030,8a25ada2ccc4a42b8cc37748c18ece5e082b6ad6a49a3bb43c09812236bc70cf,local-only/original-project
20260917-开发资料/source/.agents/notes/implemented/bug-fix/2026-08-25-desktop-launcher-working-directory.md,1707,fa4819d25c5cfdee6b1c18eab2d8631e745011ed719d4ee94ad419959fafeea7,local-only/original-project
20260917-开发资料/source/.agents/notes/implemented/bug-fix/2026-08-25-desktop-launcher-working-directory.zh.md,1651,30c07d28ab7b2f86027a071096717c4c89cc83dedcff502353e0af133b10b088,local-only/original-project
20260917-开发资料/source/.agents/notes/implemented/bug-fix/2026-08-25-doctor-client-api-base.i18n.yaml,414,eb5ec73420ddada82f6e779f2d9882def40117f92b71078258c8454d2d261e9c,local-only/original-project
20260917-开发资料/source/.agents/notes/implemented/bug-fix/2026-08-25-doctor-client-api-base.md,2268,8b0c48b5fd63bdec9c27ea0767d674e78afbee04f755ef85b97cbfd8c1bf5d49,local-only/original-project
20260917-开发资料/source/.agents/notes/implemented/bug-fix/2026-08-25-doctor-client-api-base.zh.md,2134,faec46085fcd988d81e8b9b0ab798e4141589c8cab99717a67844e52ab3ecedb,local-only/original-project
20260917-开发资料/source/.agents/notes/implemented/bug-fix/2026-08-25-native-image-capability-cache-invalidation.md,2202,11dbbed20fa6c13780b632a1e360081c9615d75665c70f9e919a62007dc3396f,local-only/original-project
20260917-开发资料/source/.agents/notes/implemented/bug-fix/2026-08-25-native-image-capability-cache-invalidation.zh.md,2048,2ede0a5573f32495e333da93adf0f595d7be414605276e720c09ae202a648cfb,local-only/original-project
20260917-开发资料/source/.agents/notes/implemented/bug-fix/2026-08-25-orca-link-session-switch-latency.i18n.yaml,434,1a9a69e7fcc9f5ed4a0f7ad361c0f3342eae8d1a1235eca9f335f14bff0704c5,local-only/original-project
20260917-开发资料/source/.agents/notes/implemented/bug-fix/2026-08-25-orca-link-session-switch-latency.md,4828,5cab8569cbdcc4f2fbcbb2dec5d5fce7cf667c5ec47c10015f68720bb7d8e76f,local-only/original-project
20260917-开发资料/source/.agents/notes/implemented/bug-fix/2026-08-25-orca-link-session-switch-latency.zh.md,4273,59212b0b21db565ded86ad45c4b4e29892f813a472cd230b004a93a3ae4aa62b,local-only/original-project
20260917-开发资料/source/.agents/notes/implemented/bug-fix/2026-08-25-pet-gameplay-card-opens-beside-sprite.i18n.yaml,444,e883c634f9bdb151d8220599cf96261b40c9bfceb2b482f31176b2630bd8c1e8,local-only/original-project
20260917-开发资料/source/.agents/notes/implemented/bug-fix/2026-08-25-pet-gameplay-card-opens-beside-sprite.md,3524,dcab96523684c658fd7eeb4692927bae16c42741831c95c4160218b9c491425a,local-only/original-project
20260917-开发资料/source/.agents/notes/implemented/bug-fix/2026-08-25-pet-gameplay-card-opens-beside-sprite.zh.md,3044,0d265aa1a4da3290eeceba0640af0b69ed420cc82002f1e3670747c7188bc7e7,local-only/original-project
20260917-开发资料/source/.agents/notes/implemented/bug-fix/2026-08-25-pet-gameplay-entry-hover-panel.i18n.yaml,430,04d8569b797422084ffb13144fdd8768b76ae50d3e32894dd2aaf49c4f3e15d1,local-only/original-project
20260917-开发资料/source/.agents/notes/implemented/bug-fix/2026-08-25-pet-gameplay-entry-hover-panel.md,3390,799ef1991b09a1060348e01263aa57f6ee2bff6960693fcf3d4317e85e9a11e2,local-only/original-project
20260917-开发资料/source/.agents/notes/implemented/bug-fix/2026-08-25-pet-gameplay-entry-hover-panel.zh.md,3004,0ae61200a192d4e44accc38eac92e1e148358f679d86198588e2c49d483f5baf,local-only/original-project
20260917-开发资料/source/.agents/notes/implemented/bug-fix/2026-08-25-token-audit-at-rule-recursion.i18n.yaml,428,3fe07362f5aa047fe8b669d0ac87482da971a53b504dfeea8184815e34773f72,local-only/original-project
20260917-开发资料/source/.agents/notes/implemented/bug-fix/2026-08-25-token-audit-at-rule-recursion.md,1809,907e21cb0e937e27878f51b1d2324c684e91fe421987418bf06aeda664a615fd,local-only/original-project
20260917-开发资料/source/.agents/notes/implemented/bug-fix/2026-08-25-token-audit-at-rule-recursion.zh.md,1574,9893033c9c2a9a485c3e0216df9c50fee41ec6bab56abc37d111ffb99cdc181d,local-only/original-project
20260917-开发资料/source/.agents/notes/implemented/bug-fix/2026-08-25-web-settings-market-skin-namespaces-allowlist.md,1651,c33f148f8757d95011ca6312aef2eb533abcd5ec2f22efb420315ab218f3ea63,local-only/original-project
20260917-开发资料/source/.agents/notes/implemented/bug-fix/2026-08-25-web-settings-market-skin-namespaces-allowlist.zh.md,1752,8b14c3af6f4d155adfefd04804a93a3b432f28757c6cc8032b16cda971f97ac3,local-only/original-project
20260917-开发资料/source/.agents/notes/implemented/bug-fix/2026-08-25-workshop-and-runtime-fixes.md,3693,63e784a72ebd7d453c575ae0512bfa2624c901209bab8527699ab0125db71416,local-only/original-project
20260917-开发资料/source/.agents/notes/implemented/bug-fix/2026-08-25-workshop-and-runtime-fixes.zh.md,3417,c30f495f12d3c2a42ecd206f188d7e99903d450a9e8ff539428112c0493da5f0,local-only/original-project
20260917-开发资料/source/.agents/notes/implemented/bug-fix/2026-08-26-cors-preflight-static-headers.i18n.yaml,428,667c1017c48db670617f8c88798b55da491294346a9ce498f3a134f1db6373c7,local-only/original-project
20260917-开发资料/source/.agents/notes/implemented/bug-fix/2026-08-26-cors-preflight-static-headers.md,2157,7f49c64be776114cb2f64f9106759d45ca2766296a371841e7d3868ed9d727d2,local-only/original-project
20260917-开发资料/source/.agents/notes/implemented/bug-fix/2026-08-26-cors-preflight-static-headers.zh.md,2005,1febf009e47318b3370e441511231076f3e4431bc274f7073d9f8342e5e3b453,local-only/original-project
20260917-开发资料/source/.agents/notes/implemented/bug-fix/2026-08-26-dsh-perf-client-export.i18n.yaml,414,dbf476a71e1f9cbab9bcecfbf31c77fde02daec37efc17dc62663ef5e4d5cdd0,local-only/original-project
20260917-开发资料/source/.agents/notes/implemented/bug-fix/2026-08-26-dsh-perf-client-export.md,2038,b0a13c93ebd5b8741d9aaf1a58c2074ef8ea8b8440ac04c407e237373d295a5a,local-only/original-project
20260917-开发资料/source/.agents/notes/implemented/bug-fix/2026-08-26-dsh-perf-client-export.zh.md,1817,fa83d2a2017e7902308f6e7384238300b9aa826940ced0db4d7ba25cb6df26cd,local-only/original-project
20260917-开发资料/source/.agents/notes/implemented/bug-fix/2026-08-26-dsh-perf-render-shadow-rework.i18n.yaml,428,efe3aff0e7f55466cc1a8d787b1f3bd7a5f423aad39de2e3e313b5b924149e32,local-only/original-project
20260917-开发资料/source/.agents/notes/implemented/bug-fix/2026-08-26-dsh-perf-render-shadow-rework.md,4841,e0232a423494594880356e106f3efc848860100282c8c16848496b8664043346,local-only/original-project
20260917-开发资料/source/.agents/notes/implemented/bug-fix/2026-08-26-dsh-perf-render-shadow-rework.zh.md,4422,b0dbaad8d8d43743daf4e810d06d5ba4af67651851ff0ca09551f2b75d217327,local-only/original-project
20260917-开发资料/source/.agents/notes/implemented/bug-fix/2026-08-26-inspect-head-probe-memo.i18n.yaml,416,ff14b27015dac1469572cd86113c50d493aa44535801c62388132ff88e78975e,local-only/original-project
20260917-开发资料/source/.agents/notes/implemented/bug-fix/2026-08-26-inspect-head-probe-memo.md,2754,c9163ec3967616fa040205b193c68b8689fa07e862ae61094081a611271975bb,local-only/original-project
20260917-开发资料/source/.agents/notes/implemented/bug-fix/2026-08-26-inspect-head-probe-memo.zh.md,2634,3ccf9c9f12c4603f985d017a409f0d4085c3ef7f0324f584c422dc5d71200303,local-only/original-project
20260917-开发资料/source/.agents/notes/implemented/bug-fix/2026-08-26-legacy-workshop-skin-hooks.i18n.yaml,422,8b26a8d490166479b1535bfdbd9e8427dc3d30e9f4057b4bc62e1a4ebb7cd2a6,local-only/original-project
20260917-开发资料/source/.agents/notes/implemented/bug-fix/2026-08-26-legacy-workshop-skin-hooks.md,2532,d5a25754a118f9010006d4d49c170f707ead265d8208d11560c0349171170dee,local-only/original-project
20260917-开发资料/source/.agents/notes/implemented/bug-fix/2026-08-26-legacy-workshop-skin-hooks.zh.md,2317,0c5e371cca958ae9aa4320f1d3aa06c08ba7ea1c268377a0ab655eb2802d6215,local-only/original-project
20260917-开发资料/source/.agents/notes/implemented/bug-fix/2026-08-26-mobile-chat-batched-fold.i18n.yaml,418,84f2bac8e5283a2fea6283a80001aa4f4a10319547f215bb444041d2e919526e,local-only/original-project
20260917-开发资料/source/.agents/notes/implemented/bug-fix/2026-08-26-mobile-chat-batched-fold.md,3130,c3c4c85f4655ea4d33914f590d7d0f26418bb7577ca9bb546dfc539794d39117,local-only/original-project
20260917-开发资料/source/.agents/notes/implemented/bug-fix/2026-08-26-mobile-chat-batched-fold.zh.md,2936,543fd0d403ad8f3ac1a3a11fc5a092493b0bb5caa86c7b0f67db99432013f431,local-only/original-project
20260917-开发资料/source/.agents/notes/implemented/bug-fix/2026-08-26-orca-link-mount-binding-scope.i18n.yaml,428,fbce7d87b9b51278016cbf3122414196b97b362dc9c82f2cab81ae5f38a828de,local-only/original-project
20260917-开发资料/source/.agents/notes/implemented/bug-fix/2026-08-26-orca-link-mount-binding-scope.md,2780,2b3e6267379dff12aff485d26ff7393fe244f3bf1104d72f6a10fe3fdc452813,local-only/original-project
20260917-开发资料/source/.agents/notes/implemented/bug-fix/2026-08-26-orca-link-mount-binding-scope.zh.md,2606,af4c8eaadddc0880daf07f70b422f6ef6bef2590f4f3946a94da587efbb67640,local-only/original-project
20260917-开发资料/source/.agents/notes/implemented/bug-fix/2026-08-26-skin-center-scrim-and-scope-guard.md,1621,aa430886f57a3e7c467b094600030a1859af7f1d00e168fc416ecb533f6096d2,local-only/original-project
20260917-开发资料/source/.agents/notes/implemented/bug-fix/2026-08-26-skin-center-scrim-and-scope-guard.zh.md,1745,d8404676c7a3a4f971071909b439834823327b0c50b8b89e87f9d60fa6cb9c6c,local-only/original-project
20260917-开发资料/source/.agents/notes/implemented/bug-fix/2026-08-26-task-board-implicit-close-removal.md,3300,ddbc0cc777b99c98ececbfbb1d05030a470cb728f11c8f376d463e3804a97c35,local-only/original-project
20260917-开发资料/source/.agents/notes/implemented/bug-fix/2026-08-26-task-board-implicit-close-removal.zh.md,2918,84005dd3d5ac85e0f6fdff52d001168834deff40d329a0f0e5d08ccad229a971,local-only/original-project
20260917-开发资料/source/.agents/notes/implemented/bug-fix/2026-08-26-task-board-navigation-jitter.md,2000,45ddd6d1b204db189d4f60ee2eaf273cbe3e63f965cfe49fa22d63ef2468e8f2,local-only/original-project
20260917-开发资料/source/.agents/notes/implemented/bug-fix/2026-08-26-task-board-navigation-jitter.zh.md,2027,15afaf9f804ad6d2ef8699c2638f014c71f92337e0a792d642c1f2be260c07da,local-only/original-project
20260917-开发资料/source/.agents/notes/implemented/bug-fix/2026-08-26-telemetry-read-key-header-only.i18n.yaml,430,2348f6df1dda35f431b04b1ff59df5b351caefe31134524ee3583652ee1abe57,local-only/original-project
20260917-开发资料/source/.agents/notes/implemented/bug-fix/2026-08-26-telemetry-read-key-header-only.md,2393,58e83cb3838a06aa4ef6ee149ce1dba06a7517a789d38012efd5cb1a1780fba3,local-only/original-project
20260917-开发资料/source/.agents/notes/implemented/bug-fix/2026-08-26-telemetry-read-key-header-only.zh.md,2131,3b577e5ebc2d3727ee2a61e32402cb6633fc93cd7470ea7ad87fc306d5d2750e,local-only/original-project
20260917-开发资料/source/.agents/notes/implemented/bug-fix/2026-08-26-turnstile-fail-closed-writes.i18n.yaml,426,7a9073254d15b5f6e8ed5467956e8e658eacedcf45b4c8ff48effd4804e8e3f3,local-only/original-project
20260917-开发资料/source/.agents/notes/implemented/bug-fix/2026-08-26-turnstile-fail-closed-writes.md,3114,8ff310bbd2cf51c4bc116bdbaecafe5e15a9158327ca01287cbf942d0bc5b392,local-only/original-project
20260917-开发资料/source/.agents/notes/implemented/bug-fix/2026-08-26-turnstile-fail-closed-writes.zh.md,2783,75b3d51d13bc3269a634b783def743f2e8a82b1ed53df51ad28d5c47b76dfcad,local-only/original-project
20260917-开发资料/source/.agents/notes/implemented/bug-fix/2026-08-26-viewport-scroll-lock-on-workspace-select.md,2050,5ab75387eddcafed53b8ece0b746c2c1d6b3f5621ec231fe469cadb2452db950,local-only/original-project
20260917-开发资料/source/.agents/notes/implemented/bug-fix/2026-08-26-viewport-scroll-lock-on-workspace-select.zh.md,2184,6f4ece7354702e575f155404a3728d93620dc1e6e717fa047a8a714def49f513,local-only/original-project
20260917-开发资料/source/.agents/notes/implemented/bug-fix/2026-08-26-worker-nosniff-headers.i18n.yaml,414,723e9e6af1aa661fd4fce98e44838afdd5ace375e949b8c5c96b5ec8a244c141,local-only/original-project
20260917-开发资料/source/.agents/notes/implemented/bug-fix/2026-08-26-worker-nosniff-headers.md,1439,70d5fa8e49b8ae3443c98c5305a245f3bb556306a2d571c86b85d55de9e15b01,local-only/original-project
20260917-开发资料/source/.agents/notes/implemented/bug-fix/2026-08-26-worker-nosniff-headers.zh.md,1364,6af7320455f94a761d33d19030bce2f0dad4de0cae4690fff31d67be641fb785,local-only/original-project
20260917-开发资料/source/.agents/notes/implemented/bug-fix/2026-08-26-worker-write-bounds.i18n.yaml,408,a85d196c5c829d6e49edfd01e3918ab43f5a139fce887341dc9b9c889226bb86,local-only/original-project
20260917-开发资料/source/.agents/notes/implemented/bug-fix/2026-08-26-worker-write-bounds.md,3385,b426cdc223645ec03acfb046c154ec277e44b7702351a50f2550b3803f1c7be0,local-only/original-project
20260917-开发资料/source/.agents/notes/implemented/bug-fix/2026-08-26-worker-write-bounds.zh.md,3121,939fd07cbf553af08cd0af67430f3cf945b41719dfed13ce1bb06bd77063aea4,local-only/original-project
20260917-开发资料/source/.agents/notes/implemented/bug-fix/2026-08-27-doctor-windows-supervisor-lifecycle.md,2288,137774c7825abbf4ada4abda2cf412fb70c0e4a3d212c00e517bd2c157bf380c,local-only/original-project
20260917-开发资料/source/.agents/notes/implemented/bug-fix/2026-08-27-doctor-windows-supervisor-lifecycle.zh.md,2598,ff40184d4a427b83b32c3a18d41c2190ddbd853e9882c695345e6bbc0c003773,local-only/original-project
20260917-开发资料/source/.agents/notes/implemented/bug-fix/2026-08-27-perf-shadow-priority-headroom.i18n.yaml,428,697123ddb68feec2257d6ed2829b415a821cb67826da337aa20dcf683c256e0b,local-only/original-project
20260917-开发资料/source/.agents/notes/implemented/bug-fix/2026-08-27-perf-shadow-priority-headroom.md,5114,2faa7afe4b0dd32f4c3d0659a13712be008c6cca67cb9685c1bc3462408fe5ea,local-only/original-project
20260917-开发资料/source/.agents/notes/implemented/bug-fix/2026-08-27-perf-shadow-priority-headroom.zh.md,4516,3efe3e359f4a0fc3515121822507b1e334f910fc514d4f7d28b4fb304b31b0cc,local-only/original-project
20260917-开发资料/source/.agents/notes/implemented/bug-fix/2026-08-27-pet-affinity-rank-i18n-and-voice-pack-overrides.md,1521,419ef9e653fd2b29342c67ff0ab0d83ada105b1864538877e08b291dbc2b0aa5,local-only/original-project
20260917-开发资料/source/.agents/notes/implemented/bug-fix/2026-08-27-pet-affinity-rank-i18n-and-voice-pack-overrides.zh.md,1547,1e1f6183d390972ed579f0989b9164369e443b915afe000beadea17a9eede044,local-only/original-project
20260917-开发资料/source/.agents/notes/implemented/bug-fix/2026-08-27-pet-frames2d-canvas-bitmap-buffer.i18n.yaml,436,b7aabbe381d77c07ed10d814e96a24bd32dd94a94e0136e998b6a50c598046e1,local-only/original-project
20260917-开发资料/source/.agents/notes/implemented/bug-fix/2026-08-27-pet-frames2d-canvas-bitmap-buffer.md,4422,f1b90425601ac1c4267db149e1e8547a053dbb0f03d13e5f2fc891dc1faef2fe,local-only/original-project
20260917-开发资料/source/.agents/notes/implemented/bug-fix/2026-08-27-pet-frames2d-canvas-bitmap-buffer.zh.md,3930,ef34aaecc8ff74d60c59903b33b38fa369ffacd67dea3595fcf5485d1a9f5db3,local-only/original-project
20260917-开发资料/source/.agents/notes/implemented/bug-fix/2026-08-27-skill-explorer-header-and-group-hints.md,1353,c62e88e8cdfaf3d35016544674676da36835205a7c175e587102afdb0f8d25af,local-only/original-project
20260917-开发资料/source/.agents/notes/implemented/bug-fix/2026-08-27-skill-explorer-header-and-group-hints.zh.md,1282,c583577acee7ebd722ac3008a2f72535c76e3ba494bceef997bf8f371a5f7e65,local-only/original-project
20260917-开发资料/source/.agents/notes/implemented/bug-fix/2026-08-27-skin-center-root-width-lock.md,1548,5c106ff9a1f9b6dee88efafc2736293cf0e6b797732ad78089bbdb8c06ef1014,local-only/original-project
20260917-开发资料/source/.agents/notes/implemented/bug-fix/2026-08-27-skin-center-root-width-lock.zh.md,1389,7a2c7f043ab95cf0c0b6eb488ea1892f082fa25a128704351bb3cd98df4aaa71,local-only/original-project
20260917-开发资料/source/.agents/notes/implemented/bug-fix/2026-08-27-skin-center-viewport-lock-desktop-clipping.md,1343,d414b52d140e1dc9b543bea26daf02bcead5ad776e3a8a02e31c803db38d69e1,local-only/original-project
20260917-开发资料/source/.agents/notes/implemented/bug-fix/2026-08-27-skin-center-viewport-lock-desktop-clipping.zh.md,1357,68b78494151d6e969782c4a7a01d32ec0eedc425900363385a85e1625aa62b88,local-only/original-project
20260917-开发资料/source/.agents/notes/implemented/bug-fix/2026-08-27-task-board-return-button-and-remount-resilience.md,1871,ec7ef99b181ca2226951e8a2a68c79d424ce7cd2aea539f73e62a35e6d646c0b,local-only/original-project
20260917-开发资料/source/.agents/notes/implemented/bug-fix/2026-08-27-task-board-return-button-and-remount-resilience.zh.md,1576,e7b681d9c65873abbb613563b4dff49355e227fd3d0cdc604d9819192925eb26,local-only/original-project
20260917-开发资料/source/.agents/notes/implemented/bug-fix/2026-08-28-client-store-dual-cohort-engine-shim.md,6844,40635ff6ddb7f2cc2c0bad091b83313db5a74537069141de6e7a6567dc436ac5,local-only/original-project
20260917-开发资料/source/.agents/notes/implemented/bug-fix/2026-08-28-client-store-dual-cohort-engine-shim.zh.md,6154,1d55531cb4637568c0e4daa23fb0dbe5afad4aca6a6dbdc5e98f6bb14672d6f0,local-only/original-project
20260917-开发资料/source/.agents/notes/implemented/bug-fix/2026-08-28-descriptor-faithful-wire-contracts.i18n.yaml,223,2cee1a33a59ade87160a843bbbc90757b5b034db147f819ab58cb0ea8642e8bb,local-only/original-project
20260917-开发资料/source/.agents/notes/implemented/bug-fix/2026-08-28-descriptor-faithful-wire-contracts.md,4163,5fb3b8c3d70713f37ac721592ceb16ea3b179a4382a94a491bcf6f50dd0a6500,local-only/original-project
20260917-开发资料/source/.agents/notes/implemented/bug-fix/2026-08-28-descriptor-faithful-wire-contracts.zh.md,3737,ef14bf18f4d07d9bd4362bd2303525d943c39d65abbc145ab6a483137482298b,local-only/original-project
20260917-开发资料/source/.agents/notes/implemented/bug-fix/2026-08-28-morlay-message-actions-alpha1-store-patch.md,3584,358749930a5f621547e6f0de74e0745703706e27cda385c0b05e64cb2412517b,local-only/original-project
20260917-开发资料/source/.agents/notes/implemented/bug-fix/2026-08-28-morlay-message-actions-alpha1-store-patch.zh.md,3274,d3a292d678578207724505ed535dee90bb83a13367efddc1ff11c9d50443950c,local-only/original-project
20260917-开发资料/source/.agents/notes/implemented/bug-fix/2026-08-28-remote-web-ui-mobile-question-and-respond-fixes.md,2439,44c2f55831740b0c40f2b04be3511fadc67d1ec2775c310bc0596808403b4c8c,local-only/original-project
20260917-开发资料/source/.agents/notes/implemented/bug-fix/2026-08-28-remote-web-ui-mobile-question-and-respond-fixes.zh.md,2884,f90ff066c707bb24d40c15ffa5e5c7350904ccd48128071a3a95f4c3b24eb349,local-only/original-project
20260917-开发资料/source/.agents/notes/implemented/bug-fix/2026-08-28-session-rdb-seed-repair.md,6557,0dde2482dd2a5a557180cd810b464171fe43ff54475e12c68ea67c7bffe48eb1,local-only/original-project
20260917-开发资料/source/.agents/notes/implemented/bug-fix/2026-08-28-session-rdb-seed-repair.zh.md,5834,05b0cb850dba4578a41c94739a01ab2543aeb2790b07766ca2f6d8f582eff837,local-only/original-project
20260917-开发资料/source/.agents/notes/implemented/bug-fix/2026-08-28-ssh-aggregate-seed-and-error-handling.md,1936,2e8ef0f543177a011030279d7745d21659a2ef3935a1acf3c689e00288ba2790,local-only/original-project
20260917-开发资料/source/.agents/notes/implemented/bug-fix/2026-08-28-ssh-aggregate-seed-and-error-handling.zh.md,2002,9ada76cdeb38b6ab7c2f022e8770f507f886de2048dabd6bdf93d574bb4e88bf,local-only/original-project
20260917-开发资料/source/.agents/notes/implemented/bug-fix/2026-08-28-task-board-roster-poll-boot-race.md,2538,fc28c3fd4696bbda3dcf6f78ffe5d7ead57007f8610761c3e51f72a463f37a27,local-only/original-project
20260917-开发资料/source/.agents/notes/implemented/bug-fix/2026-08-28-task-board-roster-poll-boot-race.zh.md,2372,101f5db66614b4a28ba44d00a00c4d81ae938e65f2812a70b460dc704404f254,local-only/original-project
20260917-开发资料/source/.agents/notes/implemented/bug-fix/2026-08-28-telemetry-badge-overload-resilience.i18n.yaml,187,d5daa4fe9153a6231395f37458688943baa96756060773f9a2b7611feac37c56,local-only/original-project
20260917-开发资料/source/.agents/notes/implemented/bug-fix/2026-08-28-telemetry-badge-overload-resilience.md,5392,1c2eb6119fe1cdeaffde3203a98ccdf590d348e3e9bc634c0861af111f2fad6d,local-only/original-project
20260917-开发资料/source/.agents/notes/implemented/bug-fix/2026-08-28-telemetry-badge-overload-resilience.zh.md,4751,5c056bc163a450b1c49ba6a1be5d61fc58ca67d1562019944bc78d4b2e3fb4e2,local-only/original-project
20260917-开发资料/source/.agents/notes/implemented/bug-fix/2026-08-29-batch-core-bug-fixes.md,2310,566660a806b8a104f9d154930b5c1e95b3a626346e47d69062df12f6418572c4,local-only/original-project
20260917-开发资料/source/.agents/notes/implemented/bug-fix/2026-08-29-batch-core-bug-fixes.zh.md,2705,966ce52b311fe43ac4778585ad58597e41247ec1e27b6380e7f35583ee46faae,local-only/original-project
20260917-开发资料/source/.agents/notes/implemented/bug-fix/2026-08-29-desktop-launcher-browser-launch.md,2467,c629019394f5643d4e521319f3e6b4acf2ecd5f017fd42247670a56c5433b141,local-only/original-project
20260917-开发资料/source/.agents/notes/implemented/bug-fix/2026-08-29-desktop-launcher-browser-launch.zh.md,2623,79ef98351ff1c6035dbd1f8bede366dfb3241579c89390bddc7e43dda1962db2,local-only/original-project
20260917-开发资料/source/.agents/notes/implemented/bug-fix/2026-08-29-remote-control-review-fixes.md,3067,72752514e1c88c99fd91f651ddf298ee52e189ea75df5ebc882007218e8ae214,local-only/original-project
20260917-开发资料/source/.agents/notes/implemented/bug-fix/2026-08-29-remote-control-review-fixes.zh.md,2784,05e47a272d4836d2da72ba5032826e16c00060fbbd427940105cb0c5db89ecf0,local-only/original-project
20260917-开发资料/source/.agents/notes/implemented/bug-fix/2026-08-30-market-installed-plugin-matching.md,2654,e3cfb91ce1f595f2b31f135677ae07874738fb50bb3b90b655ed746e0d91ec78,local-only/original-project
20260917-开发资料/source/.agents/notes/implemented/bug-fix/2026-08-30-market-installed-plugin-matching.zh.md,2635,78cb8c0d35a55707692325eec7976dbb03df3b4dcf6a1bf839f6040c9bb8e686,local-only/original-project
20260917-开发资料/source/.agents/notes/implemented/bug-fix/2026-08-30-market-turnstile-secret-pairing.i18n.yaml,432,1021212f5b4298b53c7451753aa648c704bd1ceaeb9a93427b194fe8b8593126,local-only/original-project
20260917-开发资料/source/.agents/notes/implemented/bug-fix/2026-08-30-market-turnstile-secret-pairing.md,4059,3fe3925a8d653dfcc40f99b360ede8fd349026afa9e8b565b8b1d02317d4ac0f,local-only/original-project
20260917-开发资料/source/.agents/notes/implemented/bug-fix/2026-08-30-market-turnstile-secret-pairing.zh.md,3789,f05a996344a34e93efd333d94559df66a28da487f6307c88bb9a51eb94cf7f02,local-only/original-project
20260917-开发资料/source/.agents/notes/implemented/bug-fix/2026-08-30-mobile-collapsed-grid-center-blank.i18n.yaml,438,9d35bafad0db8572ad34e669c1bef7aed4b932e380b1fed12a2744d720e039f2,local-only/original-project
20260917-开发资料/source/.agents/notes/implemented/bug-fix/2026-08-30-mobile-collapsed-grid-center-blank.md,4270,b2b6ea45204baf581c0e977ed2e10fe1290c4393dd7d489da56b9d696d8dad33,local-only/original-project
20260917-开发资料/source/.agents/notes/implemented/bug-fix/2026-08-30-mobile-collapsed-grid-center-blank.zh.md,3878,33a16734c0f44fb76630bbbb39c097fdac1862aa44a31cee9eec2e61eb8f5990,local-only/original-project
20260917-开发资料/source/.agents/notes/implemented/bug-fix/2026-08-30-mobile-compact-picker-and-render-fixes.md,5522,acd4661a77b9df6b57ef88496a65cf3b92c53629868a2447b72bfbaa6201ff77,local-only/original-project
20260917-开发资料/source/.agents/notes/implemented/bug-fix/2026-08-30-mobile-compact-picker-and-render-fixes.zh.md,5073,938ed8cc93786651da295e7389a88902be330d6cff389c33f27cee990ac0a1c8,local-only/original-project
20260917-开发资料/source/.agents/notes/implemented/bug-fix/2026-08-30-pet-sprite-portal-and-stream-keepalive.i18n.yaml,446,be3f8353ef6875b91a007b17c20963bde45431ce1e620733e6cd9d39ca88f89b,local-only/original-project
20260917-开发资料/source/.agents/notes/implemented/bug-fix/2026-08-30-pet-sprite-portal-and-stream-keepalive.md,4018,df74226016ddafdee08b7087b46ce11a90cdd8bae56f4e0c0e5d099c4651640d,local-only/original-project
20260917-开发资料/source/.agents/notes/implemented/bug-fix/2026-08-30-pet-sprite-portal-and-stream-keepalive.zh.md,3556,0d1f0381b3ef3e8b3cfebc9c9168de89221ad13afdd1a54ff85aac6889a0ebf9,local-only/original-project
20260917-开发资料/source/.agents/notes/implemented/bug-fix/2026-08-30-remote-boot-watchdog-and-tolerance.md,5118,2f01c65714f93022e7afa94fd9fd313ef56019f276b632812d27cd4f3b7d755c,local-only/original-project
20260917-开发资料/source/.agents/notes/implemented/bug-fix/2026-08-30-remote-boot-watchdog-and-tolerance.zh.md,4597,55182f0d5366ca7fd3d7b887d921c201d87ac7a8fe070c24795f5eea0a2b2b28,local-only/original-project
20260917-开发资料/source/.agents/notes/implemented/bug-fix/2026-08-30-remote-gateway-stream-mux.i18n.yaml,420,08acc0cfe6bafe12542ef3834dc74b41b96a7314ab363fde591847875f408e21,local-only/original-project
20260917-开发资料/source/.agents/notes/implemented/bug-fix/2026-08-30-remote-gateway-stream-mux.md,3861,7e16e297084a5624bb298018ef3a602e9ee5d84e9ac123a9035ee97d7862572b,local-only/original-project
20260917-开发资料/source/.agents/notes/implemented/bug-fix/2026-08-30-remote-gateway-stream-mux.zh.md,3375,d5b640d7e01a1bb9a0211f9a637fd7afb4162dc98dcc760a9e5e764bfa0c2a07,local-only/original-project
20260917-开发资料/source/.agents/notes/implemented/bug-fix/2026-08-30-remote-presence-pet-visibility.i18n.yaml,430,22dd805064c33ecbda3cb8a61965269f40d50f53799049130ba19bc9b6344e7c,local-only/original-project
20260917-开发资料/source/.agents/notes/implemented/bug-fix/2026-08-30-remote-presence-pet-visibility.md,3522,50fd8aad326379dfeac1235c1ce8a401371b3fe94fedd69f8cc17dfb2b2d4440,local-only/original-project
20260917-开发资料/source/.agents/notes/implemented/bug-fix/2026-08-30-remote-presence-pet-visibility.zh.md,3062,4337195121c5d70dce49e31eeb253addd178e96171fec096eadd210d7461c5a5,local-only/original-project
20260917-开发资料/source/.agents/notes/implemented/bug-fix/2026-08-30-remote-reopen-service-worker.i18n.yaml,426,d0df5d51f2e9f729ce7278bb5a10e029904f267c67fb47df291f116fbc8a898d,local-only/original-project
20260917-开发资料/source/.agents/notes/implemented/bug-fix/2026-08-30-remote-reopen-service-worker.md,6294,6c4efc164c35d933ffc692b08f48ef058e1e7a38131104ffea2d4c511768b03b,local-only/original-project
20260917-开发资料/source/.agents/notes/implemented/bug-fix/2026-08-30-remote-reopen-service-worker.zh.md,5904,ca909ce19855fddebce7a3033a9f68bb90689e00361fab5b55b5100d909578a7,local-only/original-project
20260917-开发资料/source/.agents/notes/implemented/bug-fix/2026-08-30-task-board-agent-presets-cohort-probe.md,2450,81d23e4dab4b4d3143c57bbe1ae72274b3cc15a0338cd141787a7bbdbca0d2e9,local-only/original-project
20260917-开发资料/source/.agents/notes/implemented/bug-fix/2026-08-30-task-board-retry-qualified-code.md,1072,2ddc39b2d291a73190b71fbbf3ea065e70a61dd0526b96036a63fbc830ff703e,local-only/original-project
20260917-开发资料/source/.agents/notes/implemented/bug-fix/2026-08-30-wallpaper-surface-sidebar-exclusion.i18n.yaml,443,8225b558be89532217dd239e8a83a35a11c7d38f29a2375f10f43067de13b622,local-only/original-project
20260917-开发资料/source/.agents/notes/implemented/bug-fix/2026-08-30-wallpaper-surface-sidebar-exclusion.md,2433,91fa0993017a3258116189c13fd3a6ec8826b397a3ce041127525ac471628465,local-only/original-project
20260917-开发资料/source/.agents/notes/implemented/bug-fix/2026-08-30-wallpaper-surface-sidebar-exclusion.zh.md,2327,bc011ed2e3d448d2031a48b9740cd7cd687cb4680982fc261eabc740da6c3f98,local-only/original-project
20260917-开发资料/source/.agents/notes/implemented/bug-fix/2026-08-31-better-sidebar-peer-dependencies.i18n.yaml,263,34eb2c97b489e6be0cf70031d8a5d13cdb1229dc9177bc32fa0ca65a4076c31e,local-only/original-project
20260917-开发资料/source/.agents/notes/implemented/bug-fix/2026-08-31-better-sidebar-peer-dependencies.md,2883,c4ab769ebf5a7ff870317b0a963de10caacfb5fbf64a0ff021e96cf10e7e895f,local-only/original-project
20260917-开发资料/source/.agents/notes/implemented/bug-fix/2026-08-31-better-sidebar-peer-dependencies.zh.md,2849,3cfe841619b309ba02aaf1fb742c5134e0afb19c607c6e49ca80152aa7502fb8,local-only/original-project
20260917-开发资料/source/.agents/notes/implemented/bug-fix/2026-08-31-git-graph-branch-chip-hero-portal.i18n.yaml,436,7dea71d3d9b48be6bf2ca2b77ab48f030b5120b5ca3c553d2b75a6b2387c1428,local-only/original-project
20260917-开发资料/source/.agents/notes/implemented/bug-fix/2026-08-31-git-graph-branch-chip-hero-portal.md,3153,17cde98a85b6330b1d28239a6cf431c791e9724ef9c7e67148bf7392d4673c2f,local-only/original-project
20260917-开发资料/source/.agents/notes/implemented/bug-fix/2026-08-31-git-graph-branch-chip-hero-portal.zh.md,2934,fdcb1ceebcb9199306b34c27da4c4eb4f8bd264eb08250264281ceea16f58112,local-only/original-project
20260917-开发资料/source/.agents/notes/implemented/bug-fix/2026-08-31-open-issues-batch-resolution.md,2650,5a82f367779537e26c42d228674899273722712ab5510922be2f659e45083507,local-only/original-project
20260917-开发资料/source/.agents/notes/implemented/bug-fix/2026-08-31-open-issues-batch-resolution.zh.md,2184,a1cd409c2fffe3205b09a844b15c95bb4da94dc1e300981c19096fb45c1f4a3b,local-only/original-project
20260917-开发资料/source/.agents/notes/implemented/bug-fix/2026-08-31-session-archive-followup-fixes.i18n.yaml,430,cdbe28e6e052c60e46ef358ddbcacc63fe72df8ed6181dc1e11120849c645c37,local-only/original-project
20260917-开发资料/source/.agents/notes/implemented/bug-fix/2026-08-31-session-archive-followup-fixes.md,7345,3426781eada48dae12850184797c13c3c920e7892b8a460837c64030a681ba9e,local-only/original-project
20260917-开发资料/source/.agents/notes/implemented/bug-fix/2026-08-31-session-archive-followup-fixes.zh.md,6832,8f3567cd3f0cf7e158c105c68f5c7611f725945eaf0c521b8ba0e1d10389df9f,local-only/original-project
20260917-开发资料/source/.agents/notes/implemented/bug-fix/2026-09-01-doctor-boot-self-heal-plugin-quarantine.i18n.yaml,447,5be9d5171157d64f3c896538926d94f051f178e53252c80e326a563a4dc56de1,local-only/original-project
20260917-开发资料/source/.agents/notes/implemented/bug-fix/2026-09-01-doctor-boot-self-heal-plugin-quarantine.md,5267,e1ebb6ff4380823f6e5f72bb06ebb071fa0bb603a1359cfb255842a12a10c0f0,local-only/original-project
20260917-开发资料/source/.agents/notes/implemented/bug-fix/2026-09-01-doctor-boot-self-heal-plugin-quarantine.zh.md,4677,95476b299020c2a6df694f86292f1c328b5904bceb81c11b81310b818bb1541c,local-only/original-project
20260917-开发资料/source/.agents/notes/implemented/bug-fix/2026-09-01-doctor-supervisor-selfheal-race.md,1193,9a86abc8fe0e1158985e3c27da4a0db8a8af84ea81fe7729ec3e0eef7e71bb61,local-only/original-project
20260917-开发资料/source/.agents/notes/implemented/bug-fix/2026-09-01-doctor-supervisor-selfheal-race.zh.md,1204,dc0c97dc774a5ca770d20d30a278c122d740bb79fd8b8019f4cef1178f363075,local-only/original-project
20260917-开发资料/source/.agents/notes/implemented/bug-fix/2026-09-01-resolve-open-issues-batch.md,2653,931bac6295a4b69d0f9708f00ff66b2302ef015cec695f56b9d7c3a8a9ac46b5,local-only/original-project
20260917-开发资料/source/.agents/notes/implemented/bug-fix/2026-09-01-resolve-open-issues-batch.zh.md,2549,ee3c138bf7cc4998c7daf7a8080a5657ff50b09680553d1e7e48d5ecedc049a2,local-only/original-project
20260917-开发资料/source/.agents/notes/implemented/bug-fix/2026-09-01-session-archive-node22-test-env.i18n.yaml,432,7a9a478ed6a48366729c798ab9605d1dec5193189bbcceb2e7a941cc38eb53dd,local-only/original-project
20260917-开发资料/source/.agents/notes/implemented/bug-fix/2026-09-01-session-archive-node22-test-env.md,4024,f2525f353b9116271fe3963c428823adeac313b2b6e399db64b1a776c7cf58ec,local-only/original-project
20260917-开发资料/source/.agents/notes/implemented/bug-fix/2026-09-01-session-archive-node22-test-env.zh.md,3861,e5049e4f967904b1ab291c273e1ee4b857c4acacb1ddb56303b80108ab164313,local-only/original-project
20260917-开发资料/source/.agents/notes/implemented/bug-fix/2026-09-01-session-archive-token-contract-ui.i18n.yaml,183,f9ae648d0e246e0feccf6f7b9b58bb6179aebf08c28a1cf146dc48c4a035835d,local-only/original-project
20260917-开发资料/source/.agents/notes/implemented/bug-fix/2026-09-01-session-archive-token-contract-ui.md,6313,e1f4b689f3fcbf659126a323745e6543ef93ef625bf1b692830055b763556e18,local-only/original-project
20260917-开发资料/source/.agents/notes/implemented/bug-fix/2026-09-01-session-archive-token-contract-ui.zh.md,5750,2b6b9943b7fc5caa2d74e1a19611cbbd32b91ba2c919b955f9eb0994925622a2,local-only/original-project
20260917-开发资料/source/.agents/notes/implemented/bug-fix/2026-09-01-settings-scope-useSyncExternalStore-binding.md,3113,d7a691c61746722390323ab278a6cc81689843d27d1e0543431243c388094129,local-only/original-project
20260917-开发资料/source/.agents/notes/implemented/bug-fix/2026-09-01-settings-scope-useSyncExternalStore-binding.zh.md,2878,3ebc1bef07f0e4a1c63c76593c6f55b1fe05f0e3aa015164df2915a0b42d9319,local-only/original-project
20260917-开发资料/source/.agents/notes/implemented/bug-fix/2026-09-01-telemetry-summary-rollup-cache.i18n.yaml,177,758fa63eda5a4fb7d7f1f9262c2a819564dfbda7a9eabc6dc878d095a1ec7240,local-only/original-project
20260917-开发资料/source/.agents/notes/implemented/bug-fix/2026-09-01-telemetry-summary-rollup-cache.md,4505,cd2d6015752ecba34e51a37567b43336483921772129c24b165cdf4630b20556,local-only/original-project
20260917-开发资料/source/.agents/notes/implemented/bug-fix/2026-09-01-telemetry-summary-rollup-cache.zh.md,4082,c9e11295343b5fd9d994acdfe3a8661b285eb88c8a82318d5c1662d030f91fb8,local-only/original-project
20260917-开发资料/source/.agents/notes/implemented/bug-fix/2026-09-02-aggregate-client-children-mount.md,3971,94261557a67efcd391432f63d37e2f9f5a320c508d489cbe991b8d20701f1c50,local-only/original-project
20260917-开发资料/source/.agents/notes/implemented/bug-fix/2026-09-02-aggregate-client-children-mount.zh.md,3579,a20ad067939f047911c8d490795dc87ae015cd681942712ba07a8f435928172d,local-only/original-project
20260917-开发资料/source/.agents/notes/implemented/bug-fix/2026-09-02-css-module-style-tag-collision.md,4870,408793f4dea3b61e4bb1657e0ed60d975599badf82b7ebcba2f3549897123e10,local-only/original-project
20260917-开发资料/source/.agents/notes/implemented/bug-fix/2026-09-02-css-module-style-tag-collision.zh.md,4409,c02f21376840208db50f1b8d57b79894f8ae7ef43b0db83f736d462b60b9db32,local-only/original-project
20260917-开发资料/source/.agents/notes/implemented/bug-fix/2026-09-03-blue-fantasy-backdrop-filter-perf.i18n.yaml,436,cb32b096003385df3713dfb75e62cf14ee1bfe373b4ea6c1229df780e3a625e6,local-only/original-project
20260917-开发资料/source/.agents/notes/implemented/bug-fix/2026-09-03-blue-fantasy-backdrop-filter-perf.md,1988,a131bd42aa4c812ba4c465c1931723d8d69896f87b834674d7a53bee36b18eb5,local-only/original-project
20260917-开发资料/source/.agents/notes/implemented/bug-fix/2026-09-03-blue-fantasy-backdrop-filter-perf.zh.md,1861,fe2abf2482e134e4ae7b3d55fb2553564b4524e1c6894c18d0a3d485940ff164,local-only/original-project
20260917-开发资料/source/.agents/notes/implemented/bug-fix/2026-09-03-desktop-separate-host-reserved-ports.i18n.yaml,442,2691c18c9d3488bb7e2e1e68a6031c1cec4bd827c8f3c4c89362cdfb173f6416,local-only/original-project
20260917-开发资料/source/.agents/notes/implemented/bug-fix/2026-09-03-desktop-separate-host-reserved-ports.md,4528,e1ba882a3ae50d93337d2f1e960eea376e9f75601836e784f8e56bbb279d0e96,local-only/original-project
20260917-开发资料/source/.agents/notes/implemented/bug-fix/2026-09-03-desktop-separate-host-reserved-ports.zh.md,4245,6146cc2f1babe32432d5bddb31b844932944c8173ee834a04ae9167ec263fb8e,local-only/original-project
20260917-开发资料/source/.agents/notes/implemented/bug-fix/2026-09-03-dsh-annotation-pkg-migration.i18n.yaml,426,e7851a98e7e3c140a38e54545a36e9ffe5d8761a85989481e8aa0f3862249a6e,local-only/original-project
20260917-开发资料/source/.agents/notes/implemented/bug-fix/2026-09-03-dsh-annotation-pkg-migration.md,1359,35c6e389924694b254ab3362aaa1ce5d356518a832a9e694fae6751793e641a1,local-only/original-project
20260917-开发资料/source/.agents/notes/implemented/bug-fix/2026-09-03-dsh-annotation-pkg-migration.zh.md,1263,65e94eb03fc1c9f7e9ca7f28ce983b4c882555e0e5ca5f1a15677a36a67fb28c,local-only/original-project
20260917-开发资料/source/.agents/notes/implemented/bug-fix/2026-09-03-liangshen-session-events-sdk-compat.md,1853,f1a003f3bb47688c7d66e2244c559e620104f8b9700dfe8e49e6240dc54f3a56,local-only/original-project
20260917-开发资料/source/.agents/notes/implemented/bug-fix/2026-09-03-liangshen-session-events-sdk-compat.zh.md,1873,ad61bf9e50eb09a53466c0b0854853dc16ff90175ae6a37c68cbcaae68263c73,local-only/original-project
20260917-开发资料/source/.agents/notes/implemented/bug-fix/2026-09-03-usage-pet-bubble-follows-unprobed-provider.i18n.yaml,454,7a982c9b01b80ec6184d7b140d5ad099a12dca8af7c1b414a00daa842e3410e9,local-only/original-project
20260917-开发资料/source/.agents/notes/implemented/bug-fix/2026-09-03-usage-pet-bubble-follows-unprobed-provider.md,4890,9a88658b51a9c9e791d00cb6d242b7fa11c8575cc92f0ca099fae426e455f0ef,local-only/original-project
20260917-开发资料/source/.agents/notes/implemented/bug-fix/2026-09-03-usage-pet-bubble-follows-unprobed-provider.zh.md,4510,8f98dfd1d018a7a362b48c8c7129817f965498143885b561758731e74139f707,local-only/original-project
20260917-开发资料/source/.agents/notes/implemented/bug-fix/2026-09-04-desktop-child-env-path-normalization.md,2965,849086cdf3028abdb43d4f4437148ed75ec26bd191c96f4fbff2d7a614e2814c,local-only/original-project
20260917-开发资料/source/.agents/notes/implemented/bug-fix/2026-09-04-desktop-child-env-path-normalization.zh.md,2960,58a0b3f5510d10794111634574caff5688f5868630533388e47ed4c57fa6aca8,local-only/original-project
20260917-开发资料/source/.agents/notes/implemented/bug-fix/2026-09-04-desktop-profile-plugin-fallback-healing.md,3213,ba527b596691f3ff7c04d39b96848d9808e54ef89306b70651c7e1d67b6223f3,local-only/original-project
20260917-开发资料/source/.agents/notes/implemented/bug-fix/2026-09-04-desktop-profile-plugin-fallback-healing.zh.md,3252,8ae634c9a9d3767fb8e153c2080352d20b2c90700f648b7e8248680fd1e48864,local-only/original-project
20260917-开发资料/source/.agents/notes/implemented/bug-fix/2026-09-04-market-shell-fast-uri-qs-audit-fix.i18n.yaml,454,c625b2eb463a251f3bea2807551e73317f7a115ba275a899af35787bd113ee13,local-only/original-project
20260917-开发资料/source/.agents/notes/implemented/bug-fix/2026-09-04-market-shell-fast-uri-qs-audit-fix.md,2472,2af631f9acbd427cbae22482db7b029bdb9e8ee0d882e43236661fa7a090b20a,local-only/original-project
20260917-开发资料/source/.agents/notes/implemented/bug-fix/2026-09-04-market-shell-fast-uri-qs-audit-fix.zh.md,2368,f0757849f3b3af95c69c5f9411d48a87c9a8cfb22edd0ed32c77c61c168951df,local-only/original-project
20260917-开发资料/source/.agents/notes/implemented/bug-fix/2026-09-04-multi-issue-landing-1368-1370-1372-1359.i18n.yaml,516,1e5db7c558be26ae7dfa399f53e330640c06785fc942e4a2b24419342a1ce9ed,local-only/original-project
20260917-开发资料/source/.agents/notes/implemented/bug-fix/2026-09-04-multi-issue-landing-1368-1370-1372-1359.md,5298,efd7ad5ef1dbdbec90ca1cf6ddbd2a8e4bd41a58699dfdb9843844b15751ccba,local-only/original-project
20260917-开发资料/source/.agents/notes/implemented/bug-fix/2026-09-04-multi-issue-landing-1368-1370-1372-1359.zh.md,5271,45104390741b324ba39030ebf10b6d62d03249c6969099a7e427cf86440635ba,local-only/original-project
20260917-开发资料/source/.agents/notes/implemented/bug-fix/2026-09-04-pet-asset-runtime-etag-revalidation.i18n.yaml,471,6ef7fa0e96ee95d4a25092d785f140589d36dfb047a0cd83eb14741be6dbc3bf,local-only/original-project
20260917-开发资料/source/.agents/notes/implemented/bug-fix/2026-09-04-pet-asset-runtime-etag-revalidation.md,3077,a4b99c441d0cd28f64be0c82c497b91358047e1a9450da38ec28bd35167224ba,local-only/original-project
20260917-开发资料/source/.agents/notes/implemented/bug-fix/2026-09-04-pet-asset-runtime-etag-revalidation.zh.md,2798,1126d3ff54e4b96a4ed82316be0a0f9ea74d4a1ace2b601f018b8d588d196dd2,local-only/original-project
20260917-开发资料/source/.agents/notes/implemented/bug-fix/2026-09-04-pet-client-session-watch-unsubscribe.i18n.yaml,473,a4875c28fa669d6d44db887a9c44f40e3385aa255a214905af1c0fec4fbd9c89,local-only/original-project
20260917-开发资料/source/.agents/notes/implemented/bug-fix/2026-09-04-pet-client-session-watch-unsubscribe.md,2311,070f371df1963328953f85a0c43d095b80c29348fd2d8775234eab28213218af,local-only/original-project
20260917-开发资料/source/.agents/notes/implemented/bug-fix/2026-09-04-pet-client-session-watch-unsubscribe.zh.md,2013,5a0c132eaceb8adfa379ee69c57d973276577449f8135c03130a3252caf1c4bd,local-only/original-project
20260917-开发资料/source/.agents/notes/implemented/bug-fix/2026-09-04-pet-route-per-request-constants.i18n.yaml,463,a9b46921cfa89a7ca2123f4651b8ceae562f5baa109901ddc028c18cadebaeb2,local-only/original-project
20260917-开发资料/source/.agents/notes/implemented/bug-fix/2026-09-04-pet-route-per-request-constants.md,2850,c7bde5de2281bc835453c691c57622c52310f2bef25eab583d8310fc782dcf41,local-only/original-project
20260917-开发资料/source/.agents/notes/implemented/bug-fix/2026-09-04-pet-route-per-request-constants.zh.md,2515,ea467e177edf02b02a2c8aa11f509dd3f8971459b5010cbb02cba9e6f93ecbbb,local-only/original-project
20260917-开发资料/source/.agents/notes/implemented/bug-fix/2026-09-04-pet-sprite-sequence-timeline-hoist.i18n.yaml,469,d2c5a283db4e5f3bab90f886f969bff0f91de7ae521690872b0ba44ce8da548d,local-only/original-project
20260917-开发资料/source/.agents/notes/implemented/bug-fix/2026-09-04-pet-sprite-sequence-timeline-hoist.md,2977,aa63fc5bacf52bc18b84c3f84729428b9ff7a70a7e678a9294eabb9ea9e37f62,local-only/original-project
20260917-开发资料/source/.agents/notes/implemented/bug-fix/2026-09-04-pet-sprite-sequence-timeline-hoist.zh.md,2475,cda7da238386105836edafdb79ba49a8d8b5ff0c7dc61543a6e0769395ccec65,local-only/original-project
20260917-开发资料/source/.agents/notes/implemented/bug-fix/2026-09-04-pet-store-skip-unchanged-snapshot.i18n.yaml,467,7e4074b929ead62e3e41bd3208586486af196b67dbdc8d27d7318ab5e599a785,local-only/original-project
20260917-开发资料/source/.agents/notes/implemented/bug-fix/2026-09-04-pet-store-skip-unchanged-snapshot.md,2796,f60de6c1535f7455901b1542c55eadbf9e7208534c78c07cabd3ae97547d3651,local-only/original-project
20260917-开发资料/source/.agents/notes/implemented/bug-fix/2026-09-04-pet-store-skip-unchanged-snapshot.zh.md,2417,d519b066d118df34a95b6ec4da203b937f030961d51beba5f808a0eef90523e5,local-only/original-project
20260917-开发资料/source/.agents/notes/implemented/bug-fix/2026-09-04-release-notes-mention-contributors-box.i18n.yaml,462,4139789be60c4945e704f66c786d33cb007df367487b63a8bb7f4bbbb684db3b,local-only/original-project
20260917-开发资料/source/.agents/notes/implemented/bug-fix/2026-09-04-release-notes-mention-contributors-box.md,2275,e624dedd33ae0d03419b4174ede42d5822862560835ce72a70a9e37ae640ac99,local-only/original-project
20260917-开发资料/source/.agents/notes/implemented/bug-fix/2026-09-04-release-notes-mention-contributors-box.zh.md,2151,c6518eb1e1245b9831d56cbfe8db735a869d8be4ca9ba8fe7c68b2e6f0c34a2e,local-only/original-project
20260917-开发资料/source/.agents/notes/implemented/bug-fix/2026-09-04-remote-web-ui-docker-pairing-adaptation.i18n.yaml,448,ca31aa3c2d72d21ff8e397c6d254fd628cb8b6d9c06d355da9e772816ad9340a,local-only/original-project
20260917-开发资料/source/.agents/notes/implemented/bug-fix/2026-09-04-remote-web-ui-docker-pairing-adaptation.md,4962,85349db5ba38d66519b5dabcd053800cb974fdb91e8bdbd781dadcab746e6e21,local-only/original-project
20260917-开发资料/source/.agents/notes/implemented/bug-fix/2026-09-04-remote-web-ui-docker-pairing-adaptation.zh.md,4680,e1e47230771c22a3412819b2ea82010d54a1396feebdc4c09f292352e9dc279b,local-only/original-project
20260917-开发资料/source/.agents/notes/implemented/bug-fix/2026-09-04-web-all-degraded-route-singleton.i18n.yaml,434,cb2ab5f680b1d65bdfef6d02fef640b64e822e32fb31ca4d291603964b91994e,local-only/original-project
20260917-开发资料/source/.agents/notes/implemented/bug-fix/2026-09-04-web-all-degraded-route-singleton.md,2737,b2d2c82014d8b54718b39aa5536b2229411a3a723566962ea84e8bf5acb49da2,local-only/original-project
20260917-开发资料/source/.agents/notes/implemented/bug-fix/2026-09-04-web-all-degraded-route-singleton.zh.md,2514,b8ffff29f7150235a7b28059217ae778a72051a5b8e94c9e25472c83c45dab73,local-only/original-project
20260917-开发资料/source/.agents/notes/implemented/bug-fix/2026-09-05-aggregate-child-mount-boot-wire-shape.i18n.yaml,512,32c52d7162395cd52c6d552859db73bb4ea091a63a3c500fa2610bef9f57e89d,local-only/original-project
20260917-开发资料/source/.agents/notes/implemented/bug-fix/2026-09-05-aggregate-child-mount-boot-wire-shape.md,4074,7197e8f32dea3d394ac2c4a615a8005d71198779e2a2c16bc60b29b8baf185dc,local-only/original-project
20260917-开发资料/source/.agents/notes/implemented/bug-fix/2026-09-05-aggregate-child-mount-boot-wire-shape.zh.md,3833,451ee126969c2214efb082f576ca38a28ae6c3e7c83d3cef76d32a3075260d4f,local-only/original-project
20260917-开发资料/source/.agents/notes/implemented/bug-fix/2026-09-05-desktop-bundled-pnpm-toolchain.i18n.yaml,498,c83198a77c04b0bec86cfa73991b18966c01c3e9cb2927e4f010c158c1259d86,local-only/original-project
20260917-开发资料/source/.agents/notes/implemented/bug-fix/2026-09-05-desktop-bundled-pnpm-toolchain.md,5861,6b61973435d2f0badb2e8d9542377d55078bd35f9d5284c050cc635d7491e808,local-only/original-project
20260917-开发资料/source/.agents/notes/implemented/bug-fix/2026-09-05-desktop-bundled-pnpm-toolchain.zh.md,5457,d3d5cd5af8455217e1d4ca9f4697ea3e9ff6ca3bb44fc3c870782ba5689b211b,local-only/original-project
20260917-开发资料/source/.agents/notes/implemented/bug-fix/2026-09-05-desktop-token-url-lan-suffix.i18n.yaml,426,c31d72f1d84d9305fa0c740b378fe7b9fb1868e01afe464078b9f76b179a6ba6,local-only/original-project
20260917-开发资料/source/.agents/notes/implemented/bug-fix/2026-09-05-desktop-token-url-lan-suffix.md,1400,d4dcda446638aad42d95d95d64895d1496d810c17a275d1c2941c9f6217bde14,local-only/original-project
20260917-开发资料/source/.agents/notes/implemented/bug-fix/2026-09-05-desktop-token-url-lan-suffix.zh.md,1228,2d60e264cb2b91967c26fcefd02f46d41d4e7042197567b95576b5cb112f8f27,local-only/original-project
20260917-开发资料/source/.agents/notes/implemented/bug-fix/2026-09-05-doctor-electron-run-as-node-spawn.i18n.yaml,436,1ac142d36f8d93878968eafee309c13f9bf17bad26285b3a783fe6c303c0dfe7,local-only/original-project
20260917-开发资料/source/.agents/notes/implemented/bug-fix/2026-09-05-doctor-electron-run-as-node-spawn.md,3715,32c06985ebc11734d97c34fb9f1bf6f054270d530fad3e9459cb972d55f5daf6,local-only/original-project
20260917-开发资料/source/.agents/notes/implemented/bug-fix/2026-09-05-doctor-electron-run-as-node-spawn.zh.md,3455,2f644947125eca0724d87b8fa345390011b99b28cb1596e9179e55bac685877c,local-only/original-project
20260917-开发资料/source/.agents/notes/implemented/bug-fix/2026-09-05-remote-web-ui-dynamic-trusted-hosts-bound.i18n.yaml,452,861e8008812f2c6949383b716359d1c243092513c4455687aa59c5e53a4f87ce,local-only/original-project
20260917-开发资料/source/.agents/notes/implemented/bug-fix/2026-09-05-remote-web-ui-dynamic-trusted-hosts-bound.md,3916,3338ae89cb70a715469a93c1f25e2ca393f1ab25adccbe92d7bb3ea0a46e771e,local-only/original-project
20260917-开发资料/source/.agents/notes/implemented/bug-fix/2026-09-05-remote-web-ui-dynamic-trusted-hosts-bound.zh.md,3712,ad00cc26ee580c8009f94da7b746a210e7a3ec49600b18bd00f35d6aaca3893b,local-only/original-project
20260917-开发资料/source/.agents/notes/implemented/bug-fix/2026-09-05-remote-web-ui-loopback-proxy-teardown.i18n.yaml,512,92048f1911d6a6bf59c887f9cfe6522367496414c5ed9641cf3c4a6dd551735a,local-only/original-project
20260917-开发资料/source/.agents/notes/implemented/bug-fix/2026-09-05-remote-web-ui-loopback-proxy-teardown.md,3413,22ca4c6d32b86fc0fb9e13554d449088ebcdacbd5c3c292eb58b67a9db978bc9,local-only/original-project
20260917-开发资料/source/.agents/notes/implemented/bug-fix/2026-09-05-remote-web-ui-loopback-proxy-teardown.zh.md,2921,62d1841b6ec0e6dfa3c78f7f2ed127ee9ae8ad3a8493173eec0759b954818b55,local-only/original-project
20260917-开发资料/source/.agents/notes/implemented/bug-fix/2026-09-05-skin-background-boot-sync-gate.i18n.yaml,430,cd75e10a1ab9cb84d97fc88c45e0eb530c69a0e86b974742b8e301de9f568448,local-only/original-project
20260917-开发资料/source/.agents/notes/implemented/bug-fix/2026-09-05-skin-background-boot-sync-gate.md,3564,c8f55d4ad8727d4f2512a9f23bf2f5f82677787136325bcaea7694d0f3776f3c,local-only/original-project
20260917-开发资料/source/.agents/notes/implemented/bug-fix/2026-09-05-skin-background-boot-sync-gate.zh.md,3309,c595264b4e7916b82569dcbbd1f60f0835068f262a35ab112dc8f87984fc047b,local-only/original-project
20260917-开发资料/source/.agents/notes/implemented/bug-fix/2026-09-06-desktop-cloudflared-arch-coverage.i18n.yaml,436,81f7d77568684867757872e7b86fde3674a2d6e7ef647bce663c0ea82086f116,local-only/original-project
20260917-开发资料/source/.agents/notes/implemented/bug-fix/2026-09-06-desktop-cloudflared-arch-coverage.md,3727,f3ece5dcd8f78fd25dac7f38e3baa3a1e9e25bae1f0c4eb1c8aa92435775e670,local-only/original-project
20260917-开发资料/source/.agents/notes/implemented/bug-fix/2026-09-06-desktop-cloudflared-arch-coverage.zh.md,3369,4b4b31a883ca69d0346c92e0629cc781fa84ba6d813541b9af2f3df8686c3aca,local-only/original-project
20260917-开发资料/source/.agents/notes/implemented/bug-fix/2026-09-06-issues-1389-1390-1381-fixes.i18n.yaml,424,b0dde278727c77830b41270975490b12626909b979179ae217ecb6ee99d055d2,local-only/original-project
20260917-开发资料/source/.agents/notes/implemented/bug-fix/2026-09-06-issues-1389-1390-1381-fixes.md,3625,eec0bb3c01173d74d19e91f6797662910ba30659d75e5ee9b7fcb269f4f07fb2,local-only/original-project
20260917-开发资料/source/.agents/notes/implemented/bug-fix/2026-09-06-issues-1389-1390-1381-fixes.zh.md,3692,8ea8da971316fe81e8c68c5507b18093ccf229ada533c8f91f343f7e7c7a5e4a,local-only/original-project
20260917-开发资料/source/.agents/notes/implemented/bug-fix/2026-09-07-desktop-pnpm-spawn-windows-shell.i18n.yaml,434,3fa69a2604d2e7866862d1d1ade2914d3a46b8df1c206fd8e8e88397758740ed,local-only/original-project
20260917-开发资料/source/.agents/notes/implemented/bug-fix/2026-09-07-desktop-pnpm-spawn-windows-shell.md,2339,30173212c9589679243c297e676f725180c55b63bb732fecf9d339969679abee,local-only/original-project
20260917-开发资料/source/.agents/notes/implemented/bug-fix/2026-09-07-desktop-pnpm-spawn-windows-shell.zh.md,2102,2340bd241107b2f5fbd10a2a19c4fc56d4d750cb3c5f137f8a4a3990cbdd2201,local-only/original-project
20260917-开发资料/source/.agents/notes/implemented/bug-fix/2026-09-07-desktop-tar-windows-bsdtar.i18n.yaml,422,3cd37d8af2e637dae9dc355877502918f89cc8aa1e305feaae7ffbc814a941a4,local-only/original-project
20260917-开发资料/source/.agents/notes/implemented/bug-fix/2026-09-07-desktop-tar-windows-bsdtar.md,2731,a1e7914ca647f367101c0648477b8f03b862304f801c6dccf6d9c6cce8a66289,local-only/original-project
20260917-开发资料/source/.agents/notes/implemented/bug-fix/2026-09-07-desktop-tar-windows-bsdtar.zh.md,2718,e3ab53ff76c5c221c4e7db9bbfa570d00138b2e560b2c729d855b676083ee76b,local-only/original-project
20260917-开发资料/source/.agents/notes/implemented/bug-fix/2026-09-07-maid-composer-lexical-input-color.md,1683,e1183003771aee41f09576bcf517390d752823603fa8fe429fa6262f56ddfad8,local-only/original-project
20260917-开发资料/source/.agents/notes/implemented/bug-fix/2026-09-07-maid-composer-lexical-input-color.zh.md,1716,071d7d3135ae5e76b074c43c55bdd3ff7749773617c81f1f1ed01d1af24a0ec5,local-only/original-project
20260917-开发资料/source/.agents/notes/implemented/bug-fix/2026-09-07-session-archive-modal-containment-and-escape-isolation.md,2092,23184d5bd21e4b6a42d3f2ba589e0607c32b903583a8b19aa8369c6a74383a1b,local-only/original-project
20260917-开发资料/source/.agents/notes/implemented/bug-fix/2026-09-07-session-archive-modal-containment-and-escape-isolation.zh.md,2077,f85a77b6cdc167349e908132f0343db1f9abf75185e5c6f61acae755d4574587,local-only/original-project
20260917-开发资料/source/.agents/notes/implemented/bug-fix/2026-09-07-telemetry-view-wildcard-capture-forward.i18n.yaml,448,8bc50c6014b3caf4ad193e3983254a4319d5c6077560630d2bb77b5332eb8aee,local-only/original-project
20260917-开发资料/source/.agents/notes/implemented/bug-fix/2026-09-07-telemetry-view-wildcard-capture-forward.md,4733,a5132a4a286644350480e05894144ab9ec5f1aede5969edfecf7c88deb64e3ee,local-only/original-project
20260917-开发资料/source/.agents/notes/implemented/bug-fix/2026-09-07-telemetry-view-wildcard-capture-forward.zh.md,4165,9df7fd6f14e2a126a4340b0372d11647203eb58c045eabbcc99d6d6ee754797a,local-only/original-project
20260917-开发资料/source/.agents/notes/implemented/bug-fix/2026-09-08-readme-retired-plugin-cleanup.i18n.yaml,428,37ccf869e03aa95c6de3ccf854b9cb8b1ffb0d1c9a2486a00b1ae8a5cc870cdd,local-only/original-project
20260917-开发资料/source/.agents/notes/implemented/bug-fix/2026-09-08-readme-retired-plugin-cleanup.md,5141,799bd786a76dc3b540f4c3d396d0d81cafb4a9da9887b09708acfaea416543d3,local-only/original-project
20260917-开发资料/source/.agents/notes/implemented/bug-fix/2026-09-08-readme-retired-plugin-cleanup.zh.md,4655,f8f438eea855106420403b334e53730de6abbecda4d698e728b452e754e0332a,local-only/original-project
20260917-开发资料/source/.agents/notes/implemented/bug-fix/2026-09-08-ssh-cluster-mandatory-target-selector.md,2799,a25a778dba26e4657397c8ef03a6af7c652fc0eed58b6420708abfef5b183b87,local-only/original-project
20260917-开发资料/source/.agents/notes/implemented/bug-fix/2026-09-08-ssh-cluster-mandatory-target-selector.zh.md,2868,d1d2b8877afc1cb3f32a01367d550a6b23e981c8a4eda69468d14ca1db83ee6a,local-only/original-project
20260917-开发资料/source/.agents/notes/implemented/bug-fix/2026-09-08-windows-update-encoding-and-enospc-guard.i18n.yaml,450,70a3d711326dda591a884c5cbe5c1ea5d7febd68ff161d4fe663796e15448c09,local-only/original-project
20260917-开发资料/source/.agents/notes/implemented/bug-fix/2026-09-08-windows-update-encoding-and-enospc-guard.md,3615,c9ce61a77a2d790c76e11e5594ff6e447a3ef744082c53d4a36b32a993b47916,local-only/original-project
20260917-开发资料/source/.agents/notes/implemented/bug-fix/2026-09-08-windows-update-encoding-and-enospc-guard.zh.md,3456,fea13341fd1fd4a62b99f2ac45fb50edd0b71acea149cdbfac49dc850961f608,local-only/original-project
20260917-开发资料/source/.agents/notes/implemented/bug-fix/2026-09-09-doctor-capsule-windows-spawn-and-named-tunnel-flags.i18n.yaml,472,49677bdf8947da0401315ab8c63a06c79f4cd58da36939853675e15bfcac60e3,local-only/original-project
20260917-开发资料/source/.agents/notes/implemented/bug-fix/2026-09-09-doctor-capsule-windows-spawn-and-named-tunnel-flags.md,2119,680ff19abb7e6a16be187b97957e3f38ae336383e3d64fd6e9616dc8a7b7629d,local-only/original-project
20260917-开发资料/source/.agents/notes/implemented/bug-fix/2026-09-09-doctor-capsule-windows-spawn-and-named-tunnel-flags.zh.md,2168,51b72388e82c684c47d16f69e47f97666419d5962cb45b364fab0fd0aef13be5,local-only/original-project
20260917-开发资料/source/.agents/notes/implemented/bug-fix/2026-09-09-mobile-remote-tap-and-adaptation-fixes.i18n.yaml,446,c9b2c55726a19e0c5a5006efaa0cce312f5e06fc6ecf9115b1b19cf70a20c44c,local-only/original-project
20260917-开发资料/source/.agents/notes/implemented/bug-fix/2026-09-09-mobile-remote-tap-and-adaptation-fixes.md,13442,731946537013c811399ac359c68e796eabea6868b3d52dee949571357d480dd4,local-only/original-project
20260917-开发资料/source/.agents/notes/implemented/bug-fix/2026-09-09-mobile-remote-tap-and-adaptation-fixes.zh.md,12395,774a3ae59362984c19e1214d31437238685b7bb5bca47110e4c0837a4f89870e,local-only/original-project
20260917-开发资料/source/.agents/notes/implemented/bug-fix/2026-09-09-pairing-entry-navigation-fence.i18n.yaml,430,bf716da0aa8863445a6dd8ced3b5a66a910686879f4e22a7164e330ddf691d20,local-only/original-project
20260917-开发资料/source/.agents/notes/implemented/bug-fix/2026-09-09-pairing-entry-navigation-fence.md,4714,2ca0d1ed6333069fa52e5ca4826e48f0c7b2e9149ed4ab734176098ec99bfc3a,local-only/original-project
20260917-开发资料/source/.agents/notes/implemented/bug-fix/2026-09-09-pairing-entry-navigation-fence.zh.md,4502,f690bf747dc8cb85818fb98c482687d7068dfd514215ee8d474d008435808441,local-only/original-project
20260917-开发资料/source/.agents/notes/implemented/bug-fix/2026-09-10-deepseek-v41-flash-price-book.i18n.yaml,428,0af4620fc19af20fc8bf728174055312a11de6acebbbddb62c04413a2b099e24,local-only/original-project
20260917-开发资料/source/.agents/notes/implemented/bug-fix/2026-09-10-deepseek-v41-flash-price-book.md,5060,96f07e1f2e1b4a43b2b6b5ea3f8e57716c88591400823409bc182036d7055970,local-only/original-project
20260917-开发资料/source/.agents/notes/implemented/bug-fix/2026-09-10-deepseek-v41-flash-price-book.zh.md,4738,55a7f44b1c2f6c502dc59864a81db10aa9ffbfcf3b78c31a72313e6f7ffa8626,local-only/original-project
20260917-开发资料/source/.agents/notes/implemented/bug-fix/2026-09-10-orca-link-brand-new-session-click.i18n.yaml,436,3db36866307721993c0ff98fff0fc841349c6053e7c7c0666a2497f34cc68a5b,local-only/original-project
20260917-开发资料/source/.agents/notes/implemented/bug-fix/2026-09-10-orca-link-brand-new-session-click.md,3732,2aee7024428bb8143296e47d2272d650d3312d1611d0909f54a83cdac20bd746,local-only/original-project
20260917-开发资料/source/.agents/notes/implemented/bug-fix/2026-09-10-orca-link-brand-new-session-click.zh.md,3339,be96aeffbd0c99e75f081562e80f5a764a7c6d83d71ba41a5e79f4632ffc5d12,local-only/original-project
20260917-开发资料/source/.agents/notes/implemented/bug-fix/2026-09-10-pet-frames2d-fetch-storm.i18n.yaml,418,67a95ec834165df07148da6856751701351205425a57cd1726b33c5c9e78acc0,local-only/original-project
20260917-开发资料/source/.agents/notes/implemented/bug-fix/2026-09-10-pet-frames2d-fetch-storm.md,4182,4aec2078eb2123a5b6989ebcc57848f81dfaea9ab63f074a691e9c9137d2847c,local-only/original-project
20260917-开发资料/source/.agents/notes/implemented/bug-fix/2026-09-10-pet-frames2d-fetch-storm.zh.md,3779,031502eaef96c13b4071299f91c99e6dfa68a53297e71b6b2eae3687b583c8e0,local-only/original-project
20260917-开发资料/source/.agents/notes/implemented/bug-fix/2026-09-10-plugin-manager-effective-enablement.i18n.yaml,440,431b82dd7cbef19d36b99df13c1840aec47c3ef2244c1f37f738b12c69db540c,local-only/original-project
20260917-开发资料/source/.agents/notes/implemented/bug-fix/2026-09-10-plugin-manager-effective-enablement.md,4177,14286d35bdbf53ca87accea685665278de2917c35d5022b868fcc4f31354d68a,local-only/original-project
20260917-开发资料/source/.agents/notes/implemented/bug-fix/2026-09-10-plugin-manager-effective-enablement.zh.md,3705,4eab6338d5f9ccefd4a8733640bb493862fbd6eecfc8e0e00814379a72a63a8e,local-only/original-project
20260917-开发资料/source/.agents/notes/implemented/bug-fix/2026-09-10-preset-schema-and-message-source.i18n.yaml,434,ef94d038b05b871cab567c68ac9336cdf826c9b31865d661521becb3d5c54f39,local-only/original-project
20260917-开发资料/source/.agents/notes/implemented/bug-fix/2026-09-10-preset-schema-and-message-source.md,4271,d07ca42ef3eeabf813812b687a3edc9bb29115e6ecb1ead0bce929127b0f278a,local-only/original-project
20260917-开发资料/source/.agents/notes/implemented/bug-fix/2026-09-10-preset-schema-and-message-source.zh.md,3868,5e286f4bb0851827c06a47471e46c15e0acc747cd1154155dfaae20224736096,local-only/original-project
20260917-开发资料/source/.agents/notes/implemented/bug-fix/2026-09-10-preset-write-endpoints.i18n.yaml,414,774a9725646465c55f0d23fde17212e6215f9a3aa8c6f4e6c8fe57e97b768b96,local-only/original-project
20260917-开发资料/source/.agents/notes/implemented/bug-fix/2026-09-10-preset-write-endpoints.md,4480,09dd7cb75e7f6f50a94812debb848ea436f9862fc7f3513034c3b6321b1f7d4f,local-only/original-project
20260917-开发资料/source/.agents/notes/implemented/bug-fix/2026-09-10-preset-write-endpoints.zh.md,4041,61be2c0cb492928e3024d7a8313e7bc8407c0ed25aa3a5ec0a961db697a23cc9,local-only/original-project
20260917-开发资料/source/.agents/notes/implemented/bug-fix/2026-09-10-root-alias-exact-aggregate-pin.i18n.yaml,430,c4cc5b027d97dd7e05849f67db6b6c77172d53d9f6e39be32ce97c4cea272da5,local-only/original-project
20260917-开发资料/source/.agents/notes/implemented/bug-fix/2026-09-10-root-alias-exact-aggregate-pin.md,3515,078b39b7191fe1d3c67c3d9c8a355201edd48f092b6fc40a32a7cf741ad813a4,local-only/original-project
20260917-开发资料/source/.agents/notes/implemented/bug-fix/2026-09-10-root-alias-exact-aggregate-pin.zh.md,3182,9baf23a0f55fae11c9cc98f8945978f284f701e0585dc6993d511c3bfab86e7e,local-only/original-project
20260917-开发资料/source/.agents/notes/implemented/bug-fix/2026-09-10-scene-resource-url-encoding.i18n.yaml,424,aa7b35c3ee0fd8cc26f47a9224d5dc964b72bef85a5205b2bc53dda606a5b705,local-only/original-project
20260917-开发资料/source/.agents/notes/implemented/bug-fix/2026-09-10-scene-resource-url-encoding.md,3654,976306f5c3f6f6408e1e094f666cf762b0e2554c1394fb6563470e594c6dd229,local-only/original-project
20260917-开发资料/source/.agents/notes/implemented/bug-fix/2026-09-10-scene-resource-url-encoding.zh.md,3329,701b31a994493615cca4eb862907e0f8c427d4f550bc14180218217803968dc4,local-only/original-project
20260917-开发资料/source/.agents/notes/implemented/bug-fix/2026-09-10-task-board-archive-non-running.i18n.yaml,430,02c540c0a7a5f89e0e453b8da0bb7dbedf45c42ed3f0b707131343b4fec67d10,local-only/original-project
20260917-开发资料/source/.agents/notes/implemented/bug-fix/2026-09-10-task-board-archive-non-running.md,3131,e10b9c52e48111e3d20b3e1143042bccb6d8b7abf750f3009f9bf136c88ad3bf,local-only/original-project
20260917-开发资料/source/.agents/notes/implemented/bug-fix/2026-09-10-task-board-archive-non-running.zh.md,2849,2f36e64c0eae679240a92cf8ed1abc5f2d265b5db5fb7df62488b8c65c5a876f,local-only/original-project
20260917-开发资料/source/.agents/notes/implemented/bug-fix/2026-09-11-combined-plugin-mutation-cost.i18n.yaml,227,98273ffb7970a1e93aeff8cbca427e6449d8dec4ac753a7c6ed236b021818d9c,local-only/original-project
20260917-开发资料/source/.agents/notes/implemented/bug-fix/2026-09-11-combined-plugin-mutation-cost.md,10552,c0c58dc771a9f85805330a2e877bc9a8ad1f473263f83ce313f5bdc5e763aa50,local-only/original-project
20260917-开发资料/source/.agents/notes/implemented/bug-fix/2026-09-11-combined-plugin-mutation-cost.zh.md,9763,17e385d3fb551dfbde8cb1900853d3bec550130579c26ce39c0c0dad60b4ca4b,local-only/original-project
20260917-开发资料/source/.agents/notes/implemented/bug-fix/2026-09-11-desktop-second-instance-destroy-and-maid-atelier-top-trim.md,2822,5d45755b0443c2fea47b17da68b5288ce1b6f101f229e8a323df628e6041497b,local-only/original-project
20260917-开发资料/source/.agents/notes/implemented/bug-fix/2026-09-11-desktop-second-instance-destroy-and-maid-atelier-top-trim.zh.md,2954,3ee3a40cb3b11481d9d81c8192e34798f8e4dae70a1636f50b2ccbf5eb8b3ccd,local-only/original-project
20260917-开发资料/source/.agents/notes/implemented/bug-fix/2026-09-11-pet-frame-library-warm-pass.i18n.yaml,424,87fd604a01bf165f3b77fd74bb7ef110f388e8147dbfd5791ccf4b4d6ff5bbc8,local-only/original-project
20260917-开发资料/source/.agents/notes/implemented/bug-fix/2026-09-11-pet-frame-library-warm-pass.md,5865,300b18e7f7c0655e9c5de84ba8a430a4d5728fc4a1a3ad07944761f238649936,local-only/original-project
20260917-开发资料/source/.agents/notes/implemented/bug-fix/2026-09-11-pet-frame-library-warm-pass.zh.md,5499,9e9e1682e066b949bd203fe0f0018ed59a7328adc672427c7e84d438f8a554f9,local-only/original-project
20260917-开发资料/source/.agents/notes/implemented/bug-fix/2026-09-11-skin-visual-defects-and-misalignment-fixes.md,3999,a5136932c891cfb2ceb883ec6fb09901ef93148b6cd6798e0e7ee885372f0143,local-only/original-project
20260917-开发资料/source/.agents/notes/implemented/bug-fix/2026-09-11-skin-visual-defects-and-misalignment-fixes.zh.md,3669,49315365f80e6a27bf68dd2b40112c0d5130cb0edde48b06b9af54366fc06a3f,local-only/original-project
20260917-开发资料/source/.agents/notes/implemented/bug-fix/2026-09-11-ssh-proxy-command-stdin-epipe.md,2663,9edea0f1b762deaac3fd3c4fc2e87f3bf378d3bab552eb8e778bd7a77176c30a,local-only/original-project
20260917-开发资料/source/.agents/notes/implemented/bug-fix/2026-09-11-ssh-proxy-command-stdin-epipe.zh.md,2753,a875f6a781728f804a9ca7204a79741ae2102a7bd5a9121ab5b731042da11a20,local-only/original-project
20260917-开发资料/source/.agents/notes/implemented/bug-fix/2026-09-11-taskboard-model-inject-pet-carry-and-preset-semver.md,3305,1d3194e188507333eff97201c03e4de47c1fba88495de34e28644e72f0920ae2,local-only/original-project
20260917-开发资料/source/.agents/notes/implemented/bug-fix/2026-09-11-taskboard-model-inject-pet-carry-and-preset-semver.zh.md,3588,6028265a7eb2cfabdb47a99b4fc2933f9d0dfc4bdeec529d530244097ee24283,local-only/original-project
20260917-开发资料/source/.agents/notes/implemented/bug-fix/2026-09-12-chatgpt-subscription-remote-session-inject.i18n.yaml,454,a4c739d2b52b5e43939ee1dba7f8d7a080fd8518cac828b7d938f6641e0d07b6,local-only/original-project
20260917-开发资料/source/.agents/notes/implemented/bug-fix/2026-09-12-chatgpt-subscription-remote-session-inject.md,4519,b8198268f96d22f427db65a7d442d70951b14663f0b783ca53109f74ee1e34e1,local-only/original-project
20260917-开发资料/source/.agents/notes/implemented/bug-fix/2026-09-12-chatgpt-subscription-remote-session-inject.zh.md,4201,166ab8a1920f1ec057b37723939c2da79367a5e13f62b3f526a9fed09c1d055f,local-only/original-project
20260917-开发资料/source/.agents/notes/implemented/bug-fix/2026-09-12-cron-step-git-octal-and-key-fixes.i18n.yaml,436,3cdd2f485ce98b93b0ea222c36e308207604088e2f47037ec721b4ebd832b287,local-only/original-project
20260917-开发资料/source/.agents/notes/implemented/bug-fix/2026-09-12-cron-step-git-octal-and-key-fixes.md,3519,de10db1a8d7406248b4e7cb961f75c5a3c990576a54d777be06756837378245d,local-only/original-project
20260917-开发资料/source/.agents/notes/implemented/bug-fix/2026-09-12-cron-step-git-octal-and-key-fixes.zh.md,3282,44fe1ba974dd6920db0be3a0b3ab93235e0543e31b54161174fa04babe9b64d9,local-only/original-project
20260917-开发资料/source/.agents/notes/implemented/bug-fix/2026-09-12-maid-atelier-desktop-rendering.i18n.yaml,430,355e9b2ab8924a620adc6d9fa523a3032f5a29cf4a29e249734346cb298659ca,local-only/original-project
20260917-开发资料/source/.agents/notes/implemented/bug-fix/2026-09-12-maid-atelier-desktop-rendering.md,5999,ee35c6c91fa950fbbf2285a3ec90aa338ed5e3cf5e90e79720424c04abe57766,local-only/original-project
20260917-开发资料/source/.agents/notes/implemented/bug-fix/2026-09-12-maid-atelier-desktop-rendering.zh.md,5379,62512b6c87a090c26a4f4cfd448b1c6f269f0c821576f3694a7eb985c98f13b0,local-only/original-project
20260917-开发资料/source/.agents/notes/implemented/bug-fix/2026-09-12-pet-work-tick-window-and-late-result.i18n.yaml,442,52aa0aa6c9e0ecd962e2e3918d850aae87ba90d3506e16b2ce0f2a845555409a,local-only/original-project
20260917-开发资料/source/.agents/notes/implemented/bug-fix/2026-09-12-pet-work-tick-window-and-late-result.md,3287,a7a967f7024b183c51d251bdda3acfd2e85bb69430622cec18c0c4eed522064e,local-only/original-project
20260917-开发资料/source/.agents/notes/implemented/bug-fix/2026-09-12-pet-work-tick-window-and-late-result.zh.md,2967,ad3fa23f8d14588f225a79e38f1121fff899d4dada4487552b0963978be6977c,local-only/original-project
20260917-开发资料/source/.agents/notes/implemented/bug-fix/2026-09-12-plugin-composition-idle-resources.i18n.yaml,235,8cc2d99b5bd4ddf5a794a77aaa1ba4e7ba8bd98d0d0c667999ed619e702d81b7,local-only/original-project
20260917-开发资料/source/.agents/notes/implemented/bug-fix/2026-09-12-plugin-composition-idle-resources.md,8236,3284bf4107a09ecaaf41f993fbde487dd185caab404693cf07c174df2a0561c9,local-only/original-project
20260917-开发资料/source/.agents/notes/implemented/bug-fix/2026-09-12-plugin-composition-idle-resources.zh.md,7150,cc7be5d42c4b5a43fbfe6d22cbb04e3587b03f0b389b20d194573da69d0c308b,local-only/original-project
20260917-开发资料/source/.agents/notes/implemented/bug-fix/2026-09-12-skin-center-dark-badge-scope.i18n.yaml,426,9bf8925e4e8c552a3a25fc910e0b74fd1c8f023e2508325df1e07887030a00f0,local-only/original-project
20260917-开发资料/source/.agents/notes/implemented/bug-fix/2026-09-12-skin-center-dark-badge-scope.md,2719,a3b2760b13cc8f85f559f3b592e5385ab87e14fb44729e554d7847a2be4f1b1f,local-only/original-project
20260917-开发资料/source/.agents/notes/implemented/bug-fix/2026-09-12-skin-center-dark-badge-scope.zh.md,2593,393d6a1194962f99560e1f0e2683fecaf67b2be9dbd92fa816a55fc5ca903d72,local-only/original-project
20260917-开发资料/source/.agents/notes/implemented/bug-fix/2026-09-12-usage-disabled-state-and-error-recovery.i18n.yaml,448,9f236af3a805156527d719f07b832a7f48e55ffa308465bc7f458c530b03a3fb,local-only/original-project
20260917-开发资料/source/.agents/notes/implemented/bug-fix/2026-09-12-usage-disabled-state-and-error-recovery.md,3028,374d2f4ca6faf37e781a0f26439e533ffe5f850c880721ed850041f1ab485147,local-only/original-project
20260917-开发资料/source/.agents/notes/implemented/bug-fix/2026-09-12-usage-disabled-state-and-error-recovery.zh.md,2765,d1191449f004f69066134467ef747e8a6f9acab857099e9865b7e1d762eaa288,local-only/original-project
20260917-开发资料/source/.agents/notes/implemented/bug-fix/2026-09-13-issue-batch-verified-fixes.i18n.yaml,422,16757b5efff61acefe9bf5caee525d1ba2b1245ff61682ce3e62056d5730e592,local-only/original-project
20260917-开发资料/source/.agents/notes/implemented/bug-fix/2026-09-13-issue-batch-verified-fixes.md,6443,9950753ec2984ccbb479aeb76da98379492d19b016390e8d8d7b872d4e673f5b,local-only/original-project
20260917-开发资料/source/.agents/notes/implemented/bug-fix/2026-09-13-issue-batch-verified-fixes.zh.md,5942,830a613cf5954f4042480422193217c2e4fe0053ca081125913738cdb2105850,local-only/original-project
20260917-开发资料/source/.agents/notes/implemented/bug-fix/2026-09-13-remote-web-ui-tunnel-reconnect-trust.i18n.yaml,258,386cdfedc9fdcfccc19bd9a419ee44d8e80ec782a83a78a3f43a7c4e6a847800,local-only/original-project
20260917-开发资料/source/.agents/notes/implemented/bug-fix/2026-09-13-remote-web-ui-tunnel-reconnect-trust.md,3368,bb01d6c34665d6e0a3c638e711a53c9d0ecdb0a4e4c62c32f881ea6558973a18,local-only/original-project
20260917-开发资料/source/.agents/notes/implemented/bug-fix/2026-09-13-remote-web-ui-tunnel-reconnect-trust.zh.md,3027,5cda1933a03883ba7aa0543bd3024326013bccb84e2aa029955734df063d9967,local-only/original-project
20260917-开发资料/source/.agents/notes/implemented/bug-fix/2026-09-13-task-board-host-failure-diagnostics.i18n.yaml,256,9594a8940028c0ac743f9208a07dafe72bf69edbef1e48253a3d654fc101d9a8,local-only/original-project
20260917-开发资料/source/.agents/notes/implemented/bug-fix/2026-09-13-task-board-host-failure-diagnostics.md,2650,d1ec18aadef4393c95ba44d4d520cdd14ed20dc444cf1822cad94004b9787e26,local-only/original-project
20260917-开发资料/source/.agents/notes/implemented/bug-fix/2026-09-13-task-board-host-failure-diagnostics.zh.md,2594,b526d425d33214a1144becb744fca21bbf7643c5c5e8190f200d4e9b9519b294,local-only/original-project
20260917-开发资料/source/.agents/notes/implemented/bug-fix/2026-09-15-blue-fantasy-plates-and-dock-surfaces.i18n.yaml,444,75c203cd220ba6ab1a438fad21afff913d67ac497190c4fda2e1d6ccb1b76ae5,local-only/original-project
20260917-开发资料/source/.agents/notes/implemented/bug-fix/2026-09-15-blue-fantasy-plates-and-dock-surfaces.md,8090,7b40d1f1aada48f32f53f05e6962d42861ed5612db069c2a3eef5ef7ed31ca65,local-only/original-project
20260917-开发资料/source/.agents/notes/implemented/bug-fix/2026-09-15-blue-fantasy-plates-and-dock-surfaces.zh.md,7350,356d6558316d79e9fbb6f743ba87715f0b5b55e83f1be8309779196c72c16967,local-only/original-project
20260917-开发资料/source/.agents/notes/implemented/bug-fix/2026-09-16-telemetry-aux-degradation-and-rollup-freshness.i18n.yaml,209,21ab6b9c1774ca269bf521fc6eb673e3b8e35921805df1b0b9d6ff99690cb1ac,local-only/original-project
20260917-开发资料/source/.agents/notes/implemented/bug-fix/2026-09-16-telemetry-aux-degradation-and-rollup-freshness.md,4530,f4549042fd72d5c2612fe18a166ed689463a3abcde896ce77a073d392dbc6cf7,local-only/original-project
20260917-开发资料/source/.agents/notes/implemented/bug-fix/2026-09-16-telemetry-aux-degradation-and-rollup-freshness.zh.md,4187,bb930594d852aea01370717169f1faf8f4d525b13e0ab5e47bc8099e05f7beb6,local-only/original-project
20260917-开发资料/source/.agents/notes/implemented/feature/2026-08-19-refined-whale-registry.i18n.yaml,414,2d0ad0bfd8b69afa09b1da0d5301903eca6d9de3caadb92295b12751f56669b3,local-only/original-project
20260917-开发资料/source/.agents/notes/implemented/feature/2026-08-19-refined-whale-registry.md,1197,6be62f92770750d14924f887083655649a294be3ceeb17ad38d0ec6ce9a35dda,local-only/original-project
20260917-开发资料/source/.agents/notes/implemented/feature/2026-08-19-refined-whale-registry.zh.md,1119,713546090965639f22df09c7d298c83eac674574336b17b787da9e5e3f69e189,local-only/original-project
20260917-开发资料/source/.agents/notes/implemented/feature/2026-08-24-anonymous-install-telemetry.i18n.yaml,424,6f3b955669f6b0ea89c0e101eb7c0792f69f27d9bda9f06f78ba0daada617352,local-only/original-project
20260917-开发资料/source/.agents/notes/implemented/feature/2026-08-24-anonymous-install-telemetry.md,2935,d7f778428437764b54b5fd662ecf7d9bf72091a132a69861a4e847873a49d118,local-only/original-project
20260917-开发资料/source/.agents/notes/implemented/feature/2026-08-24-anonymous-install-telemetry.zh.md,2574,74d48c1d2adbcbd871d693345771ed8cd97e892aa44bd1ed4a3c9c70833c51ee,local-only/original-project
20260917-开发资料/source/.agents/notes/implemented/feature/2026-08-24-automatic-legacy-aggregate-migration.i18n.yaml,442,4ea25010066d4f395ee6f40aff1b49e4c776a9067b446525d1fd08337f463c87,local-only/original-project
20260917-开发资料/source/.agents/notes/implemented/feature/2026-08-24-automatic-legacy-aggregate-migration.md,4098,e45c8f1aae524b066af65a6c00bb972097224c93828702f9c3fb15c9fd857691,local-only/original-project
20260917-开发资料/source/.agents/notes/implemented/feature/2026-08-24-automatic-legacy-aggregate-migration.zh.md,3275,7d16ea04f4970e6ac2493c43e38c963c6d7ebb3feaf009eada5131e35e958b02,local-only/original-project
20260917-开发资料/source/.agents/notes/implemented/feature/2026-08-24-claim-provenance-wrap.i18n.yaml,159,5943d771f94589e9438a2cc1896b8cbe648672bd963e7b82fd72e1ff94a1c098,local-only/original-project
20260917-开发资料/source/.agents/notes/implemented/feature/2026-08-24-claim-provenance-wrap.md,4896,b855d5268760402a24e7a528e707c37b9cb0403260d32f0c10a0a8bf37e107c2,local-only/original-project
20260917-开发资料/source/.agents/notes/implemented/feature/2026-08-24-claim-provenance-wrap.zh.md,4211,03adc637fc028d0cb5edecbd35183b5bd1077b13d419e88ddff771f6b7ecea3b,local-only/original-project
20260917-开发资料/source/.agents/notes/implemented/feature/2026-08-24-community-context-plugin.i18n.yaml,418,b9052338975cc639d1f12ccfa031f596d67856193e88681f7958d9406f6b78bb,local-only/original-project
20260917-开发资料/source/.agents/notes/implemented/feature/2026-08-24-community-context-plugin.md,2115,3298c7cbefd345a49d6921d1f81c3e7a7d8c28b924382cd50fe58edd6a557a64,local-only/original-project
20260917-开发资料/source/.agents/notes/implemented/feature/2026-08-24-community-context-plugin.zh.md,1855,d9292997974b7ba76144ea8530f405e380d4325cd49917706cb202d86966e6df,local-only/original-project
20260917-开发资料/source/.agents/notes/implemented/feature/2026-08-24-continuation-card-data-plane.i18n.yaml,173,604d40d5662df74a04b8c8f0c5a53cb261f16199778697fdd48fdd7b4524f5fc,local-only/original-project
20260917-开发资料/source/.agents/notes/implemented/feature/2026-08-24-continuation-card-data-plane.md,3525,1ef1083508586a87536dead1036458789049a515b44f62210c1878fb5f1709f6,local-only/original-project
20260917-开发资料/source/.agents/notes/implemented/feature/2026-08-24-continuation-card-data-plane.zh.md,3139,d8bcc270e8af3de5b6aa8bc46226984c1c91d9afc846451d77b0bf748ca5fe32,local-only/original-project
20260917-开发资料/source/.agents/notes/implemented/feature/2026-08-24-freeze-snapshot-parser.i18n.yaml,414,8f30790f45ac83c2365d4e509f0a77caf78117318a11a19c4eb24f7ff1fbeea2,local-only/original-project
20260917-开发资料/source/.agents/notes/implemented/feature/2026-08-24-freeze-snapshot-parser.md,3575,99faf2714c2b6d527e985a995093cd7ed36190558920e4ee8cfe11fd2d1f983f,local-only/original-project
20260917-开发资料/source/.agents/notes/implemented/feature/2026-08-24-freeze-snapshot-parser.zh.md,3213,f99cb477a14e4f75af6f4b47f49aa290188c981dcbce55a2cb04859a53a938e1,local-only/original-project
20260917-开发资料/source/.agents/notes/implemented/feature/2026-08-24-handover-confirmation-gate.i18n.yaml,169,f4e6a297b63fb2cc77bf589faece0c85d7829b00b9084476e86bd08ea181524f,local-only/original-project
20260917-开发资料/source/.agents/notes/implemented/feature/2026-08-24-handover-confirmation-gate.md,4586,31e0821309398a8cb18e4bcd5901889449cc9b9f6b2485e0df227287505c1a17,local-only/original-project
20260917-开发资料/source/.agents/notes/implemented/feature/2026-08-24-handover-confirmation-gate.zh.md,4080,1c28bb3e10de52f5232775a2e6c394bd65f660175de4630c93a62acec2ede3c2,local-only/original-project
20260917-开发资料/source/.agents/notes/implemented/feature/2026-08-24-ledger-schema-v3-migration.md,2327,c57c2d205fe0ecc4a3827ccd0d64b83c6d481978cc0bc2d5dc1c0af12689fd93,local-only/original-project
20260917-开发资料/source/.agents/notes/implemented/feature/2026-08-24-market-github-source-links.i18n.yaml,422,ddfddb5d3a8b0c8f7e4a5923e8e23b9cba368599ffb40148cfd9b0da92d00c57,local-only/original-project
20260917-开发资料/source/.agents/notes/implemented/feature/2026-08-24-market-github-source-links.md,4429,3b9309f5fbbe3c28df224d53a4e9c3ae2d314222bf99920ef105323dcaee4d31,local-only/original-project
20260917-开发资料/source/.agents/notes/implemented/feature/2026-08-24-market-github-source-links.zh.md,4067,86ded84ddacaad684bf1a8f4b77c397dbb23ab3a007de100fea9a9dbfef09d33,local-only/original-project
20260917-开发资料/source/.agents/notes/implemented/feature/2026-08-24-npm-badge-endpoint.i18n.yaml,406,f430253e5beb3976ed42262234339394cc758ce06bedb4bbca872220b69c2aa9,local-only/original-project
20260917-开发资料/source/.agents/notes/implemented/feature/2026-08-24-npm-badge-endpoint.md,5153,63f37d18a5f48777d6022607becfe5134d87efb85cb9bf8d88f18f292483ff40,local-only/original-project
20260917-开发资料/source/.agents/notes/implemented/feature/2026-08-24-npm-badge-endpoint.zh.md,4541,36fceea4e4689bb00bcefcb97257fa9ddbe488c54d7b328d783c5fbc027041b6,local-only/original-project
20260917-开发资料/source/.agents/notes/implemented/feature/2026-08-24-review-hardening.i18n.yaml,149,6f811c6b2a4962d28508c4e78e1448aee5c1da3d6648ea7d7dc270b72f888104,local-only/original-project
20260917-开发资料/source/.agents/notes/implemented/feature/2026-08-24-review-hardening.md,3794,0ed50c84d142d5c2c90830a3953eba626373ccbc00c65e328c66867487f72d37,local-only/original-project
20260917-开发资料/source/.agents/notes/implemented/feature/2026-08-24-review-hardening.zh.md,3370,aa0dd7a0639f8056d7459fdcf6402ddb7820f5de563c3e42f05bef68c6ee7f78,local-only/original-project
20260917-开发资料/source/.agents/notes/implemented/feature/2026-08-24-task-board-pre-execution-editing.i18n.yaml,434,6a6a567ba4b75d3a8dc508de07eeab05fcc1b9ad927c046c7a26c5fbaeda56c6,local-only/original-project
20260917-开发资料/source/.agents/notes/implemented/feature/2026-08-24-task-board-pre-execution-editing.md,2635,bf0fa3bbee331f4acdacdfa9c790b24a1f617a427ce58cc46f2cbb768f3823b7,local-only/original-project
20260917-开发资料/source/.agents/notes/implemented/feature/2026-08-24-task-board-pre-execution-editing.zh.md,2320,1b63369953fcc2addf3e2669c676cd7080cbd0c636b0a2db52ca80b886f87633,local-only/original-project
20260917-开发资料/source/.agents/notes/implemented/feature/2026-08-24-update-panel-release-notes.i18n.yaml,422,c8b1e0f6d0f34bae491fff1a5b8f3d17cfc5db2c6b9eedb03c3720a7f2e4924b,local-only/original-project
20260917-开发资料/source/.agents/notes/implemented/feature/2026-08-24-update-panel-release-notes.md,1697,7fc07b74a9702234d6091270e6ed809df9ba84d07c93a919cd72dd7f7b319acb,local-only/original-project
20260917-开发资料/source/.agents/notes/implemented/feature/2026-08-24-update-panel-release-notes.zh.md,1447,3c9a070075d76d8b4fadc960fc4e123543a9f661915b1d544e662f57549f86b2,local-only/original-project
20260917-开发资料/source/.agents/notes/implemented/feature/2026-08-25-frames2d-gameplay-miku.i18n.yaml,311,fb18ba8fae425dc513a386cbf026fc9c709137f5c6591e1a3be3a7904ae20821,local-only/original-project
20260917-开发资料/source/.agents/notes/implemented/feature/2026-08-25-frames2d-gameplay-miku.md,3550,f2be8b24f820b20df07fa11d66be21df809b66e92b5c6be96e04dce7a28a4c3d,local-only/original-project
20260917-开发资料/source/.agents/notes/implemented/feature/2026-08-25-frames2d-gameplay-miku.zh.md,3159,8f850cc808cf648f59edc0010ebf547b353f1d8f399d5b678129ecc893dfe4d9,local-only/original-project
20260917-开发资料/source/.agents/notes/implemented/feature/2026-08-25-miku-gameplay-unified-treats-economy.i18n.yaml,442,3069fec5b09a6527b6fd9b67994289645533a785dc35f17e17268da0006481bc,local-only/original-project
20260917-开发资料/source/.agents/notes/implemented/feature/2026-08-25-miku-gameplay-unified-treats-economy.md,4375,8486ae08ba1f9a47fc8f6cc4a4c978f4c0224b3a852f0129c4477332a772a442,local-only/original-project
20260917-开发资料/source/.agents/notes/implemented/feature/2026-08-25-miku-gameplay-unified-treats-economy.zh.md,3967,d305c440bf72a9f4bb4e82f0c34f633ba2c91da7e9da115008a13641ccfd990d,local-only/original-project
20260917-开发资料/source/.agents/notes/implemented/feature/2026-08-25-orca-link-v2-skin-port.i18n.yaml,414,f786ad58071f11d6e49d315539c6d6e85dfac8c0abffcb6bc42e745a0e600a47,local-only/original-project
20260917-开发资料/source/.agents/notes/implemented/feature/2026-08-25-orca-link-v2-skin-port.md,3543,490e2394dc0c8f7f0d6b104a65371a9e530a4a84c7a0368d9461a5034c473ced,local-only/original-project
20260917-开发资料/source/.agents/notes/implemented/feature/2026-08-25-orca-link-v2-skin-port.zh.md,3056,f9831b0822138b4672479fc92d2831c268a525cec7928f49a4c37a834fc7dba2,local-only/original-project
20260917-开发资料/source/.agents/notes/implemented/feature/2026-08-25-readd-dsh-miku-pet.i18n.yaml,406,63ca6529df628eb6289d7b79fb2aeb60bf6d474714c745f5b8bd6a05fc20f8a7,local-only/original-project
20260917-开发资料/source/.agents/notes/implemented/feature/2026-08-25-readd-dsh-miku-pet.md,3214,dccf23e60ce459c51e1976ce16fd4e44fdf2a349c38b5fccbeed399c46606110,local-only/original-project
20260917-开发资料/source/.agents/notes/implemented/feature/2026-08-25-readd-dsh-miku-pet.zh.md,2616,c1ad8eba4a09ed5e66e480ec11723430d3300ed20c550273ebd5e451adf63d8d,local-only/original-project
20260917-开发资料/source/.agents/notes/implemented/feature/2026-08-25-workshop-plugin-subcategory.i18n.yaml,424,aa8db4e07f18a2f81ebf93b96545837e2efaed7f2de81f9588884b21c3ba08a1,local-only/original-project
20260917-开发资料/source/.agents/notes/implemented/feature/2026-08-25-workshop-plugin-subcategory.md,4917,3a05c50a8bd049519d25d3a57cc93ff80662419e2febad6f8f163130e16ae7ac,local-only/original-project
20260917-开发资料/source/.agents/notes/implemented/feature/2026-08-25-workshop-plugin-subcategory.zh.md,4471,8d6b96217b42399cbd082b37d8a0e0d6c3b9254fac9574b1a7a4601685a48eaf,local-only/original-project
20260917-开发资料/source/.agents/notes/implemented/feature/2026-08-26-desktop-profile-and-lan-guidance.md,1221,cb998f3204517d3992390e9ff72e5214deeda774652658be749be4003f86e8d5,local-only/original-project
20260917-开发资料/source/.agents/notes/implemented/feature/2026-08-26-desktop-profile-and-lan-guidance.zh.md,1204,5ddd401d2ea3ac789fbb185a8784082ab460d834e1628007d984af04f802647b,local-only/original-project
20260917-开发资料/source/.agents/notes/implemented/feature/2026-08-26-dsh-perf-render-pipeline-batch2.i18n.yaml,432,f70a465211ea56708bfd84a568669bdf4bca07c3081004142d361f101b976e2c,local-only/original-project
20260917-开发资料/source/.agents/notes/implemented/feature/2026-08-26-dsh-perf-render-pipeline-batch2.md,8800,97946362989389651db96f06d8946c122cd59870d48d81dfa0dad9618f16a15c,local-only/original-project
20260917-开发资料/source/.agents/notes/implemented/feature/2026-08-26-dsh-perf-render-pipeline-batch2.zh.md,7915,e3109e1e7b1ab61a1284a6ef9e038f6b2d6f5c81d9190bd3dab86d9ff2d4c7aa,local-only/original-project
20260917-开发资料/source/.agents/notes/implemented/feature/2026-08-26-git-worktree-parallel-sessions.i18n.yaml,430,9858d74b069e8894bd960db428307f9e342552cf938a4bc5fffa5def0189875c,local-only/original-project
20260917-开发资料/source/.agents/notes/implemented/feature/2026-08-26-git-worktree-parallel-sessions.md,7161,651950a1bfe5bdd7282d0f95cf61785e6e769f9a1c493a60bc6c8e53cb9e5b0b,local-only/original-project
20260917-开发资料/source/.agents/notes/implemented/feature/2026-08-26-git-worktree-parallel-sessions.zh.md,6398,d7903e9653aba690c3de1dc6a0ecf5f34e2f743def9a8de38a77d6dae5a71b25,local-only/original-project
20260917-开发资料/source/.agents/notes/implemented/feature/2026-08-26-pet-whispers-follow-context-and-current-session.i18n.yaml,464,90151a278242b80670652b2760a44b58d078ece4ed16e7850f7fbaad5c1457a1,local-only/original-project
20260917-开发资料/source/.agents/notes/implemented/feature/2026-08-26-pet-whispers-follow-context-and-current-session.md,4892,e68e81f64fa5bf445f85b4e650830099b803a119309bfcf94c27e187d1ed9d94,local-only/original-project
20260917-开发资料/source/.agents/notes/implemented/feature/2026-08-26-pet-whispers-follow-context-and-current-session.zh.md,4353,1354e3b8aa3815c5860035b05804a37b8e7a7a7830c849b698c4707c891480ca,local-only/original-project
20260917-开发资料/source/.agents/notes/implemented/feature/2026-08-26-remote-fence-manual-pair-token.md,1711,ff3f0db318838ba7b62012c1a8a0105bbd502ddf56c89fbe6f5142e57d3354fa,local-only/original-project
20260917-开发资料/source/.agents/notes/implemented/feature/2026-08-26-remote-fence-manual-pair-token.zh.md,1742,b60e5362632626bc46b4af7bbc67f9f171da1d846bc73353d15d495d10681d09,local-only/original-project
20260917-开发资料/source/.agents/notes/implemented/feature/2026-08-26-skin-center-uninstall-and-integrity-verification.md,4562,2cb6648f57aa11fefc74f434798dd4859b9de5ac87c32c6686e891cfbefc7510,local-only/original-project
20260917-开发资料/source/.agents/notes/implemented/feature/2026-08-26-skin-center-uninstall-and-integrity-verification.zh.md,4322,f470d6a8cb69c3b5440fe62dfe2a55d01efe91ceba8ea593e62371df27a297a9,local-only/original-project
20260917-开发资料/source/.agents/notes/implemented/feature/2026-08-26-ssh-keyboard-interactive-2fa.md,2151,ffd9364d34bf5e2fe98b04a6b42d2f1fb763d73ae36ddd1b11accc24602817c2,local-only/original-project
20260917-开发资料/source/.agents/notes/implemented/feature/2026-08-26-ssh-keyboard-interactive-2fa.zh.md,1938,01037c065a4c5954616b1c5f98be5d8b018bf82c4966911d24891f2f6dc6b5cf,local-only/original-project
20260917-开发资料/source/.agents/notes/implemented/feature/2026-08-26-task-board-drag-drop-status.md,1350,95c8e93bac8fd56fa454e32639a2f97e1b5a5fb4b6dde50f4ae1ebd6787d3153,local-only/original-project
20260917-开发资料/source/.agents/notes/implemented/feature/2026-08-26-task-board-drag-drop-status.zh.md,1488,e289f628f0560522e5511f0581f854e0512b3d6d664a45ba7ba42731069f1635,local-only/original-project
20260917-开发资料/source/.agents/notes/implemented/feature/2026-08-26-telemetry-dashboard-pagination.i18n.yaml,430,977646d501d092bbc4fe96cc86a786c6698419db8c8bccbc60c9fc2c4a21cf42,local-only/original-project
20260917-开发资料/source/.agents/notes/implemented/feature/2026-08-26-telemetry-dashboard-pagination.md,5271,0cb659a428f01e3ddabe137cae58508bc25f386b3ecca204728844d12300d03d,local-only/original-project
20260917-开发资料/source/.agents/notes/implemented/feature/2026-08-26-telemetry-dashboard-pagination.zh.md,4686,213083ab3de675a7c9894f667de29902013ab1ad73a3d68e6604548284f7db36,local-only/original-project
20260917-开发资料/source/.agents/notes/implemented/feature/2026-08-26-workshop-install-and-npm-metrics.i18n.yaml,434,cd6455762eb0a465c86bca793d23f4a1b0e01acd92f69e7b400614e9eea67432,local-only/original-project
20260917-开发资料/source/.agents/notes/implemented/feature/2026-08-26-workshop-install-and-npm-metrics.md,3944,2d4467a8453a6e1c4c59864e1c7e368126ffc6bdb6fb11d60f3fd26cc6f119b8,local-only/original-project
20260917-开发资料/source/.agents/notes/implemented/feature/2026-08-26-workshop-install-and-npm-metrics.zh.md,3353,b5f450724bd83278ec5c1e8ebd905c2bfec3a7bc95545e40a9d9e7ea4c322399,local-only/original-project
20260917-开发资料/source/.agents/notes/implemented/feature/2026-08-27-aggregate-row-config-seeding.i18n.yaml,426,2bf13aa7713af75f6d19b4b6b6aa672a1fd5cc9824244cfc0e5a1687e8098752,local-only/original-project
20260917-开发资料/source/.agents/notes/implemented/feature/2026-08-27-aggregate-row-config-seeding.md,4169,cf19423e1e90bf0e7c1dee2abd2d7f57730490d326400fe6f66403aa8bebf24f,local-only/original-project
20260917-开发资料/source/.agents/notes/implemented/feature/2026-08-27-aggregate-row-config-seeding.zh.md,3680,2b21d9945a925f7d711ef71261287e98d324443627086a558f39aee95b4005f1,local-only/original-project
20260917-开发资料/source/.agents/notes/implemented/feature/2026-08-27-better-session-optin-card-and-auto-migration.i18n.yaml,458,2f7945d2814e5f34d30b2d6e5f0822d784a69ca033cbedaea6d34bade851c974,local-only/original-project
20260917-开发资料/source/.agents/notes/implemented/feature/2026-08-27-better-session-optin-card-and-auto-migration.md,5759,097767d631b6671dd223c0c8c50f88bbc634bb8ed714daabf81530d1aecc3115,local-only/original-project
20260917-开发资料/source/.agents/notes/implemented/feature/2026-08-27-better-session-optin-card-and-auto-migration.zh.md,5108,27ce64eee402ff1004e0e46a5711e067ed3782350ecf7fb8855b3e0d08ccf0fd,local-only/original-project
20260917-开发资料/source/.agents/notes/implemented/feature/2026-08-27-describe-image-multi-endpoint-rotation.md,2549,e848522629755e0b33684803f45bf8c27ecc093ed6fa59322bf23480e4d7e1c4,local-only/original-project
20260917-开发资料/source/.agents/notes/implemented/feature/2026-08-27-describe-image-multi-endpoint-rotation.zh.md,2745,32331c99ce5b59728c86033d5ec86f8c2fce3c61260630c666caa707752817ad,local-only/original-project
20260917-开发资料/source/.agents/notes/implemented/feature/2026-08-27-dsh-perf-plugin-attribution-scoreboard.i18n.yaml,446,2b2d7b4e153dc1dad366a31fa39d0defee0308d529a7bd69f882fe932646909e,local-only/original-project
20260917-开发资料/source/.agents/notes/implemented/feature/2026-08-27-dsh-perf-plugin-attribution-scoreboard.md,5338,3ffa05dbee25f8384c037109fdd1a049a237045800b2eea975f3f4b666f14f88,local-only/original-project
20260917-开发资料/source/.agents/notes/implemented/feature/2026-08-27-dsh-perf-plugin-attribution-scoreboard.zh.md,4829,90e6a2cfcea906e351c54a4d5e38e691cb64a6ce838886557fbce62db1b091dd,local-only/original-project
20260917-开发资料/source/.agents/notes/implemented/feature/2026-08-29-pet-announcement-bubble.i18n.yaml,416,ab75e743c2ba083c57a5f4c3d30266f998a42a5bc217774ad03319ab861a3563,local-only/original-project
20260917-开发资料/source/.agents/notes/implemented/feature/2026-08-29-pet-announcement-bubble.md,3169,1612e17c55cf12e625741d7b6f5942c5f4a155cb3ea29d63e621dc391506b23e,local-only/original-project
20260917-开发资料/source/.agents/notes/implemented/feature/2026-08-29-pet-announcement-bubble.zh.md,2846,3d310605c594e710a8a8bf3d80145d27ed07a908b28de7762477eab79a0b5900,local-only/original-project
20260917-开发资料/source/.agents/notes/implemented/feature/2026-08-29-usage-peak-pricing-and-announce-fix.i18n.yaml,440,60dd90b9d5214c5f9f79415602d70e13fd460686c701d75205008f7199679b9a,local-only/original-project
20260917-开发资料/source/.agents/notes/implemented/feature/2026-08-29-usage-peak-pricing-and-announce-fix.md,4920,00c010a8d2366ead53c5653c84de02f0c9ff8992dfbfff2d421ff2ddb526e252,local-only/original-project
20260917-开发资料/source/.agents/notes/implemented/feature/2026-08-29-usage-peak-pricing-and-announce-fix.zh.md,4352,cf91f46f506aba749921e9401a3a6e64485ac9a5ed33a08504809049d12db041,local-only/original-project
20260917-开发资料/source/.agents/notes/implemented/feature/2026-08-29-usage-statistics-plugin.i18n.yaml,416,df52db1ca9245de42e47567305b29179ad58ac3d5ca4f734e75e1833df3c5fc7,local-only/original-project
20260917-开发资料/source/.agents/notes/implemented/feature/2026-08-29-usage-statistics-plugin.md,4758,53e2b5a207d98c4ae84af212b67de3d439d37738f141ac4a04b9158c5b960a06,local-only/original-project
20260917-开发资料/source/.agents/notes/implemented/feature/2026-08-29-usage-statistics-plugin.zh.md,4457,248c7f378b8ed25b81cd34b680cef3fe0c871c76e1b550fc4d155c8270ef8adb,local-only/original-project
20260917-开发资料/source/.agents/notes/implemented/feature/2026-08-30-repo-root-installable-alias.i18n.yaml,424,faa76834a917c92a5509752dc4cf5765d8c325dfaae80b00be477fced2affad5,local-only/original-project
20260917-开发资料/source/.agents/notes/implemented/feature/2026-08-30-repo-root-installable-alias.md,3979,8aa06dd1261a8bb97eadc04620a25fa2600ad641b8c9cfdecf9d24fc7432a977,local-only/original-project
20260917-开发资料/source/.agents/notes/implemented/feature/2026-08-30-repo-root-installable-alias.zh.md,3708,e387f3f10b4a6863b91bc47c88c1985b99f3488b9e0a95b2efb0d989561119b8,local-only/original-project
20260917-开发资料/source/.agents/notes/implemented/feature/2026-08-31-session-archive-manager.i18n.yaml,416,2fb4a208fe25b1c5191e44b03d74d70011d0a8d791b3f4dc427ca844bafaf65a,local-only/original-project
20260917-开发资料/source/.agents/notes/implemented/feature/2026-08-31-session-archive-manager.md,7254,01b6922afdcc5b3a61a72d4c35d20d260a1f3b9500ad4341cf26573885ca8089,local-only/original-project
20260917-开发资料/source/.agents/notes/implemented/feature/2026-08-31-session-archive-manager.zh.md,6598,b01aedc21e753603df4d33f6e371820bcfab6581b8595df8c04303849707037b,local-only/original-project
20260917-开发资料/source/.agents/notes/implemented/feature/2026-08-31-update-available-badge-text.i18n.yaml,424,3b0ded924dacf5be85526f26945564ec3183f09bb7ffa519a029544dc3041496,local-only/original-project
20260917-开发资料/source/.agents/notes/implemented/feature/2026-08-31-update-available-badge-text.md,1867,238bf08b0ba10b72fbfc91d7fc2f459f594d926c94a7c084c7e0e59b34dd98e4,local-only/original-project
20260917-开发资料/source/.agents/notes/implemented/feature/2026-08-31-update-available-badge-text.zh.md,1867,344538e37695c7abb8c837a4286c9a382240c5a5b7fe709603cc8e34435c9e41,local-only/original-project
20260917-开发资料/source/.agents/notes/implemented/feature/2026-09-02-named-tunnel-mode.i18n.yaml,404,6fc2518d0f50a2f3af29d4e57c3e3fe94ab99899a34cc7cbdc44431122ac38b5,local-only/original-project
20260917-开发资料/source/.agents/notes/implemented/feature/2026-09-02-named-tunnel-mode.md,4627,07f486ada877ed53bdc849657b92cbf1251bf86b2bbac20f725afcd014da17fc,local-only/original-project
20260917-开发资料/source/.agents/notes/implemented/feature/2026-09-02-named-tunnel-mode.zh.md,4286,8b8a6846378767af0268717f93fcb152d5d044664f5e0e18217b4ffc35ed8d31,local-only/original-project
20260917-开发资料/source/.agents/notes/implemented/feature/2026-09-02-stable-hostname-relay.i18n.yaml,412,af1123a35ca06582a830a01f24b8ea480679380058d72c196dc0f023632f0dd3,local-only/original-project
20260917-开发资料/source/.agents/notes/implemented/feature/2026-09-02-stable-hostname-relay.md,9033,8b1971b9f874edc5549a021bcd101668713a150c67e11ab0c6d212dd83085616,local-only/original-project
20260917-开发资料/source/.agents/notes/implemented/feature/2026-09-02-stable-hostname-relay.zh.md,8396,beccf69a3ed1f7a1786a0ca83d242c69f839a5dc0c01f4aee5ccba3541d44a4b,local-only/original-project
20260917-开发资料/source/.agents/notes/implemented/feature/2026-09-03-wallpaper-pagination-and-rating-filter.md,3612,2ccdf14ffffcf0ecf18feaf0a9b92e2222c05b81252802e9f6016e479c58ebbf,local-only/original-project
20260917-开发资料/source/.agents/notes/implemented/feature/2026-09-03-wallpaper-pagination-and-rating-filter.zh.md,3591,400f0b0ee49599489b8099a3d20005f4e581ffed32b3e05fdec1faede9f8d7f5,local-only/original-project
20260917-开发资料/source/.agents/notes/implemented/feature/2026-09-04-desktop-installer-wizard-vc-check-uninstall.md,2545,5e1366c079c937a72f16552106e1244c76f93cbe0d6f9feedca731da090ba205,local-only/original-project
20260917-开发资料/source/.agents/notes/implemented/feature/2026-09-04-desktop-installer-wizard-vc-check-uninstall.zh.md,2346,6ed404d18db7e0a5593702c66667feb6427112b8ecb22259d1e4b04315fb7f76,local-only/original-project
20260917-开发资料/source/.agents/notes/implemented/feature/2026-09-05-family-row-state-route.i18n.yaml,482,1b7fa3c0d2f44c13cd59c74dc9c136849d2818ef3dad78ba0ff064e7c6c15734,local-only/original-project
20260917-开发资料/source/.agents/notes/implemented/feature/2026-09-05-family-row-state-route.md,8792,a87d606a377fbbe18e2cf9a4d50d4113c347383679322f40f1b87095031baae8,local-only/original-project
20260917-开发资料/source/.agents/notes/implemented/feature/2026-09-05-family-row-state-route.zh.md,8196,3a2b8889e04aa38daf89b6382ed915f912d8fb12b877d63d701741d102b6cd63,local-only/original-project
20260917-开发资料/source/.agents/notes/implemented/feature/2026-09-07-skill-explorer-workspace-isolation.md,2852,4f8beadce7c04d294bb1291e1d08a76d78c54db7275d97740116b9fc7daa4677,local-only/original-project
20260917-开发资料/source/.agents/notes/implemented/feature/2026-09-07-skill-explorer-workspace-isolation.zh.md,2582,bb17cf15ab9b1ba953906ee9f4f25f76a8b88267de765a207436d806efbbf60c,local-only/original-project
20260917-开发资料/source/.agents/notes/implemented/feature/2026-09-07-task-board-duplicate-and-edit.md,2410,6bc4e2e810995fe2a99b9989b52bc448bcba62207df9ff4a53fd1bf29ccb3149,local-only/original-project
20260917-开发资料/source/.agents/notes/implemented/feature/2026-09-07-task-board-duplicate-and-edit.zh.md,2158,255c46789de98771134339e31d0ebd964691ef9fffa774fa0fa96ba44b65a4f2,local-only/original-project
20260917-开发资料/source/.agents/notes/implemented/feature/2026-09-08-model-capabilities-plugin.i18n.yaml,420,63441b8179c3fc238a03a677ff8638147b9954071cf3f58579965ac843f6778c,local-only/original-project
20260917-开发资料/source/.agents/notes/implemented/feature/2026-09-08-model-capabilities-plugin.md,6820,476ac7784d34c91525c62f5c72ae0fd0bca13d1c3c6cec805c2cdbffa5c2cbe1,local-only/original-project
20260917-开发资料/source/.agents/notes/implemented/feature/2026-09-08-model-capabilities-plugin.zh.md,5908,b7744f3d408eb28cd8c590ac28db43274bbd7753dd970131191a62f0019067f9,local-only/original-project
20260917-开发资料/source/.agents/notes/implemented/feature/2026-09-08-skill-explorer-panel-search.md,3558,478d2be2b4cc2b01ec9220bfea445a5d034e0e21fd42a7d5e9e994ab1829bf5a,local-only/original-project
20260917-开发资料/source/.agents/notes/implemented/feature/2026-09-08-skill-explorer-panel-search.zh.md,3309,04a780d6020ab2a47b6c4ca3ba420bb882f2f112e680665ba7ba3d5569c067f7,local-only/original-project
20260917-开发资料/source/.agents/notes/implemented/feature/2026-09-08-task-board-session-reuse.md,4469,66f0a8fa05ac5a56394d95ebc20ea70648196ed21ee7a1a998eb3fff7143e3a7,local-only/original-project
20260917-开发资料/source/.agents/notes/implemented/feature/2026-09-08-task-board-session-reuse.zh.md,4088,c691669f7895f1c340d98dd35a249bc1a7aecb576aacc2e9eb57abf66eedaf0a,local-only/original-project
20260917-开发资料/source/.agents/notes/implemented/feature/2026-09-09-aggregate-row-level-management.i18n.yaml,498,f0db8777aa6c77336a2916c4280660982b5b1acaa291a984fe41790ba16ac63f,local-only/original-project
20260917-开发资料/source/.agents/notes/implemented/feature/2026-09-09-aggregate-row-level-management.md,5848,688a92cb73e6c5bf6a34f7b17e56a5c3a4caa3603741f2be820c9761df722f63,local-only/original-project
20260917-开发资料/source/.agents/notes/implemented/feature/2026-09-09-aggregate-row-level-management.zh.md,4902,fffad0d080a4341d1111d956e6f70276da0ea2b992a6248fef59ef0b62db9bd3,local-only/original-project
20260917-开发资料/source/.agents/notes/implemented/feature/2026-09-09-community-agent-presets.i18n.yaml,416,a95d510795ea8cadb19d7887e22d951fc6cd6cc9c9e6ee749e83e97b06a13481,local-only/original-project
20260917-开发资料/source/.agents/notes/implemented/feature/2026-09-09-community-agent-presets.md,11396,c053aeee309dd0247d5b6db1ed3b5c99e9dccf21ede01071e8389689c249c011,local-only/original-project
20260917-开发资料/source/.agents/notes/implemented/feature/2026-09-09-community-agent-presets.zh.md,10030,ac3078928c596b5d49c4efba0b11a17b2e451300b299f2763ae18de736321cf3,local-only/original-project
20260917-开发资料/source/.agents/notes/implemented/feature/2026-09-10-plugin-manager-collapsible-children.md,2244,3647e385bd2e25f647021f05037a51a3bdade4e1b6dbe2299adece4dee22bbd3,local-only/original-project
20260917-开发资料/source/.agents/notes/implemented/feature/2026-09-10-plugin-manager-collapsible-children.zh.md,1969,ccde8909e47585fcf7ba7584e9dc7805ac10b156605bc01de7714f34d0bcca0e,local-only/original-project
20260917-开发资料/source/.agents/notes/implemented/feature/2026-09-10-preset-category-filtering.i18n.yaml,420,7dbfd9a8a5dc026c8007a9c585250702a7e2fccc4ae6a40323dec65a023aa3d4,local-only/original-project
20260917-开发资料/source/.agents/notes/implemented/feature/2026-09-10-preset-category-filtering.md,5856,2f35fcf45d149d124835403e7c36d08dfbd8ed94050a51c03d0125b56530426f,local-only/original-project
20260917-开发资料/source/.agents/notes/implemented/feature/2026-09-10-preset-category-filtering.zh.md,5133,579d6d38847398d4e25061b203437fc4bb3e183b118848283a4579344a87e3b9,local-only/original-project
20260917-开发资料/source/.agents/notes/implemented/feature/2026-09-10-roleplay-preset-catalog.i18n.yaml,416,e761b51956fc46683f8f4ac22e6df1debd1edb570b3ae1dec0b70c2dfb832781,local-only/original-project
20260917-开发资料/source/.agents/notes/implemented/feature/2026-09-10-roleplay-preset-catalog.md,7409,cf79eff87511b4b1db0640e83f350ed1b7c8918bdc9e07b1f4981023dd5a4f38,local-only/original-project
20260917-开发资料/source/.agents/notes/implemented/feature/2026-09-10-roleplay-preset-catalog.zh.md,6353,3d0e8edb4bbc3fec626c0584ba1ff04dfb18a4dca504b88dca1ba348b873ec2b,local-only/original-project
20260917-开发资料/source/.agents/notes/implemented/feature/2026-09-10-ssh-proxycommand-transport.md,6615,969fc9cb720a81300ab210b4f4205215bfb370a0d9183f42da38d5dbef927d62,local-only/original-project
20260917-开发资料/source/.agents/notes/implemented/feature/2026-09-10-ssh-proxycommand-transport.zh.md,5953,77f8234ff5f5e707feeb110f59f6f9388190d99a805ae2fce1cc153f2cb75a58,local-only/original-project
20260917-开发资料/source/.agents/notes/implemented/feature/2026-09-10-whale-yuan-voucher-token-bank.i18n.yaml,243,59d85e1727ab1d9c0308287f53078e5220dbbf06b4d64d36cfa06c29d8dbbb2c,local-only/original-project
20260917-开发资料/source/.agents/notes/implemented/feature/2026-09-10-whale-yuan-voucher-token-bank.md,5899,e988dcf33f2f43238e798049e478b11de482cad8eadc30b5a10666aaf31a042c,local-only/original-project
20260917-开发资料/source/.agents/notes/implemented/feature/2026-09-10-whale-yuan-voucher-token-bank.zh.md,5154,733d65d7d1d9a6eb0a7b518197fce1e4efa87ae33571a8f769ef72fa46839299,local-only/original-project
20260917-开发资料/source/.agents/notes/implemented/feature/2026-09-11-liangshen-anchor-turn-staging.i18n.yaml,428,76726fae3f066b50ad66283f3b63b336756aeab4e65099e873ffa44841bb81b0,local-only/original-project
20260917-开发资料/source/.agents/notes/implemented/feature/2026-09-11-liangshen-anchor-turn-staging.md,6416,0dce896dcb386046cd176141004e385145631de6bd0f30819bd764a50399a4c7,local-only/original-project
20260917-开发资料/source/.agents/notes/implemented/feature/2026-09-11-liangshen-anchor-turn-staging.zh.md,5647,3124b2dee4a904d388761a1b1883ff654196ff23fc3fe7bf4244a2c94d84b8e9,local-only/original-project
20260917-开发资料/source/.agents/notes/implemented/feature/2026-09-11-liangshen-composer-lever.i18n.yaml,418,a26c400210b6fb441672dd6909dc4ccc7db3e2c4e95009f07b6d833c5678dc19,local-only/original-project
20260917-开发资料/source/.agents/notes/implemented/feature/2026-09-11-liangshen-composer-lever.md,7599,9ae5555233138d1a1f6412556bbe1909190535b6fb879fcd8704e6cc9bb8a3f3,local-only/original-project
20260917-开发资料/source/.agents/notes/implemented/feature/2026-09-11-liangshen-composer-lever.zh.md,6635,65638bf13186673942bd5873fca8d556ef3759ae843b73624874c1677bf9442d,local-only/original-project
20260917-开发资料/source/.agents/notes/implemented/feature/2026-09-11-liangshen-minimal-prompt-tool-catalog.i18n.yaml,444,59c70113d60a1e712c505b325bbc27ea11989f8a2af1f0bc6639266cc69e8ead,local-only/original-project
20260917-开发资料/source/.agents/notes/implemented/feature/2026-09-11-liangshen-minimal-prompt-tool-catalog.md,11587,ef36875ab5909b8305332d9ee1348003b880c695dd76b9f6a666d915053f8b36,local-only/original-project
20260917-开发资料/source/.agents/notes/implemented/feature/2026-09-11-liangshen-minimal-prompt-tool-catalog.zh.md,10349,86a4f3d13dfaf2693fa8353e62ab341bfe0d9d52ffe7b287387727e64e502391,local-only/original-project
20260917-开发资料/source/.agents/notes/implemented/feature/2026-09-12-liangshen-agents-md-in-system-prompt.i18n.yaml,442,c5f9f9032b1f4151a5cabeb349893c7238346d58c35c68d6a27421dcb25522e5,local-only/original-project
20260917-开发资料/source/.agents/notes/implemented/feature/2026-09-12-liangshen-agents-md-in-system-prompt.md,8754,d0927af4cc427c2fb185ee67a027f27bb123a9fa89ba61e9f86959fa546656c6,local-only/original-project
20260917-开发资料/source/.agents/notes/implemented/feature/2026-09-12-liangshen-agents-md-in-system-prompt.zh.md,7690,2ae1395f9bf2693da6c8e07e7976ef18131036e94f87dd2577ffb27900c561c9,local-only/original-project
20260917-开发资料/source/.agents/notes/implemented/feature/2026-09-12-liangshen-anchor-tools-and-ptc-refinement.i18n.yaml,452,b2ff65bb66f7502224709629fb4fbbf4af93a75c3bf525746be6f7690ecdb261,local-only/original-project
20260917-开发资料/source/.agents/notes/implemented/feature/2026-09-12-liangshen-anchor-tools-and-ptc-refinement.md,9169,6eef0159e8333657f1fdf7d982a2d89b94b5861481b9ba7742fd785d8a6a8e2b,local-only/original-project
20260917-开发资料/source/.agents/notes/implemented/feature/2026-09-12-liangshen-anchor-tools-and-ptc-refinement.zh.md,7492,a993654a140714386ab68a75e070b682049a9657ba49d818b18d5ef274efbea2,local-only/original-project
20260917-开发资料/source/.agents/notes/implemented/feature/2026-09-12-liangshen-shell-anchor-and-ptc-handoff.i18n.yaml,446,38451198c90b2260bc3b2debcc134f3258f192b62d9fb96c0c5c310847d7654a,local-only/original-project
20260917-开发资料/source/.agents/notes/implemented/feature/2026-09-12-liangshen-shell-anchor-and-ptc-handoff.md,12346,95f74a02ac6f220d76af3cd60236540532803a89d0c9e630850c7df79fef91e8,local-only/original-project
20260917-开发资料/source/.agents/notes/implemented/feature/2026-09-12-liangshen-shell-anchor-and-ptc-handoff.zh.md,10901,143a058b52cef2d8b35ea87ce07a75f34acf2a5f13c228056ed428af77c52922,local-only/original-project
20260917-开发资料/source/.agents/notes/implemented/feature/2026-09-13-desktop-attention-reminders.i18n.yaml,424,afd09d8cf9219888eb0291f48f5f31a54dd30b7128ca2224a14af83432eabd34,local-only/original-project
20260917-开发资料/source/.agents/notes/implemented/feature/2026-09-13-desktop-attention-reminders.md,5753,ea6c0df0521f1f6f06ee3256b11310a83c7493508d28afd8c65885dc1c0c320d,local-only/original-project
20260917-开发资料/source/.agents/notes/implemented/feature/2026-09-13-desktop-attention-reminders.zh.md,5253,3e3570002bbcf924ca5dd9420dddee14c8f137c27eb7b43f2f6813b5b55930fd,local-only/original-project
20260917-开发资料/source/.agents/notes/implemented/feature/2026-09-13-liangshen-request-surface-catalog-and-eval-tooling.i18n.yaml,470,02192c8abb2f687c403a72dbe6fa4192c0ac5f2440f9b029e9c023083bf3e9ba,local-only/original-project
20260917-开发资料/source/.agents/notes/implemented/feature/2026-09-13-liangshen-request-surface-catalog-and-eval-tooling.md,7484,b27c7e773c7d60f25f95cec066a6eade09475e44e3fc35c7d73c24c819fb994a,local-only/original-project
20260917-开发资料/source/.agents/notes/implemented/feature/2026-09-13-liangshen-request-surface-catalog-and-eval-tooling.zh.md,6405,d63d61faa031a3db6ff47f58cd54b5f19169eedad7d642aeba2fc51c45c450cd,local-only/original-project
20260917-开发资料/source/.agents/notes/implemented/feature/2026-09-13-pet-bubble-typography-scale.i18n.yaml,240,b4be9d9ea60eb0cc9ad51ae8e396e5cac67fe220d74413fba079d2690e3dd504,local-only/original-project
20260917-开发资料/source/.agents/notes/implemented/feature/2026-09-13-pet-bubble-typography-scale.md,2485,2f57983f787dabf4465edc1ce155d110caceb6720bd30d65308eb69c02dab857,local-only/original-project
20260917-开发资料/source/.agents/notes/implemented/feature/2026-09-13-pet-bubble-typography-scale.zh.md,2288,7ad26e1387c485bb26e616b10006269411401fd59d9734825a4f4dd7578d7b3f,local-only/original-project
20260917-开发资料/source/.agents/notes/implemented/feature/2026-09-13-task-board-ai-task-parsing.i18n.yaml,238,1c6f1aab1fef183a0abeb0554aaa39a7e2c45fbaa6a426ad00c1183c80c94d93,local-only/original-project
20260917-开发资料/source/.agents/notes/implemented/feature/2026-09-13-task-board-ai-task-parsing.md,3917,8e3f95e264f914fa3a51013196b4d12982ba3b287daa06835e44baac83fab837,local-only/original-project
20260917-开发资料/source/.agents/notes/implemented/feature/2026-09-13-task-board-ai-task-parsing.zh.md,3488,95b4efb58f33633c890a9e8fcd6ef22951d3a583feb404654f9b22ffbbee7011,local-only/original-project
20260917-开发资料/source/.agents/notes/implemented/feature/2026-09-13-task-board-project-partition.i18n.yaml,242,e02c7946e14593b2681d6234343202b1bee94ced494af5c36cc898a3904d51c4,local-only/original-project
20260917-开发资料/source/.agents/notes/implemented/feature/2026-09-13-task-board-project-partition.md,2255,ae6a69e4fa4ab833329f8998a71d837afda2ff92e0c8bbbd302a5d88b5be0363,local-only/original-project
20260917-开发资料/source/.agents/notes/implemented/feature/2026-09-13-task-board-project-partition.zh.md,2166,940c1fe5b8b912c8bf2244d11c27d0634da9a01bac6936dd4e93ada65d72f699,local-only/original-project
20260917-开发资料/source/.agents/notes/implemented/feature/2026-09-13-task-board-tags.i18n.yaml,400,9215a9ca99a09d0e906464bdf37f210bb84b5241b5079fa1f90e1025eb6981b7,local-only/original-project
20260917-开发资料/source/.agents/notes/implemented/feature/2026-09-13-task-board-tags.md,6352,2ced8dff4341f2a8473467dea98832cb4df28526945543b6be1fda4f12dc0743,local-only/original-project
20260917-开发资料/source/.agents/notes/implemented/feature/2026-09-13-task-board-tags.zh.md,5938,f54ae4e887f0d098192ca85edb79a790912bc6a31ad17a3037ece0564f692015,local-only/original-project
20260917-开发资料/source/.agents/notes/implemented/feature/2026-09-14-market-deep-sea-gallery.i18n.yaml,416,972830cd55920201b01c430b8a03261491ced45ef84e897c534357de05d56c5f,local-only/original-project
20260917-开发资料/source/.agents/notes/implemented/feature/2026-09-14-market-deep-sea-gallery.md,5665,6ff27576f015a9c8f094aceacb1ae9163f86fd83fa151984f3e4d187d233dfdf,local-only/original-project
20260917-开发资料/source/.agents/notes/implemented/feature/2026-09-14-market-deep-sea-gallery.zh.md,5373,716f22f40a75700d34b2280fefcc2ed9cdfe888526fd5b1dbf2dd303cd484894,local-only/original-project
20260917-开发资料/source/.agents/notes/implemented/feature/2026-09-17-external-desktop-development.i18n.yaml,213,6ecec9a97e47b06e100233645354a3710d4b9c34ebfe843eb5e7c5578409c863,local-only/original-project
20260917-开发资料/source/.agents/notes/implemented/feature/2026-09-17-external-desktop-development.md,1509,c3345d5512225510ca766b300c5fc865ca7bb9c831d62368f0f3865fc4e3ccbb,local-only/original-project
20260917-开发资料/source/.agents/notes/implemented/feature/2026-09-17-external-desktop-development.zh.md,1276,21c4bb18fe1a4f28d0a47cee1e3959158d018f6903b0f78ca25e9db1c350a5dd,local-only/original-project
20260917-开发资料/source/.agents/notes/implemented/feature/2026-09-17-local-resource-workshop.i18n.yaml,163,517dff091711b47291a6b2fe259e2e2be6b742fdac51af9dd7ba1c9703bb22cc,local-only/original-project
20260917-开发资料/source/.agents/notes/implemented/feature/2026-09-17-local-resource-workshop.md,1798,6cd9d2a5c99e209021bc9e6a264b2452e41c5215a13eaaef68d367501d70d00d,local-only/original-project
20260917-开发资料/source/.agents/notes/implemented/feature/2026-09-17-local-resource-workshop.zh.md,1488,a0501b7ffec8e65aedf901ab6168bf3a33bcb0ebbfbe61d7382ca82f591f0368,local-only/original-project
20260917-开发资料/source/.agents/notes/implemented/feature/2026-09-17-workspace-optional-chat.i18n.yaml,200,15caeb7841a1ea7174661eacfb9d1fa6a3fdd3bb2a3d0dc293e4a35bfea47ba1,local-only/original-project
20260917-开发资料/source/.agents/notes/implemented/feature/2026-09-17-workspace-optional-chat.md,4637,8fa3afe181719cd3085856840b4ac2f9a8e5c4790a4f11d3f953c4e197458acc,local-only/original-project
20260917-开发资料/source/.agents/notes/implemented/feature/2026-09-17-workspace-optional-chat.zh.md,3786,d04ea0cca2dce0b9478cf7ca9758cb62bc89282d20977e6457bb08cba412a652,local-only/original-project
20260917-开发资料/source/.agents/notes/implemented/process/2026-08-24-bug-issue-drops-patch-requirement.i18n.yaml,436,4a8ab506f084e641e720a97c63ae2a7e83f38551c8b8dcd523f07f1ecd87cfeb,local-only/original-project
20260917-开发资料/source/.agents/notes/implemented/process/2026-08-24-bug-issue-drops-patch-requirement.md,1713,1a28666d044a56907f9d50d6871835aff9652e6a706b260ced6e5cbbc9ee1c3e,local-only/original-project
20260917-开发资料/source/.agents/notes/implemented/process/2026-08-24-bug-issue-drops-patch-requirement.zh.md,1525,db7bb2ca8a1130466c51d2738fe1c3043645c0e3caf9633afb1c38b4d0304897,local-only/original-project
20260917-开发资料/source/.agents/notes/implemented/process/2026-08-24-issue-default-assignee.i18n.yaml,414,f83ab6d85ddf71589b1f87dc4b4ecd1689331a2e9cfbcbcc572993b51921cfdc,local-only/original-project
20260917-开发资料/source/.agents/notes/implemented/process/2026-08-24-issue-default-assignee.md,2676,3fee1f948f3d230aa08825bc194672e0f2f02d3c9cff287d39bc164c6f037622,local-only/original-project
20260917-开发资料/source/.agents/notes/implemented/process/2026-08-24-issue-default-assignee.zh.md,2398,5ef216fbb7cd93152503916f08556c49ce9cb224f0b4e599b318a9183a6661b6,local-only/original-project
20260917-开发资料/source/.agents/notes/implemented/process/2026-08-24-release-automatic-upgrade-compatibility-gates.i18n.yaml,460,4effd7f1ba59537bdac29b385c4390feb44bb11079b82717e6c758e2b36d1e21,local-only/original-project
20260917-开发资料/source/.agents/notes/implemented/process/2026-08-24-release-automatic-upgrade-compatibility-gates.md,3509,b92fe710fc19a934c004da03178c449ef2a391f4da0377d6bbe31e41e6aeb165,local-only/original-project
20260917-开发资料/source/.agents/notes/implemented/process/2026-08-24-release-automatic-upgrade-compatibility-gates.zh.md,3059,9a25b62866907e1df00906de5b1c69fe86817d2fa26fbf05e52428b6d073d81f,local-only/original-project
20260917-开发资料/source/.agents/notes/implemented/process/2026-08-25-issue-pr-assignment-separation.i18n.yaml,430,18a79d58d486718182306fdb26a36766c62e0e6461c02354461968f52c763f6f,local-only/original-project
20260917-开发资料/source/.agents/notes/implemented/process/2026-08-25-issue-pr-assignment-separation.md,3693,efd3ac7e7818bc6128672f4b25c43620af8df6ae837a706b8de746ea7c7e87c8,local-only/original-project
20260917-开发资料/source/.agents/notes/implemented/process/2026-08-25-issue-pr-assignment-separation.zh.md,3437,6623c3e8691efac39edfeeacec820a33900c17321ab656cbaf3c349da3072d6e,local-only/original-project
20260917-开发资料/source/.agents/notes/implemented/process/2026-08-25-workshop-deploys-from-dev.i18n.yaml,420,368a66fdd6fd6e935afa55326e8211aa2913fbd772e224a358b44471a11a628b,local-only/original-project
20260917-开发资料/source/.agents/notes/implemented/process/2026-08-25-workshop-deploys-from-dev.md,2946,95fbce357ff687b97cc643449319ecf3510e670f2a875d11562631f973d85fb7,local-only/original-project
20260917-开发资料/source/.agents/notes/implemented/process/2026-08-25-workshop-deploys-from-dev.zh.md,2584,739715769643bb0dd7aa843df3cfca8a1176979955f831fc1d2f10786cf845a0,local-only/original-project
20260917-开发资料/source/.agents/notes/implemented/process/2026-08-28-dev-watch-browser-bundle-loop.i18n.yaml,428,a1c93d74f1316dff1fe40b992b0ebec2390f883a855caefb0708ed4ded68c82b,local-only/original-project
20260917-开发资料/source/.agents/notes/implemented/process/2026-08-28-dev-watch-browser-bundle-loop.md,1740,5a2051d78d26fb9871fd8ecca100e9071d6c28ded5be51bffe6eb99a9960adc7,local-only/original-project
20260917-开发资料/source/.agents/notes/implemented/process/2026-08-28-dev-watch-browser-bundle-loop.zh.md,1690,4b18cbfda0883bbe9a9ac0e27cc0ca049252b102e079d8b361ce732bb220db42,local-only/original-project
20260917-开发资料/source/.agents/notes/implemented/process/2026-08-31-agent-notes-software-factory-governance.i18n.yaml,448,75b6182de2247a62f68e2ca24cb9e0acbaf65921ec7f7d38e3fb5429b0f72e53,local-only/original-project
20260917-开发资料/source/.agents/notes/implemented/process/2026-08-31-agent-notes-software-factory-governance.md,2825,54f3d356acb7dbcceacbc41f52b70fbf2da40fd3109c81cecd31fc33b2d7ef6c,local-only/original-project
20260917-开发资料/source/.agents/notes/implemented/process/2026-08-31-agent-notes-software-factory-governance.zh.md,2554,3634fc47aafc3d591e35006b0a492c4429b1fb030c2b016971eaeae2017f4cf0,local-only/original-project
20260917-开发资料/source/.agents/notes/implemented/process/2026-09-04-desktop-release-packaging-workflow.i18n.yaml,438,87b53305ac82abb1e357e6ad6e8b95be22800c7fcc91d729dbc53de7a75067f1,local-only/original-project
20260917-开发资料/source/.agents/notes/implemented/process/2026-09-04-desktop-release-packaging-workflow.md,3643,505094e09996537acb6f38b3fb9bab253be6b2dbbce4d766e0b5edab37739dd1,local-only/original-project
20260917-开发资料/source/.agents/notes/implemented/process/2026-09-04-desktop-release-packaging-workflow.zh.md,3385,a53b4338797af4718db62b76ebc73860bae7a310c706ad0cce285e4b0000967d,local-only/original-project
20260917-开发资料/source/.agents/notes/implemented/process/2026-09-04-maintenance-run-audiogen-merge-jyn-changes-bee-eater-landing.i18n.yaml,490,fcb5dd0a7f44fdf5a8247c46bbee9f822704b380687387fe045b58f57bcc6f92,local-only/original-project
20260917-开发资料/source/.agents/notes/implemented/process/2026-09-04-maintenance-run-audiogen-merge-jyn-changes-bee-eater-landing.md,5645,c3109bd281e2ec2bc8da0cf1abe6d6aa77a640755c34bc643b6dabf49ea870b3,local-only/original-project
20260917-开发资料/source/.agents/notes/implemented/process/2026-09-04-maintenance-run-audiogen-merge-jyn-changes-bee-eater-landing.zh.md,5055,621c25cb41a5b71f709e7e638cb9e966d15238183a94108bd14df6774cef19ff,local-only/original-project
20260917-开发资料/source/.agents/notes/implemented/process/2026-09-04-release-v0.3.14.i18n.yaml,400,60743a61899943957d0ba9bfcb899d4e6270411509ad25cba09560a70c07a557,local-only/original-project
20260917-开发资料/source/.agents/notes/implemented/process/2026-09-04-release-v0.3.14.md,5118,8526ef0ee3cdf11df24f78d363c66c48855f36d0d4ca1557d5bac28e0776b8f9,local-only/original-project
20260917-开发资料/source/.agents/notes/implemented/process/2026-09-04-release-v0.3.14.zh.md,4599,39f71cf0f4092c1f882b37ecc7dd527fb1b933fac0c269464d99185ff7228a04,local-only/original-project
20260917-开发资料/source/.agents/notes/implemented/process/2026-09-05-release-v0.3.15.i18n.yaml,400,cda8e5cc358ca43f4b6ef52c3c3af5956ff990f8da60be02d6e3ffe8c7b10082,local-only/original-project
20260917-开发资料/source/.agents/notes/implemented/process/2026-09-05-release-v0.3.15.md,4790,3b07c6d65a0a5c32c549cf6a81a463fa98aed57df80fcec0b3ac8ffd880f74ef,local-only/original-project
20260917-开发资料/source/.agents/notes/implemented/process/2026-09-05-release-v0.3.15.zh.md,4301,10863c2c7ff357cb5eb19a392dd699c0e8b8d35d0bc0e6c55924424794619b3f,local-only/original-project
20260917-开发资料/source/.agents/notes/implemented/process/2026-09-05-release-v0.3.16.i18n.yaml,400,f51153c472b3f85582b17b343c8c79cbdb4cac2fc8def0c08e48fbbca3247ea5,local-only/original-project
20260917-开发资料/source/.agents/notes/implemented/process/2026-09-05-release-v0.3.16.md,4404,d093baaab2285aebe0246a0558309aa47ce192289ad25bad736fa944294d42d9,local-only/original-project
20260917-开发资料/source/.agents/notes/implemented/process/2026-09-05-release-v0.3.16.zh.md,4142,733ed3de561a7006e6c8bef3dcc98640e800eb00037adb02f00cffb493fa195a,local-only/original-project
20260917-开发资料/source/.agents/notes/implemented/process/2026-09-06-maintenance-run-linkdigest-merge-jyn-recheck-approval-gates.i18n.yaml,488,7979c4e226a78f0738c7cb871de8f684b2f3b506a71b500608c9e1af66729a7c,local-only/original-project
20260917-开发资料/source/.agents/notes/implemented/process/2026-09-06-maintenance-run-linkdigest-merge-jyn-recheck-approval-gates.md,5878,427c2fc672cca8463320d7276af9a05a34ef5a38cb7a51c3740e39373978aad5,local-only/original-project
20260917-开发资料/source/.agents/notes/implemented/process/2026-09-06-maintenance-run-linkdigest-merge-jyn-recheck-approval-gates.zh.md,5648,07d90fec51de6647bf21cebdf646f9fb57f1dcd8045925565593d815e804556e,local-only/original-project
20260917-开发资料/source/.agents/notes/implemented/process/2026-09-06-upstream-root-cause-issue-triage.i18n.yaml,434,e47e819dbceaddb18cdcd20b7ee500723e85a2e96bed551389a254f038a0f71a,local-only/original-project
20260917-开发资料/source/.agents/notes/implemented/process/2026-09-06-upstream-root-cause-issue-triage.md,3054,8c3b1a0d291a40831f82b116e5f98841b67c10e91553fe483b4ec08f97ac68c1,local-only/original-project
20260917-开发资料/source/.agents/notes/implemented/process/2026-09-06-upstream-root-cause-issue-triage.zh.md,2675,48ba7812d931e8fc3f9226b2a8fad22f66326abda78900a24c8eac8a0da42305,local-only/original-project
20260917-开发资料/source/.agents/notes/implemented/process/2026-09-07-pr-maintenance-community-and-pets.i18n.yaml,436,37f0d359b69af3d67a563c772478a7cc4dd18124ad8cba41c46db986ebfbcc98,local-only/original-project
20260917-开发资料/source/.agents/notes/implemented/process/2026-09-07-pr-maintenance-community-and-pets.md,5156,72a9fcc875fa2f8ad0db5c9ff86d0a4a90c745d423711f2068e5bd3acf0d9bce,local-only/original-project
20260917-开发资料/source/.agents/notes/implemented/process/2026-09-07-pr-maintenance-community-and-pets.zh.md,4695,b98528fdfc04b0757a58ed92f44ad6cd6797d2f1ab285eb93fbbe0591abf5b02,local-only/original-project
20260917-开发资料/source/.agents/notes/implemented/process/2026-09-07-release-v0.3.17.i18n.yaml,400,4d03bb130a57475ffc5802d3477b7c17670409e3d64f6cd3154bd25b1bec50da,local-only/original-project
20260917-开发资料/source/.agents/notes/implemented/process/2026-09-07-release-v0.3.17.md,3804,d7f1eae2293ad951c2a4e7da926778f7a61268fdf23859d4231be952652922cd,local-only/original-project
20260917-开发资料/source/.agents/notes/implemented/process/2026-09-07-release-v0.3.17.zh.md,3557,af397f10ad6f54c8b165be21714d7a79eaadadf39a79d7afa5f35bff47259920,local-only/original-project
20260917-开发资料/source/.agents/notes/implemented/process/2026-09-08-release-v0.3.18.i18n.yaml,400,6890fd165596cb1bc8a1542650c8daf4d037e930603c123fc77b7cb3d86e95e7,local-only/original-project
20260917-开发资料/source/.agents/notes/implemented/process/2026-09-08-release-v0.3.18.md,6827,b2ce0f4e7fbc25ccdf9a8bced5324956d20fbf6c13e02bc1a569dc6278b8593d,local-only/original-project
20260917-开发资料/source/.agents/notes/implemented/process/2026-09-08-release-v0.3.18.zh.md,6321,2eabec7ac2486804aa88fb5cd34cf5d082ec3237dbd33f605efc9c34cd1b66c4,local-only/original-project
20260917-开发资料/source/.agents/notes/implemented/process/2026-09-09-cross-platform-line-ending-normalization.i18n.yaml,450,e1ae2fcd4da57ccc1afdb83af3c623952891e6dd7237d467a6c5818dc9fc7275,local-only/original-project
20260917-开发资料/source/.agents/notes/implemented/process/2026-09-09-cross-platform-line-ending-normalization.md,3133,26b6a362640d2555964dfcfb981115e14b9380038645ebe4896aa2b2c800fccd,local-only/original-project
20260917-开发资料/source/.agents/notes/implemented/process/2026-09-09-cross-platform-line-ending-normalization.zh.md,3006,91d66925674d05de92f72e2e5d75b7cced0b4f70a7531176a759bd67e1aed871,local-only/original-project
20260917-开发资料/source/.agents/notes/implemented/process/2026-09-09-pr-maintenance-skin-reviews.i18n.yaml,424,e01fe7e500f739205099a209bbade9905318cc9c5ef6ad340046f9643d36f23c,local-only/original-project
20260917-开发资料/source/.agents/notes/implemented/process/2026-09-09-pr-maintenance-skin-reviews.md,5672,5d940730206396837e44eb620ddd28a316c7c5596d4adfaae564dc9d7fe08ded,local-only/original-project
20260917-开发资料/source/.agents/notes/implemented/process/2026-09-09-pr-maintenance-skin-reviews.zh.md,5403,16cef75fabc6f6a1ed0d21dc8bc63b5041b7d522c2e3636233b3656b7d8a8a29,local-only/original-project
20260917-开发资料/source/.agents/notes/implemented/process/2026-09-09-workshop-accepts-agent-preset-prs.i18n.yaml,436,a0557a124b444581f5521aaf3d183ecf4c9b5469d7d50cadd5cd91879c9078e2,local-only/original-project
20260917-开发资料/source/.agents/notes/implemented/process/2026-09-09-workshop-accepts-agent-preset-prs.md,3230,d52edf252dac476f8065ecf0c1243b2b72208e25d630eafb67e7a1b3530ef255,local-only/original-project
20260917-开发资料/source/.agents/notes/implemented/process/2026-09-09-workshop-accepts-agent-preset-prs.zh.md,2934,f872051bba83c0bc6ffff9fa939ca98f6db48b3f37b02a42541cb905a175e273,local-only/original-project
20260917-开发资料/source/.agents/notes/implemented/process/2026-09-10-issue-bug-maintenance-pass.i18n.yaml,422,2bae4d6d1c3c788cdabfdbe12fec020792f76d6123e1b5f1fac2620109879554,local-only/original-project
20260917-开发资料/source/.agents/notes/implemented/process/2026-09-10-issue-bug-maintenance-pass.md,4109,c5860b3ff2b5ad1c037949799c19d4420565140a8f082a52f279258c3fad07c0,local-only/original-project
20260917-开发资料/source/.agents/notes/implemented/process/2026-09-10-issue-bug-maintenance-pass.zh.md,3707,44b539f6862001b75fd7a91a87757aa0c2f3a9450379f6b412f7ae0f7e4370fc,local-only/original-project
20260917-开发资料/source/.agents/notes/implemented/process/2026-09-10-pr-maintenance-merge-pass.i18n.yaml,420,ff94f4d6b4a2e88fadd153344957ba2f80e5d0b0b4512355514812069d82bc5b,local-only/original-project
20260917-开发资料/source/.agents/notes/implemented/process/2026-09-10-pr-maintenance-merge-pass.md,6428,311917981152096b3f962ee8439822a58b281e0e3b0099c55c54cbf3b1bb0512,local-only/original-project
20260917-开发资料/source/.agents/notes/implemented/process/2026-09-10-pr-maintenance-merge-pass.zh.md,5698,3da3c0f99254464e17d9299758abd3e05aca8da316a8e28d86fe35eac648d12a,local-only/original-project
20260917-开发资料/source/.agents/notes/implemented/process/2026-09-10-release-v0.3.20.i18n.yaml,400,096745dee8258a04adeae44af5fa916c3a9091bea6fc4d16a1472258bf40c9a2,local-only/original-project
20260917-开发资料/source/.agents/notes/implemented/process/2026-09-10-release-v0.3.20.md,7153,15a8c7c74ee84a83775fbacc7dab2eb9fbd2605f63034fe870a91f74d268d784,local-only/original-project
20260917-开发资料/source/.agents/notes/implemented/process/2026-09-10-release-v0.3.20.zh.md,6535,733df8386c2f57511e497fd6808c8d44af716a4d9614255a27cfed29be14f932,local-only/original-project
20260917-开发资料/source/.agents/notes/implemented/process/2026-09-10-root-readme-feature-focus-and-desktop.i18n.yaml,444,28a0d28d5823fd55a8536662aeed2fc744d0822e48963b1d58a35c509b1628f6,local-only/original-project
20260917-开发资料/source/.agents/notes/implemented/process/2026-09-10-root-readme-feature-focus-and-desktop.md,4675,1e6ee27334322a5d95ee05c0534859d508f397237d591b7631db7515a2b1daa2,local-only/original-project
20260917-开发资料/source/.agents/notes/implemented/process/2026-09-10-root-readme-feature-focus-and-desktop.zh.md,4112,e90d08be7a7b61ce3efc31ece474fb5037b94e3d1783c466390124e2302becad,local-only/original-project
20260917-开发资料/source/.agents/notes/implemented/process/2026-09-10-root-readme-search-discovery.i18n.yaml,242,ed96723ae350b5be83d6c9f29f72b8aa6a2649714f237432c4be1dd6ed915b87,local-only/original-project
20260917-开发资料/source/.agents/notes/implemented/process/2026-09-10-root-readme-search-discovery.md,1402,9a8aec6b7879dbb264a81bac05461f9dcf2dc1c27b084ffcaddfda1367009012,local-only/original-project
20260917-开发资料/source/.agents/notes/implemented/process/2026-09-10-root-readme-search-discovery.zh.md,1190,7d6f137ec3474b9b246ce25ec2da5ea5e81e97c3f629919173c455a02c90ee0b,local-only/original-project
20260917-开发资料/source/.agents/notes/implemented/process/2026-09-11-pr-maintenance-pass.i18n.yaml,408,f88400cf8f1bb6b7bccf8e754d409781298e17d54fe94d1c2a056389a1e7af9a,local-only/original-project
20260917-开发资料/source/.agents/notes/implemented/process/2026-09-11-pr-maintenance-pass.md,4830,ae91934555630dc03fb33a5d0557419d21b7435bd8e8a9f3ef19c171c3dfcb0e,local-only/original-project
20260917-开发资料/source/.agents/notes/implemented/process/2026-09-11-pr-maintenance-pass.zh.md,4321,87dcd857e6c94e8cd1227df89d9abf55145e0ec8e8f9649bb79e342b21c506c2,local-only/original-project
20260917-开发资料/source/.agents/notes/implemented/process/2026-09-11-pr-maintenance-second-pass.i18n.yaml,422,42574b5f5a9724799c80d52b6e16c9482c7f8d8229916f6dc71686a32a6095b4,local-only/original-project
20260917-开发资料/source/.agents/notes/implemented/process/2026-09-11-pr-maintenance-second-pass.md,8695,8b6f09b54991f77c2a0cdc67068bd372f60c6959c7324e0b518dc223760b84b0,local-only/original-project
20260917-开发资料/source/.agents/notes/implemented/process/2026-09-11-pr-maintenance-second-pass.zh.md,7939,fabcdfcd8a10022631e0bea53d41b132e20a1cad4cf35cc3ffc11c42a49b45e7,local-only/original-project
20260917-开发资料/source/.agents/notes/implemented/process/2026-09-12-committed-lib-artifact-gate.i18n.yaml,424,a4b0ad947360a7e1f531bd8d5bc98672b94b9e32ac0d2fea4808edb2b448a0ef,local-only/original-project
20260917-开发资料/source/.agents/notes/implemented/process/2026-09-12-committed-lib-artifact-gate.md,4297,e821e55a5c3dfe083a9514c3f8e849cccf502d84bec1aac9e4cd900781e11300,local-only/original-project
20260917-开发资料/source/.agents/notes/implemented/process/2026-09-12-committed-lib-artifact-gate.zh.md,3802,f0897c5253db12360eb66d2b1cccca48ea51238b00f2590db8c9382018af9ed2,local-only/original-project
20260917-开发资料/source/.agents/notes/implemented/process/2026-09-12-pr-maintenance-fourth-pass.i18n.yaml,422,e6b4cbb60383c2e90a9e3d791bb011b4cf1415f8100f0816fed2267006859ee5,local-only/original-project
20260917-开发资料/source/.agents/notes/implemented/process/2026-09-12-pr-maintenance-fourth-pass.md,4162,26c361090818fd33648c0243670d3a24af7c12daa9c71e9eb83ad1657e942551,local-only/original-project
20260917-开发资料/source/.agents/notes/implemented/process/2026-09-12-pr-maintenance-fourth-pass.zh.md,3767,a7ef42afa7b74f5f144fab7897bcc2583c99cb224c11065999edcf1f8454bd44,local-only/original-project
20260917-开发资料/source/.agents/notes/implemented/process/2026-09-12-pr-maintenance-third-pass.i18n.yaml,420,e96f63016699b8d73fd6ffaec3440287ca61c0005ad686b1603ea0dcda8aaf19,local-only/original-project
20260917-开发资料/source/.agents/notes/implemented/process/2026-09-12-pr-maintenance-third-pass.md,3447,a0faf51e6b57496fac31b4f99c30eaf5be8f7cc39f5c5d2ad2dc908155e07959,local-only/original-project
20260917-开发资料/source/.agents/notes/implemented/process/2026-09-12-pr-maintenance-third-pass.zh.md,3145,4ba219822c5cb6fe16d40fae75791026c7968664ff0fb251cc150c70247183ad,local-only/original-project
20260917-开发资料/source/.agents/notes/implemented/process/2026-09-12-release-v0.3.21.i18n.yaml,400,8874b58208066995e9b9931e0848cd2a9dc070edb5a56749c63c7f3d3dac9665,local-only/original-project
20260917-开发资料/source/.agents/notes/implemented/process/2026-09-12-release-v0.3.21.md,7757,615803c4c57175d0b1fb7b53d837296c038575019def099dc774e4b49ceb30b4,local-only/original-project
20260917-开发资料/source/.agents/notes/implemented/process/2026-09-12-release-v0.3.21.zh.md,7145,a2bb11f6829f66fe8dcbc64ae5d2ddfeb31e881faad7771f20566adfaa1680af,local-only/original-project
20260917-开发资料/source/.agents/notes/implemented/process/2026-09-13-pr-maintenance-eighth-pass.i18n.yaml,422,254bb3bf4d74f96c5af216c09dfaf235b0da15832b5fbde95b6a3fe1342715b0,local-only/original-project
20260917-开发资料/source/.agents/notes/implemented/process/2026-09-13-pr-maintenance-eighth-pass.md,5553,f5fbcb47929729bb7321367a00946f0f20bd71028d88cf43c54b757d698b9246,local-only/original-project
20260917-开发资料/source/.agents/notes/implemented/process/2026-09-13-pr-maintenance-eighth-pass.zh.md,5034,2bc8aa386a63ad111e78b51ebf38aa9160d0450244f14b6aea62e64b19795e8d,local-only/original-project
20260917-开发资料/source/.agents/notes/implemented/process/2026-09-13-pr-maintenance-fifth-pass.i18n.yaml,420,bc75d3faea7b4e5e07d33b08ebabc41355e63e1d2b97d0a4f93367cb14356e98,local-only/original-project
20260917-开发资料/source/.agents/notes/implemented/process/2026-09-13-pr-maintenance-fifth-pass.md,7057,ebba76a1b7cdd57a49a0c0c917fcfb3f826c5b0c02db306718412e4240639dfc,local-only/original-project
20260917-开发资料/source/.agents/notes/implemented/process/2026-09-13-pr-maintenance-fifth-pass.zh.md,6346,d5500acf7d88678559172554ccdb0ad38dbdc34e10a0e063e50fc12ce6fb65b8,local-only/original-project
20260917-开发资料/source/.agents/notes/implemented/process/2026-09-13-pr-maintenance-seventh-pass.i18n.yaml,424,d24ab4f486ee64f2e5698ad317fd5f48105acd2f6ed72238cc9bf38cc4cd26ef,local-only/original-project
20260917-开发资料/source/.agents/notes/implemented/process/2026-09-13-pr-maintenance-seventh-pass.md,6529,a122995bb59b22f831d84f0f52bb80535c68852b9d75168f038099f7150f990a,local-only/original-project
20260917-开发资料/source/.agents/notes/implemented/process/2026-09-13-pr-maintenance-seventh-pass.zh.md,5870,7a1fb5a35f241ab0c899f1c0c621baa648404ef920b982d58afaf76bd4ff77ef,local-only/original-project
20260917-开发资料/source/.agents/notes/implemented/process/2026-09-13-pr-maintenance-sixth-pass.i18n.yaml,420,54732c6fbfb177bd273892cd49a2e125437978a92be1bbdb2528374b76634a47,local-only/original-project
20260917-开发资料/source/.agents/notes/implemented/process/2026-09-13-pr-maintenance-sixth-pass.md,4137,d2533005c0cc710fceef80e127b6c86a0d2f453abf207b7f4005444e87637718,local-only/original-project
20260917-开发资料/source/.agents/notes/implemented/process/2026-09-13-pr-maintenance-sixth-pass.zh.md,3597,f7192138c62c43ecb1d6676a60c7560361450f476c8a3833a417304b9a88dd60,local-only/original-project
20260917-开发资料/source/.agents/notes/implemented/process/2026-09-13-release-v0.3.22.i18n.yaml,400,f033ffd038afd6edbf30cdaa7609c677c278f588ad1aef27df27bd15817f8a53,local-only/original-project
20260917-开发资料/source/.agents/notes/implemented/process/2026-09-13-release-v0.3.22.md,6421,f09adace34f33085cb5459dc58da0da93f214154d0aa02862bc95732022e2a23,local-only/original-project
20260917-开发资料/source/.agents/notes/implemented/process/2026-09-13-release-v0.3.22.zh.md,5958,1d8091ea6d2a7113fc3d6ccb3ef55a1994d47d74aa5d8199ed2e7b7c4bb1133a,local-only/original-project
20260917-开发资料/source/.agents/notes/implemented/process/2026-09-14-repository-skills-agents-home.i18n.yaml,428,019f3c93d744483c98a4e268c38a812d92d9d92010a4ff651513e79dd1f9a23f,local-only/original-project
20260917-开发资料/source/.agents/notes/implemented/process/2026-09-14-repository-skills-agents-home.md,2905,41e5ba4dd25bd823a13cd2541b4e0ea03156c36e36f8334c6eeea660f35bf1b8,local-only/original-project
20260917-开发资料/source/.agents/notes/implemented/process/2026-09-14-repository-skills-agents-home.zh.md,2731,e515383d50df450c4c5fc7546cdc3737c1f60b47912eb894c6e5331f75812f27,local-only/original-project
20260917-开发资料/source/.agents/notes/implemented/process/2026-09-15-pr-maintenance-eighth-pass.i18n.yaml,422,6b896f5abc14e704d4e6385bd0707eec61733d2194b8f863cfa5aa86d46b32b6,local-only/original-project
20260917-开发资料/source/.agents/notes/implemented/process/2026-09-15-pr-maintenance-eighth-pass.md,6303,c8e4b8ec4f58a99b1b4340b2ae88c6572ed2d38fac0137e12eed0e772749f703,local-only/original-project
20260917-开发资料/source/.agents/notes/implemented/process/2026-09-15-pr-maintenance-eighth-pass.zh.md,5558,b251594b6fbc05b8c2b93267d41a7e1260a69fb773e7e9a424bd43840f36d20c,local-only/original-project
20260917-开发资料/source/.agents/notes/implemented/process/2026-09-15-pr-maintenance-ninth-pass.i18n.yaml,488,1847bafd981773890b710ce047cd61714f5f294fbad38e03495468623a6ebd0b,local-only/original-project
20260917-开发资料/source/.agents/notes/implemented/process/2026-09-15-pr-maintenance-ninth-pass.md,6047,ef738d09c782fc48135256d63ff9fd6b5cd6aff4844e18db9b48c449847cd73e,local-only/original-project
20260917-开发资料/source/.agents/notes/implemented/process/2026-09-15-pr-maintenance-ninth-pass.zh.md,5618,268814ed1096f410d0cf708c3abaf1057bf5a27fabcb2aa75b505f90756cff41,local-only/original-project
20260917-开发资料/source/.agents/notes/implemented/process/2026-09-16-pr-maintenance-tenth-pass.i18n.yaml,488,e898fae0f913148b8f5859f24c71cfeea4a238b76e22dd8d056eab763aadcae0,local-only/original-project
20260917-开发资料/source/.agents/notes/implemented/process/2026-09-16-pr-maintenance-tenth-pass.md,8044,7f86762b0ad80f0a593c0918e86e8e69a78775d8842bc3d1b3197e0453290d59,local-only/original-project
20260917-开发资料/source/.agents/notes/implemented/process/2026-09-16-pr-maintenance-tenth-pass.zh.md,7184,598afb0324695959ae944687b37dc631036b42ae622fb96c21810c5db90e9cc8,local-only/original-project
20260917-开发资料/source/.agents/notes/implemented/process/2026-09-16-release-v0.3.23.i18n.yaml,400,8b82996c9d7caef91ef44c83e89e4e2c46279ec35e6d81ddfc8005b0df421538,local-only/original-project
20260917-开发资料/source/.agents/notes/implemented/process/2026-09-16-release-v0.3.23.md,4297,7d296ee9f2fd8653d64f732c41414f24679b7cbd4a9b1bf345fc4f1940341773,local-only/original-project
20260917-开发资料/source/.agents/notes/implemented/process/2026-09-16-release-v0.3.23.zh.md,4107,4404068c46b9f0033d2173656d39ed700a5d0c4ccfd2d78622588e680674e542,local-only/original-project
20260917-开发资料/source/.agents/notes/implemented/simplification/2026-08-24-remove-dsh-miku-pet.i18n.yaml,155,6ffab1c3f79bfdd2b0f751624349ff884849b672697d9d863621ba41ffed7f2f,local-only/original-project
20260917-开发资料/source/.agents/notes/implemented/simplification/2026-08-24-remove-dsh-miku-pet.md,1499,c3afca505eccc9537e2225301c3e322e7e592d288328ffadd10028ee38695dc2,local-only/original-project
20260917-开发资料/source/.agents/notes/implemented/simplification/2026-08-24-remove-dsh-miku-pet.zh.md,1197,a914e3c8b406d9943c185d2f3d373b63af78ec4e561ea30bef8c2b4c7728a1d5,local-only/original-project
20260917-开发资料/source/.agents/notes/implemented/simplification/2026-08-24-root-readme-workshop-simplification.i18n.yaml,440,4e00801b180461391e157eb55eeabd9b4059c774b606bd043c2c5e4793543c1e,local-only/original-project
20260917-开发资料/source/.agents/notes/implemented/simplification/2026-08-24-root-readme-workshop-simplification.md,3269,3747917696b72a9af933bd0caa57dbca3b19ed70546c6378412a53eb480ef373,local-only/original-project
20260917-开发资料/source/.agents/notes/implemented/simplification/2026-08-24-root-readme-workshop-simplification.zh.md,2863,a38b850ab177e71c0d4dde139e35c82e334a0e3c38eeb9acc09e585c79eed359,local-only/original-project
20260917-开发资料/source/.agents/notes/implemented/simplification/2026-08-26-retire-legacy-skin-gallery.i18n.yaml,422,c638dc19da3f1d15d44661c5602a298a63131e0b55b80df42122119fbd616d37,local-only/original-project
20260917-开发资料/source/.agents/notes/implemented/simplification/2026-08-26-retire-legacy-skin-gallery.md,5276,53b05b5e43a69ad6e91ddb24a8cd8aedad628987f60797fb3be7c249ed82e859,local-only/original-project
20260917-开发资料/source/.agents/notes/implemented/simplification/2026-08-26-retire-legacy-skin-gallery.zh.md,4947,3ccd1fea003dfb9a78a61cb64a60e517f3cba5111bd7920baba0cd8cae652e6b,local-only/original-project
20260917-开发资料/source/.agents/notes/implemented/simplification/2026-08-26-shared-pair-access-fence.i18n.yaml,418,3d0d231614d76c94ac6edf31149ee054e23f1fea2df3921a05b426a82f1e342c,local-only/original-project
20260917-开发资料/source/.agents/notes/implemented/simplification/2026-08-26-shared-pair-access-fence.md,2989,08d3bc17edfb1f1df8a581231fa257b8be7eec729a9b745f3d5992212a9cbc91,local-only/original-project
20260917-开发资料/source/.agents/notes/implemented/simplification/2026-08-26-shared-pair-access-fence.zh.md,2770,6d458001c3d8873e2abbbcd38ff08dd6b335459c979be9deb625f613e1e38fb8,local-only/original-project
20260917-开发资料/source/.agents/notes/implemented/simplification/2026-08-26-shared-vitest-setup.i18n.yaml,408,7451b44502ebc17cc4228812a16663ccc66c3eff5759200c4c5fec63a5543c82,local-only/original-project
20260917-开发资料/source/.agents/notes/implemented/simplification/2026-08-26-shared-vitest-setup.md,1956,b7aed96e45b6ccaabd9845ae23723ff6268628275a3de48e3cdf8c67557d5b4a,local-only/original-project
20260917-开发资料/source/.agents/notes/implemented/simplification/2026-08-26-shared-vitest-setup.zh.md,1893,83d29af02ba98452011b45f020693df0e0a15fdf103d1a8d2991109a1347ca1d,local-only/original-project
20260917-开发资料/source/.agents/notes/implemented/simplification/2026-08-26-shell-emitter-core.i18n.yaml,406,73484eb857dcdd19ae4a8bdaa367f134a3076bd6c565c54b85c14ad07d388f03,local-only/original-project
20260917-开发资料/source/.agents/notes/implemented/simplification/2026-08-26-shell-emitter-core.md,2483,647d6aedb0c045a9924ba2e2c7d0959bcd7c96b16bf7fd47c8b9236a3844e5dc,local-only/original-project
20260917-开发资料/source/.agents/notes/implemented/simplification/2026-08-26-shell-emitter-core.zh.md,2338,b851eb879a0abc38696a6049acdf104b4036a064a65ced2694fb3ea7fea434f2,local-only/original-project
20260917-开发资料/source/.agents/notes/implemented/simplification/2026-08-26-task-modal-shared-form.i18n.yaml,414,9394a77e201437666dd19ce763a168d2092906b906c43d4026ed294902ee29f3,local-only/original-project
20260917-开发资料/source/.agents/notes/implemented/simplification/2026-08-26-task-modal-shared-form.md,1696,fc51607bc0a98e07099a96afe7794ebeb034a0b342b5bbb49a28b594f304a70a,local-only/original-project
20260917-开发资料/source/.agents/notes/implemented/simplification/2026-08-26-task-modal-shared-form.zh.md,1590,859a45c2026ff77b91d70de882d28a7c73359f25a858311d21d88068804e40ce,local-only/original-project
20260917-开发资料/source/.agents/notes/implemented/simplification/2026-08-27-orca-status-character-dead-write-surfaces.i18n.yaml,452,2b7549baa68e6837657cd3c99246f4843f0a6ba99c78e235a0f2a855b85ace02,local-only/original-project
20260917-开发资料/source/.agents/notes/implemented/simplification/2026-08-27-orca-status-character-dead-write-surfaces.md,4080,2120bd09bb72e34ae213e504683c4c878a3412d3ae9b6df729b42d1137279da3,local-only/original-project
20260917-开发资料/source/.agents/notes/implemented/simplification/2026-08-27-orca-status-character-dead-write-surfaces.zh.md,3400,e286447e327eceb06b17ed028723dca32ea1521c83e585a289f1acb373562427,local-only/original-project
20260917-开发资料/source/.agents/notes/implemented/simplification/2026-08-28-dsh-perf-sidebar-row-degrade-css-removal.i18n.yaml,450,4ade83e8a65aff52de6df324192d7334096629c05ce8741d91718584cd4ae8b0,local-only/original-project
20260917-开发资料/source/.agents/notes/implemented/simplification/2026-08-28-dsh-perf-sidebar-row-degrade-css-removal.md,2563,b7823b4d2355c627a256e7ae4cf061a0dde71c559263e1cd7a794fbe15a9476f,local-only/original-project
20260917-开发资料/source/.agents/notes/implemented/simplification/2026-08-28-dsh-perf-sidebar-row-degrade-css-removal.zh.md,2331,7cdc56580bfcefd2393449731a275c50bbbdfbf8a1d05bed0c4fde74c86f0760,local-only/original-project
20260917-开发资料/source/.agents/notes/implemented/simplification/2026-08-28-remove-dsh-aionui-panel.i18n.yaml,416,e41852e04c2aa8cc45be599de1efd1250e0307f4b5e6bd8eb2c4985b02a1d428,local-only/original-project
20260917-开发资料/source/.agents/notes/implemented/simplification/2026-08-28-remove-dsh-aionui-panel.md,3416,e3116aaea25f82bb2d7997082af29785b2b96140ffbf16ba655708f46210515b,local-only/original-project
20260917-开发资料/source/.agents/notes/implemented/simplification/2026-08-28-remove-dsh-aionui-panel.zh.md,3069,02922e688f8f8954020a77831a4b52e89aa8b7d50b0615bc0a04c5605e59ff24,local-only/original-project
20260917-开发资料/source/.agents/notes/implemented/simplification/2026-09-02-drop-deprecated-better-session-integration.i18n.yaml,201,6b40032866803886eff3640d574d95681ec2f748a44b52994f177f8347dd1610,local-only/original-project
20260917-开发资料/source/.agents/notes/implemented/simplification/2026-09-02-drop-deprecated-better-session-integration.md,3365,bf6425457f37dc9bf42d281e83659f0b01e77aa393e09ce3d8ad0ad811f898f5,local-only/original-project
20260917-开发资料/source/.agents/notes/implemented/simplification/2026-09-02-drop-deprecated-better-session-integration.zh.md,2980,a3372f46662af6560e283b07cd58ae4a0c2a8edf4bcb303f1875a46e3a964218,local-only/original-project
20260917-开发资料/source/.agents/notes/implemented/simplification/2026-09-02-panel-mount-core-extraction.md,4439,c905a12d4d8b6b1ad978a222ce5f8ce5b41a99d5ad79361a464130f4f4e28108,local-only/original-project
20260917-开发资料/source/.agents/notes/implemented/simplification/2026-09-02-panel-mount-core-extraction.zh.md,4087,d99627f60bd49f9901c7344aa080d71c3efc8e629ab291b9fafc9eb2f3bcf658,local-only/original-project
20260917-开发资料/source/.agents/notes/implemented/simplification/2026-09-02-remove-dsh-perf-better-session-card.i18n.yaml,187,f8a191bd2afb3c8676e241edcdd6784db18766ad606520ceb9ae34abaa859be4,local-only/original-project
20260917-开发资料/source/.agents/notes/implemented/simplification/2026-09-02-remove-dsh-perf-better-session-card.md,3209,17ee9d517b58d3020003ae41d5b00aefe39cf3d92d2fff4b151bdde797b06e13,local-only/original-project
20260917-开发资料/source/.agents/notes/implemented/simplification/2026-09-02-remove-dsh-perf-better-session-card.zh.md,2864,05047ea76577d61e48e4784d5a97e6cd448ab75ab1b0c0d16c6a185eeba9ee10,local-only/original-project
20260917-开发资料/source/.agents/notes/implemented/simplification/2026-09-03-remove-dsh-desktop-launcher.i18n.yaml,424,6930841e73910a35b5b9ace7fc7d1282eda6552b8f9fc6c667e4a91d5e621ae3,local-only/original-project
20260917-开发资料/source/.agents/notes/implemented/simplification/2026-09-03-remove-dsh-desktop-launcher.md,4207,938bd34c8e2d8ebcc6964bbe01b02d9dd535410ad2efae61ed0ede6a50abbbeb,local-only/original-project
20260917-开发资料/source/.agents/notes/implemented/simplification/2026-09-03-remove-dsh-desktop-launcher.zh.md,3797,e67e206cc699c5fac3385d0124bdd9b92ea9cc2ce4cb8f621ac09027cc18b783,local-only/original-project
20260917-开发资料/source/.agents/notes/implemented/simplification/2026-09-04-desktop-runtime-seed-0.3.14.i18n.yaml,454,44cf25cdcb34acf0fb68e85542a6927fc623d8ebc6f0db95476d58130e1f1b66,local-only/original-project
20260917-开发资料/source/.agents/notes/implemented/simplification/2026-09-04-desktop-runtime-seed-0.3.14.md,2041,40cc01854cb55cd293e054ef502300764d54afb6fe54534b6d0a5578ed3053ab,local-only/original-project
20260917-开发资料/source/.agents/notes/implemented/simplification/2026-09-04-desktop-runtime-seed-0.3.14.zh.md,1944,75ce06b6d37344db170618982a35142f2563fc74d71c63ece023f6c9245883e2,local-only/original-project
20260917-开发资料/source/.agents/notes/implemented/simplification/2026-09-04-remove-dsh-perf.i18n.yaml,400,443164b19bbde26adac084ab42c7c996396bb17af6ff66836f29d4b1e37709b2,local-only/original-project
20260917-开发资料/source/.agents/notes/implemented/simplification/2026-09-04-remove-dsh-perf.md,5900,dbea5f184835854bd0e2cab4900cedd4f6ebbd2e62d665946cbbec00c10efcc0,local-only/original-project
20260917-开发资料/source/.agents/notes/implemented/simplification/2026-09-04-remove-dsh-perf.zh.md,5332,ad109e53379fd56445bef3bb6e9090996032b26765841421fc8e6176593228f6,local-only/original-project
20260917-开发资料/source/.agents/notes/implemented/simplification/2026-09-05-remote-web-ui-connection-path-dedup.i18n.yaml,522,b3a7dd9290adfe300c556e4039727c3a9ab14c370f33a162f21a92daeefa237c,local-only/original-project
20260917-开发资料/source/.agents/notes/implemented/simplification/2026-09-05-remote-web-ui-connection-path-dedup.md,2494,2a3aa0ae1ee500c177d56e96bef87e2f2d93f18d78a69af414f44ce4cad71cbb,local-only/original-project
20260917-开发资料/source/.agents/notes/implemented/simplification/2026-09-05-remote-web-ui-connection-path-dedup.zh.md,2246,8a6596968edb2d2f4f3db71ab3617f7bf81aa34961ca802513a7c4970e29c972,local-only/original-project
20260917-开发资料/source/.agents/notes/implemented/simplification/2026-09-05-remote-web-ui-pair-routes-drop-dead-lan-addresses-dep.i18n.yaml,558,f57b6065ffbb22770d5b4feba7450c9abf33c0d707ff043389564c86c8039178,local-only/original-project
20260917-开发资料/source/.agents/notes/implemented/simplification/2026-09-05-remote-web-ui-pair-routes-drop-dead-lan-addresses-dep.md,2117,addb8c178e382260b795813636606cfc12f66f3b2b0d48e01d8fb3217f0530e0,local-only/original-project
20260917-开发资料/source/.agents/notes/implemented/simplification/2026-09-05-remote-web-ui-pair-routes-drop-dead-lan-addresses-dep.zh.md,1852,c2071089a764b0df870f2570c08843fd22340959c75c5890853d4af613104801,local-only/original-project
20260917-开发资料/source/.agents/notes/implemented/simplification/2026-09-09-usage-render-configured-providers-only.md,3030,b8a84e8de4cdd98ba885bf312c28828bb4288a2239143c64cfbee9962e312d6a,local-only/original-project
20260917-开发资料/source/.agents/notes/implemented/simplification/2026-09-09-usage-render-configured-providers-only.zh.md,2717,a999d1a5818b4f1fa2b45c6093cf832f6af6aae64b41c1b82d2a8563e3216f25,local-only/original-project
20260917-开发资料/source/.agents/notes/implemented/simplification/2026-09-10-personal-skills-canonical-home.i18n.yaml,430,52fec88ec5ec28457ccc0f228a6a3351013a63afd3be0a999459219ae0679b70,local-only/original-project
20260917-开发资料/source/.agents/notes/implemented/simplification/2026-09-10-personal-skills-canonical-home.md,3336,1150fccca7c9d06736a260fa380f0574661bca7b423aa838f7bedb8aab2dd5a1,local-only/original-project
20260917-开发资料/source/.agents/notes/implemented/simplification/2026-09-10-personal-skills-canonical-home.zh.md,3018,b1cb7a06c47e5e94dc9f75da40472352ea4b8c83f7d8e57444d2ef33e02fbc39,local-only/original-project
20260917-开发资料/source/.agents/notes/implemented/testing/2026-08-29-script-tests-skip-unbuilt-better-session-artifact.i18n.yaml,468,ea75b9d8b7c6cb664be3344a371200db242d209b33b7195541302d03c4a10474,local-only/original-project
20260917-开发资料/source/.agents/notes/implemented/testing/2026-08-29-script-tests-skip-unbuilt-better-session-artifact.md,2900,7c09ac80463373aebb41b6c605ac6994ec587f6c024b066f2a88df4bc03cbdb8,local-only/original-project
20260917-开发资料/source/.agents/notes/implemented/testing/2026-08-29-script-tests-skip-unbuilt-better-session-artifact.zh.md,2599,548abc64a715d271b8b864d6bc182754a7be22693c8b8aa48233bf0a987f553e,local-only/original-project
20260917-开发资料/source/.agents/notes/implemented/testing/2026-08-31-e2e-mount-excluded-externals-anchor.i18n.yaml,440,c46458519bde6f1e09c2d2e9f82091fd0a749ac387baf8a238c487b599acfec7,local-only/original-project
20260917-开发资料/source/.agents/notes/implemented/testing/2026-08-31-e2e-mount-excluded-externals-anchor.md,6463,de6f36f6ca4ffaba5c4bd192f0da5aee34b2a202a17fb726abd2108432fa89e9,local-only/original-project
20260917-开发资料/source/.agents/notes/implemented/testing/2026-08-31-e2e-mount-excluded-externals-anchor.zh.md,5918,26bc36f881d2002e981eee312cc3f27b8e212dbdb3ea789e54f4449cc81c7c12,local-only/original-project
20260917-开发资料/source/.agents/notes/implemented/testing/2026-09-06-windows-ci-lanes-for-desktop.i18n.yaml,426,89a2d0a56fe245383eefe897b644c4548992d52a39b677674afd5771145b490f,local-only/original-project
20260917-开发资料/source/.agents/notes/implemented/testing/2026-09-06-windows-ci-lanes-for-desktop.md,3509,90841ec83cb0f7d9267248676c694e9ab0fb9cee16f8c0cf604b4a542c32488b,local-only/original-project
20260917-开发资料/source/.agents/notes/implemented/testing/2026-09-06-windows-ci-lanes-for-desktop.zh.md,3359,dc1e7a494ea5d64eb1cab209bb8bdb41c1614feb02a9ddd9960bdd54ff710aa9,local-only/original-project
20260917-开发资料/source/.agents/notes/implemented/testing/2026-09-08-loopback-abort-poll.i18n.yaml,408,16bb98a3cbf94216b22ae4e19dc1fb535e3397e28ac1467405c3d222d1e84659,local-only/original-project
20260917-开发资料/source/.agents/notes/implemented/testing/2026-09-08-loopback-abort-poll.md,2364,c9cdafa137239ff372b4088850e2aef5bccae3d524f808fa957e513e0f4b84fd,local-only/original-project
20260917-开发资料/source/.agents/notes/implemented/testing/2026-09-08-loopback-abort-poll.zh.md,2066,8b99e2b68490d225b8e51a2409bccdfa44272eddad032eda8e7519d348facacf,local-only/original-project
20260917-开发资料/source/.agents/notes/proposed/.gitkeep,0,e3b0c44298fc1c149afbf4c8996fb92427ae41e4649b934ca495991b7852b855,local-only/original-project
20260917-开发资料/source/.agents/notes/proposed/bug-fix/2026-08-26-challenge-iframe-origin-policy.i18n.yaml,430,ac1ada05a53014dba026c7ac43561bd109124a9c77d9a5be64012b7c59301093,local-only/original-project
20260917-开发资料/source/.agents/notes/proposed/bug-fix/2026-08-26-challenge-iframe-origin-policy.md,2095,1b35b20e51e60673fd0ab2194fac72c59721bf8c1fce5f059d1b216b9bf5bc46,local-only/original-project
20260917-开发资料/source/.agents/notes/proposed/bug-fix/2026-08-26-challenge-iframe-origin-policy.zh.md,1944,62a9b36dd02c99b313f085aac3d0ce25507acf36f1c34328656ff35c1b97f6de,local-only/original-project
20260917-开发资料/source/.agents/notes/proposed/bug-fix/2026-09-09-inert-layout-toggle-face.i18n.yaml,418,34a876bcde41449b0ecd7eb4f575be9615d960f90d166b12bc526bb4c4f0eabc,local-only/original-project
20260917-开发资料/source/.agents/notes/proposed/bug-fix/2026-09-09-inert-layout-toggle-face.md,5011,7a7424f033fc8b4e90e677dd965eaf36c6a34fab1c34e1fa0749ceb69df98f15,local-only/original-project
20260917-开发资料/source/.agents/notes/proposed/bug-fix/2026-09-09-inert-layout-toggle-face.zh.md,4647,15962129aea90fb5bac826688e908d0838b616e31cb01cf74aaebe6faa4fbf28,local-only/original-project
20260917-开发资料/source/.agents/notes/proposed/feature/2026-08-27-plugin-presentation-dormancy-framework.i18n.yaml,446,d9824730ac23c62d2631d54ac9b1d7ab71f8b447f3c21789227e0a66d1ac4f3b,local-only/original-project
20260917-开发资料/source/.agents/notes/proposed/feature/2026-08-27-plugin-presentation-dormancy-framework.md,5213,bbbad97e835c07ea8088a4684e7a6f3e907bb6af2b052d403ff6904ad3c3d979,local-only/original-project
20260917-开发资料/source/.agents/notes/proposed/feature/2026-08-27-plugin-presentation-dormancy-framework.zh.md,4523,55c2725352df859d11874154f92f0cd06f2b973a1736a4a090743af55b31867b,local-only/original-project
20260917-开发资料/source/.agents/notes/proposed/feature/2026-09-13-liangshen-v41-flash-improvement-plan.i18n.yaml,442,d26bd3799f37976e867074677cb0a6c2cb14aeddeafd57446dd5f54f08e8d0f7,local-only/original-project
20260917-开发资料/source/.agents/notes/proposed/feature/2026-09-13-liangshen-v41-flash-improvement-plan.md,13194,38baefbd82f661509c178eab09a106d5e6ebc07263138807eb35cd0e87651786,local-only/original-project
20260917-开发资料/source/.agents/notes/proposed/feature/2026-09-13-liangshen-v41-flash-improvement-plan.zh.md,11218,ec0f1b99130198deb5b5129280b02ecf99120669f1cfe42868ae5feaeff41d7f,local-only/original-project
20260917-开发资料/source/.agents/notes/proposed/simplification/2026-08-26-large-unit-split-backlog.i18n.yaml,418,a4f444a3f403f3e4b2eddefdfdb7461757e8b8d37b07470a5e0676ec7e638a0c,local-only/original-project
20260917-开发资料/source/.agents/notes/proposed/simplification/2026-08-26-large-unit-split-backlog.md,1967,b115fc86ef4549ba8b57ef9ee6d5c4f272201538c8490def13075828734acd32,local-only/original-project
20260917-开发资料/source/.agents/notes/proposed/simplification/2026-08-26-large-unit-split-backlog.zh.md,1769,7e4993ee62444ddb05a8f06f712dca929cab3bfad82ff0e49de34461262e18a2,local-only/original-project
20260917-开发资料/source/.agents/notes/README.i18n.yaml,360,475651f8a95a77c946440766b6e3e65d1a537daf385c7c5a13e4d5befe0d07cc,local-only/original-project
20260917-开发资料/source/.agents/notes/README.md,9610,f4c78234a81e0ebe5bbeae24e39334c88321a95ac173e35660e7770c98edbf7c,local-only/original-project
20260917-开发资料/source/.agents/notes/README.zh.md,8549,54d1f8146ec6c0e9c80bb7485a469aafccf3053870c8a9b6103c6cfe6065c0cf,local-only/original-project
20260917-开发资料/source/.agents/notes/rejected/.gitkeep,0,e3b0c44298fc1c149afbf4c8996fb92427ae41e4649b934ca495991b7852b855,local-only/original-project
20260917-开发资料/source/.agents/notes/rejected/architecture/2026-09-13-remote-web-ui-docker-assets.i18n.yaml,240,cb303611d258e5bc844592a228741fa5567dcbe0d2a06eef392a2c364d333439,local-only/original-project
20260917-开发资料/source/.agents/notes/rejected/architecture/2026-09-13-remote-web-ui-docker-assets.md,1397,abb75f60217f9868c7e73c6b76a55310f3e8d3a83e84d7146fc78922142652ce,local-only/original-project
20260917-开发资料/source/.agents/notes/rejected/architecture/2026-09-13-remote-web-ui-docker-assets.zh.md,1244,67b8ee03444db159e7d6d54a531aa6ab8b178bff92d55df5063fcd2748734d4e,local-only/original-project
20260917-开发资料/source/.agents/notes/rejected/simplification/2026-08-26-eventfolder-incremental-prepend.i18n.yaml,432,3645027bb4c4dde281fdd46ea9783c032af23c2d4015957aac9fc5aa508ddf4d,local-only/original-project
20260917-开发资料/source/.agents/notes/rejected/simplification/2026-08-26-eventfolder-incremental-prepend.md,1415,ef0fabf3a6d48f28a48e5fd2a8f3cc08d75f40e7da6fa24b2db63bd3c6f8a85b,local-only/original-project
20260917-开发资料/source/.agents/notes/rejected/simplification/2026-08-26-eventfolder-incremental-prepend.zh.md,1313,f65914413dd473dc07b7558e186d29a47732473317d8c1480da85ceface2c4ef,local-only/original-project
20260917-开发资料/source/.agents/skills/dsh-web-agent-coding/SKILL.md,4219,c198cf3f77f3c2c772cd75481ab9cbfad9d672ffbdb4531800669fff55c99c87,local-only/original-project
20260917-开发资料/source/.agents/skills/dsh-web-code-review/SKILL.md,3345,2aaa10cb6da64af1ecc8dc4df366281e3a24c20bca7899496d900a17bd8bfc1e,local-only/original-project
20260917-开发资料/source/.agents/skills/dsh-web-community-plugin-developer/SKILL.md,7987,e6a104c7c7fef22901b2f8442f6de6807103921f91952ea5f78b4db42f86b682,local-only/original-project
20260917-开发资料/source/.agents/skills/dsh-web-documentation/SKILL.md,1916,778e837f96c7eddf4e0e5481ee642c723950e5377688b0ff751cf2c2b3280b38,local-only/original-project
20260917-开发资料/source/.agents/skills/dsh-web-pet-developer/SKILL.md,10143,9323e331eea52bc07577884e221fe08aa0eeb4c4dcab49c1b853466808d08b7b,local-only/original-project
20260917-开发资料/source/.agents/skills/dsh-web-pre-push-checks/SKILL.md,3248,cd6ac8500c19c1ecf38965f89ef64ba1acca0ca2fc8955ada3c49c4fdec57a65,local-only/original-project
20260917-开发资料/source/.agents/skills/dsh-web-release/SKILL.md,23137,95a0338aac66cbaa6d75a0d797074489a7e3f6a9db000aa044b99099565e12b9,local-only/original-project
20260917-开发资料/source/.agents/skills/dsh-web-skin-developer/SKILL.md,7824,b51c99492294002ab4b82c0d186ea90f9a197a415bc0cf74cbf3833d0e329d7d,local-only/original-project
20260917-开发资料/source/.agents/skills/dsh-web-web-qa/SKILL.md,2148,15bd3269d7e8b750d1b2501ff35d9b509cb7d2da476c9bcb17380867729847cd,local-only/original-project
20260917-开发资料/source/.github/CODEOWNERS,230,fb9e966a5a9b852118597549ecaa83d438c724527ce0927b92ed75e7a9ca9d8e,local-only/original-project
20260917-开发资料/source/.github/ISSUE_TEMPLATE/bug_report.yml,4264,68d590c4f76f8545051fc18000a8708bc867222afe0e86d9b6121732450036c5,local-only/original-project
20260917-开发资料/source/.github/ISSUE_TEMPLATE/config.yml,28,1f103c6a9dd07cd13a9a6f17ace6b813f47747eb9cb7e00488cb2073caaf91bb,local-only/original-project
20260917-开发资料/source/.github/ISSUE_TEMPLATE/standard_issue.yml,3224,25eaacf0a590dc256b6749e4b0b844020353d05a312b6777d9deedace9279173,local-only/original-project
20260917-开发资料/source/.github/labeler.yml,2153,07a1a142f2c07b70ec71a6943e8212d4d359593a7cdf55fe8a68ab384d43fc1b,local-only/original-project
20260917-开发资料/source/.github/pr-review-routes.json,2803,c092a50f76ac91ee5b75c5ed75af2777862145bcf7d8e8c3a2a9ff3dd8119a86,local-only/original-project
20260917-开发资料/source/.github/pull_request_template.md,12997,6dc2cc948e6d71546924eea5d991e9de664e056a019aa16eb57b340b4c508d8a,local-only/original-project
20260917-开发资料/source/.github/workflows/agent-notes-guard.yml,1263,9b2338b5587ac69e4057dd19dc88beb2623551a5999968a8ce6af21039bb6301,local-only/original-project
20260917-开发资料/source/.github/workflows/auto-assign-issues.yml,932,1c3c1a7e239011aff27ed0547e80e1c378807b711b45c31d908e0206ef166fdd,local-only/original-project
20260917-开发资料/source/.github/workflows/auto-assign-pr-reviewers.yml,11399,4ab46b09d6c1aab24953a9ebf8a99232b7ccd26f2cea66892c2e67b9da3830ae,local-only/original-project
20260917-开发资料/source/.github/workflows/auto-label-issues.yml,5186,6eaa10bc28d960232ffe5218d610bcae58da09e99edd4b790949e11da7866a34,local-only/original-project
20260917-开发资料/source/.github/workflows/ci.yml,8372,533f9a521c769ea7cf8ac149f70bb4f6c74a5a8ac0ea6030821a4acb53e2510e,local-only/original-project
20260917-开发资料/source/.github/workflows/contributors.yml,2352,77fb1629a8ae232e48a4d33a5407f1a35f98093a090bb1f0db4c848bba32f2e7,local-only/original-project
20260917-开发资料/source/.github/workflows/deploy-market.yml,2842,145ffc1e38c7838244aa480b54381c443fbc7c898d2aacf8f9eb30c79287acee,local-only/original-project
20260917-开发资料/source/.github/workflows/desktop-release.yml,10745,621818a692a61a13ce993baee4b5670e98b8444199038090b24040f8f014bbd0,local-only/original-project
20260917-开发资料/source/.github/workflows/issue-dedup.yml,4508,206e5757058da79650e2d11dbc70424d8b125423e42b2469779cdd1fa1c4f0a9,local-only/original-project
20260917-开发资料/source/.github/workflows/issue-template-enforcer.yml,4029,a17128f002ed7dd74e436aaa5243ab7c05b1a1a5107637683436ba910b845ec3,local-only/original-project
20260917-开发资料/source/.github/workflows/labeler.yml,411,6022e3f3e0f18218ae13b88f39fa77c23dd857b321040e0d6cf1e0c7edc511a6,local-only/original-project
20260917-开发资料/source/.github/workflows/pr-contribution-rules.yml,8918,be1f5f36b3bb9567edb5ede8f638463fc5830c057edfa57a0608cd0b0cbc9e18,local-only/original-project
20260917-开发资料/source/.github/workflows/reject-docs-pr.yml,3590,a49fe0bc052c252eb3be585e706007e3bf6e2d526d5cf5109873fffe2cdb3313,local-only/original-project
20260917-开发资料/source/.github/workflows/reject-non-content-pr.yml,5960,c0abb519f5d8bb7b641fdaec83678f9eb4b32caa2c3bad1fefb0c0eb977ceb4a,local-only/original-project
20260917-开发资料/source/.github/workflows/release.yml,8858,59be2cf69bd18944e5efe960531439efe4c745840ff7a00b2b3fd2cc1551e9f7,local-only/original-project
20260917-开发资料/source/.github/workflows/stale-assignment.yml,5462,d07c576efb9181b0a211d0c86ff409b210486cf0668241e108e0cea3dd2f4215,local-only/original-project
20260917-开发资料/source/AGENTS.md,10075,10dfd540f361e262480c08794cfa75b6575a1098848cef4830b175f8a953a214,local-only/original-project
20260917-开发资料/source/CONTRIBUTING.md,10769,04a082a981e723c0d4413197ef220e4e54c775b42e380cb05796f14397966081,local-only/original-project
20260917-开发资料/source/desktop/README.i18n.yaml,147,b95ec26e90366452e79bee4841dcd326f8f49efc06973af8bc28124324b2e80c,local-only/original-project
20260917-开发资料/source/desktop/README.md,8873,69c92ebcacba538b58a1ae493b818d9dd822e69902aac4a90a50e4b42fb9d58e,local-only/original-project
20260917-开发资料/source/desktop/README.zh.md,8300,42e46048f0bdd59aaa89138537301ed742758c9c5b4431010cf99c2718058ba9,local-only/original-project
20260917-开发资料/source/docs/AGENTS.md,3757,6143d630a92274e1afa378af61e21ba3fec91cdff81089983c00c490acd945f8,local-only/original-project
20260917-开发资料/source/docs/architecture.md,14989,174e0474373a1f4ef3c3c251025890bd29f9ce4962a5bc1b2ccbff07c2be6bec,local-only/original-project
20260917-开发资料/source/docs/archive/2026-08-18-semantic-attrs-survey.md,7775,0ead6c9e8e1f7e632c01c11714010538023d1426737761a8a45b351992b98312,local-only/original-project
20260917-开发资料/source/docs/archive/2026-08-18-skin-token-coverage-audit.md,8721,dac098f077603dee9e44c5858393e9b791fe53406056583fd8e1ddd066f55a6c,local-only/original-project
20260917-开发资料/source/docs/archive/2026-08-18-upstream-discussion-draft.md,3905,c1cd9430dfdc119367af22d5ab69949a2bb14ade46b17a65872607727e8a4ffa,local-only/original-project
20260917-开发资料/source/docs/archive/2026-08-18-upstream-theme-seam-recon.md,5680,a820ba05d8820cebe5c19aa69129447b305ff41847b3e4e0fa2a17d3ce8f590f,local-only/original-project
20260917-开发资料/source/docs/archive/2026-08-19-sdk-rc8-upgrade-validation.md,5488,9acedb1060b3e757df4ea4b168bcb007499a0f254516875f79aa408d29c5dfbe,local-only/original-project
20260917-开发资料/source/docs/archive/2026-08-20-v4pro-public-endpoint-text-only.md,2296,3bbd1d946552e5e0f4414963f310e38303ff598a56cfe8fae04adcd801f2847b,local-only/original-project
20260917-开发资料/source/docs/archive/2026-08-20-wallpaper-exclusive-dev.md,15706,6d31c22d67d3044ec7d41276d34595a149b97187cc9b62d84b9516085a69070c,local-only/original-project
20260917-开发资料/source/docs/archive/2026-08-21-card-blur-slider-evidence.jpeg,352078,ee38b1cde9970bbd02560fdb2ff2b85b333a6ebe958c4bb64b12fa73a9153465,local-only/original-project
20260917-开发资料/source/docs/archive/2026-08-21-wallpaper-exclusive-round2.md,13169,6aa3deb0b559187546b2ca03dfc869a878cad7153a6172943b00936ff9484ebb,local-only/original-project
20260917-开发资料/source/docs/archive/2026-08-21-wallpaper-exclusive-round3.md,27584,51dd26b2557c5c472b414b2b7397b8ae4ccc61f8d33704ec737b46e808d62fa5,local-only/original-project
20260917-开发资料/source/docs/archive/2026-08-23-paired-device-full-api-memo.md,15401,6716fd6b7aa12566865d8d54298001ff194bf67c66aafe481ac0b0359e8ce41b,local-only/original-project
20260917-开发资料/source/docs/archive/2026-08-30-dsh-model-selection-lockup.patch,3845,8155ee6e2178de1c5cc0680dea61ad8b05623b26e4fb82a0f3f94807d4184bc9,local-only/original-project
20260917-开发资料/source/docs/archive/2026-08-31-session-archive-e2e-validation.md,4464,d502ed32a26afe32f7565941297516dc233e5cadf4a41f3d95c9d859a95113b1,local-only/original-project
20260917-开发资料/source/docs/archive/2026-09-08-blue-throated-bee-eater-token-evidence/dark.png,19521,f150fea5134839ab80990fa6e09e44f09534ee817d6f01fce3d40934bc64a821,local-only/original-project
20260917-开发资料/source/docs/archive/2026-09-08-blue-throated-bee-eater-token-evidence/light.png,19472,955d31aac4f3388517ea8df76d3de080f8c4845699eea8282418e202ea2dbb99,local-only/original-project
20260917-开发资料/source/docs/archive/2026-09-08-blue-throated-bee-eater-token-evidence/real-badge-dark.png,70138,a982a37f01f93ae8b0217e0868a27c8c6ced66493dd4b43d6a733367bed5171a,local-only/original-project
20260917-开发资料/source/docs/archive/2026-09-08-blue-throated-bee-eater-token-evidence/real-badge-light.png,72692,d6a1db08721a0c062e147e5df3f0387933b94165389f558c5a7d87ecb11d5a98,local-only/original-project
20260917-开发资料/source/docs/archive/2026-09-08-blue-throated-bee-eater-token-evidence/real-tooltip-dark.png,9747,5905ab226c333221ce9c8ba3facf27121a4122adc37d589949e71c378cf6869f,local-only/original-project
20260917-开发资料/source/docs/archive/2026-09-08-blue-throated-bee-eater-token-evidence/real-tooltip-light.png,9810,33c10fc741ec2eb63bf4fd3a21a0316ff4251ce26485a03fb7ba4d8c7443d946,local-only/original-project
20260917-开发资料/source/docs/archive/2026-09-10-blue-fantasy-readability/after.png,808879,3e38656de6c695593441babd52141f521ddf3eba049845027fcddacfed1004c3,local-only/original-project
20260917-开发资料/source/docs/archive/2026-09-10-blue-fantasy-readability/before.png,929776,56584f54716a9a6890a35307bd0a75e5ca2d3faf10ce5a4e4a85b3ce81fef282,local-only/original-project
20260917-开发资料/source/docs/archive/2026-09-11-blue-fantasy-alpha-nav/dark.png,768370,0e410269174322fa9dea0137c1b80727a800771837987445ef5741151590d29e,local-only/original-project
20260917-开发资料/source/docs/archive/2026-09-11-blue-fantasy-alpha-nav/light.png,881857,16c47562056c2b5a96ffaae0a1ad7fa23f56becb1cb8cfbb6dbdd1b2e477839f,local-only/original-project
20260917-开发资料/source/docs/archive/2026-09-12-plugin-composition-bench.mjs,7147,e0dabb409ca05a6513b7c3ca50db7bbea99785046acdf2948158e416ce98b5f2,local-only/original-project
20260917-开发资料/source/docs/archive/2026-09-12-plugin-composition-measurements.json,6654,56c41c85ab2cce31bd2d4d6a2e0330a2fbc8e00a12a87a7a22e3eb99540334f4,local-only/original-project
20260917-开发资料/source/docs/archive/2026-09-13-skin-center-bubble-blur/blur-18px.png,112140,8f061172c70c613942a3201293c504d405e3f90041234b69b5f2b335b3f35c5f,local-only/original-project
20260917-开发资料/source/docs/archive/2026-09-13-skin-center-bubble-blur/default-10px.png,112236,04308559fda5d801b3f49fa08abbc4e46f09515f1ffcef7647cc5bcb801e1d0e,local-only/original-project
20260917-开发资料/source/docs/archive/2026-09-remote-web-ui-sdk-0.1.2-review-notes.md,6746,26cd4dd82ae10cbb80368329c70022d5aea8373c3829bc9a3578ee86e70b2f56,local-only/original-project
20260917-开发资料/source/docs/archive/20260827-phase1-performance-round-snapshot.md,2574,a5f9cde307e93678c14dbc63f8dcc175cea5a5a88c9a7593bc5624fdb368707d,local-only/original-project
20260917-开发资料/source/docs/archive/blue-throated-bee-eater-pet/compare-idle.png,459882,e56b9322911f2f8a1ff9c00ec839366d0951535ce224dd5df4fdef5f1fbab4ff,local-only/original-project
20260917-开发资料/source/docs/archive/blue-throated-bee-eater-pet/contact-sheet.png,4683852,500ed155fe66af5c41d440ca21cafbd08ff88c63b8ef08062541e416a1c0720e,local-only/original-project
20260917-开发资料/source/docs/archive/blue-throated-bee-eater-pet/feed-capture.mjs,707,6d65dbf5664ef703094343b579ec1910160f54ee68f1903b62fc9fdac69a1085,local-only/original-project
20260917-开发资料/source/docs/archive/blue-throated-bee-eater-pet/gen-pet-pixel.py,14452,ec4aacd359f33bfb333d6ce2c2207b5bbde18068259d90c0ee7030b27557adfa,local-only/original-project
20260917-开发资料/source/docs/archive/blue-throated-bee-eater-pet/gen-pet.py,12687,95182c9dd78666d036a09722803253a6f4c8a36b1888601f91a1c177693185f9,local-only/original-project
20260917-开发资料/source/docs/archive/blue-throated-bee-eater-pet/gui-capture.mjs,677,21ea467fcd794d0dd661c6145fcbd8ddb4fda13983be141f58eba75aa7532e09,local-only/original-project
20260917-开发资料/source/docs/archive/blue-throated-bee-eater-pet/gui-panel.png,602946,4b4c12fb60fdac38b1beab24aeba0a2955fdb7b3bbcc09cc92987208ad046352,local-only/original-project
20260917-开发资料/source/docs/archive/blue-throated-bee-eater-pet/gui-pet-animation-strip.png,102475,31021dad9877a2fb6f1ad386f75f57d00a9f7c1981e726631f19f2d9db00fe6b,local-only/original-project
20260917-开发资料/source/docs/archive/blue-throated-bee-eater-pet/gui-pet-dock-a.png,574384,5ee62a532376f18059d07702d62cfbee53b168605f1fd855385959a9fd884346,local-only/original-project
20260917-开发资料/source/docs/archive/blue-throated-bee-eater-pet/gui-pet-dock-b.png,575155,983970eb2982c9c7905b8fc05b4b18455f952b8240b69c716cc4c336e462840b,local-only/original-project
20260917-开发资料/source/docs/archive/blue-throated-bee-eater-pet/gui-pet-dock-c.png,575000,8aeac4abd607b87bcdb0c4e66503a442cbf0e14bec70e6b7dc5e6ae0d7933541,local-only/original-project
20260917-开发资料/source/docs/archive/blue-throated-bee-eater-pet/panel-capture.mjs,831,96c04f33d009dde6c9fa460292afad6442b4c7ed07401b47b1650f58cc57b734,local-only/original-project
20260917-开发资料/source/docs/archive/blue-throated-bee-eater-pet/pets-api.json,5977,bf25692390996ba71aac2e5c2615c121830dac2c9f142bede4dfcc492ebb141a,local-only/original-project
20260917-开发资料/source/docs/archive/blue-throated-bee-eater-pet/source/ref-01.png,1412303,89f12c84426f9132f59ce80821b2e4b91bdc1676065d1f82e96f027de693b5bb,local-only/original-project
20260917-开发资料/source/docs/archive/blue-throated-bee-eater-pet/source/ref-02.png,1569350,bf79a70ec8a64cfd4557274062d2c2383aeb8a5f63858b74f05ad9d48fcc1553,local-only/original-project
20260917-开发资料/source/docs/archive/blue-throated-bee-eater-pet/source/ref-03.png,1358004,fa15dc72e91b1e853842b1fbde8140623a591d18cd2eb31c86bbbab2fbd00c6f,local-only/original-project
20260917-开发资料/source/docs/archive/blue-throated-bee-eater-pet/source/ref-04.png,1551454,af4055715dbd7562b7237207b5dbc8e6818e19c7c37ed221062e6bba836c184e,local-only/original-project
20260917-开发资料/source/docs/archive/blue-throated-bee-eater-pet/source/ref-05-crouch.png,1357970,94f064bd4b5ef503ab2dec7805842bceb5457617b8443478d8c7f1b41ee3eec3,local-only/original-project
20260917-开发资料/source/docs/archive/blue-throated-bee-eater-pet/source/ref-06-droop.png,2084427,5903681bbc81b5eaf10835b03e0a207062b07e68d05145e9b5fb190a50327c91,local-only/original-project
20260917-开发资料/source/docs/archive/blue-throated-bee-eater-pet/source/ref-07-tilt.png,1862510,4c61bad57f131c0789f1bdd1d0e4722fe3d963008be908eea2bd58daa2cf6dc3,local-only/original-project
20260917-开发资料/source/docs/archive/blue-throated-bee-eater-pet/source/ref-08-review.png,1879021,e13e67603b77cb485b89e7569c09bd813a33fbb6563e1e41e4626ea319e4a1d4,local-only/original-project
20260917-开发资料/source/docs/archive/blue-throated-bee-eater-pet/source/ref-09-takeoff.png,2182275,7173956e0cea23c125545ddad76c8964f97b3501df68813de1dd8e0550b668da,local-only/original-project
20260917-开发资料/source/docs/archive/blue-throated-bee-eater-pet/source/ref-10-hop.png,2225789,d571d8f82845bfe9b784e468ff3d9798521d452f52e926034136375107d13da5,local-only/original-project
20260917-开发资料/source/docs/archive/blue-throated-bee-eater-pet/source/ref-11-blink.png,1905965,8e3867c19af8a96a7a9469474ad64c4c6255607a8ba1d17be1332245bf0802fa,local-only/original-project
20260917-开发资料/source/docs/archive/blue-throated-bee-eater-pet/source/ref-12-blink-front.png,1625272,7af402ef3f3c626d5f0a2a84f252e9d7073186b3f902ea53b4a963be4d365cdc,local-only/original-project
20260917-开发资料/source/docs/archive/blue-throated-bee-eater-pet/strip-failed.png,505276,15d469d5ee330d8d56dab7e0b3f27566dcb88cbf6900277557bcd2ee9dbb0dee,local-only/original-project
20260917-开发资料/source/docs/archive/blue-throated-bee-eater-pet/strip-front.png,314620,b11e3435d3ad22fe3038d0d5209f85bd993860b4af7a78459c5699c4ede6b2db,local-only/original-project
20260917-开发资料/source/docs/archive/blue-throated-bee-eater-pet/strip-idle.png,384582,41c4db085a3cee6c6f3651ab50de869b8eaf8fe3eb6483c87a5e7bb1b46fb4ea,local-only/original-project
20260917-开发资料/source/docs/archive/blue-throated-bee-eater-pet/strip-jump.png,551229,780ad1a87943af47262929839c56c6806d84a321cdfdaf341c593d73d947a1b6,local-only/original-project
20260917-开发资料/source/docs/archive/blue-throated-bee-eater-pet/strip-review.png,456999,07433464f57e768c462052dea2f556485afa4e0b193a0e3ab716378f0c0c6f7c,local-only/original-project
20260917-开发资料/source/docs/archive/blue-throated-bee-eater-pet/strip-waiting.png,446916,c2438d6bc0b8f064f676296ea5bf6868246f3653dc5bb3a1388b1f1c43fb5fdd,local-only/original-project
20260917-开发资料/source/docs/archive/blue-throated-bee-eater-pet/user-sheet.png,560164,7d682df366d635398727c12d2292bca10d39c89c76990c444e0f9cfcdc26a415,local-only/original-project
20260917-开发资料/source/docs/archive/blue-throated-bee-eater-pet/user-sheet2.png,400803,e32a01e85d2749821dd2d247e32d6059b4d741a722d55d7c3c1a701a580d8689,local-only/original-project
20260917-开发资料/source/docs/archive/blue-throated-bee-eater-pet/user-sheet3.png,374509,ea568df1104c89a9434f8a151034661a3497f4b76ee3e0e507d9bb382b3e10b5,local-only/original-project
20260917-开发资料/source/docs/archive/blue-throated-bee-eater-pet/user-sheet4.png,250991,5b64183c3f457fab7d2b7cdbab3796f87a93dd15ecfb558f48d625c07b519ab0,local-only/original-project
20260917-开发资料/source/docs/archive/blue-throated-bee-eater-pet/validation.md,4657,8e2d3946f1e052b3c6cadd6720c3723bb37dd9d78875dfdaa8663eb4d46e122a,local-only/original-project
20260917-开发资料/source/docs/archive/blue-throated-bee-eater-pet/zoom-sheet.png,1717852,801e055444f47a1009b202426d2135a0b833a4329756a06ccc0d8406d6a1758d,local-only/original-project
20260917-开发资料/source/docs/archive/code-opt-round-2026-08-17.md,9449,477e6c914d113c8d24c17bd690fd9677da734935f6301bb69ab4e01e74c0025d,local-only/original-project
20260917-开发资料/source/docs/archive/dev-flow-changeover-2026-08-20.md,4695,810f3444bc29bf2209e0ed025e86ce736ee19309f5ab694dd91fedcae6c80425,local-only/original-project
20260917-开发资料/source/docs/archive/dsh-pet-issue-341-browser.png,41596,2204be252edf7e65c335139af4b67f401c9d8890c020043e4d41424df76f560a,local-only/original-project
20260917-开发资料/source/docs/archive/dsh-pet-issue-341-dsh-web.png,108198,059051241275c93d11c3ccf31c135bffb2e22de82b9182419ced21b09b26dcae,local-only/original-project
20260917-开发资料/source/docs/archive/dsh-pet-issue-341-validation.md,2595,4ac0260ee6ce17dc64aaa754379dbdac22ff6bd558ea17dd13a4b3a283c467af,local-only/original-project
20260917-开发资料/source/docs/archive/evidence/skin-webgl-topic-overlay-fixed.png,2010784,ec9470349a507d65d8341816bc91f3d15e10858e1fc1e7cdc34103b11eb68e84,local-only/original-project
20260917-开发资料/source/docs/archive/evidence/wallpaper-dim-layer-fixed.png,448105,1436c7027cf2060f35144ed8430040c44a3c5565970303407642446e30de6eae,local-only/original-project
20260917-开发资料/source/docs/archive/future-window-pr-1087/dark-desktop.jpg,120263,5582a96225b10c047929202e5aa89cef96ee56f862a83d9922850e294443f454,local-only/original-project
20260917-开发资料/source/docs/archive/future-window-pr-1087/dark-narrow-expanded.jpg,36720,95a28451d26041697a16e3038648e75d4ba6910690e947533f52b0c6effa5d0c,local-only/original-project
20260917-开发资料/source/docs/archive/future-window-pr-1087/light-desktop.jpg,107284,3d37ff817ca9383585a29c6d0a900bc6e079141adab7e7301ce96a216d93442a,local-only/original-project
20260917-开发资料/source/docs/archive/future-window-pr-1087/light-narrow-expanded.jpg,34238,c7d4dadb2d154db89356fbdb0be5998bb8abe42e1fc41020e129b683ccdcce26,local-only/original-project
20260917-开发资料/source/docs/archive/future-window-pr-1087/validation.md,1333,f08c00102f0e6af61ae70917551354a162bded81824897f415e2f92bde9deb7c,local-only/original-project
20260917-开发资料/source/docs/archive/issue-451-mermaid-desktop.png,3126,1625d256c48077d2b615e5be71a932f861b0f31f9a6b6172acf7ca53934f98b9,local-only/original-project
20260917-开发资料/source/docs/archive/issue-451-mermaid-gui-2026-08-18.md,1818,2bd467ac81b30f372770890a4abb0bb16075ac9d5085cddc6b027fa01e4770e3,local-only/original-project
20260917-开发资料/source/docs/archive/issue-451-mermaid-mobile.png,3284,e34eb1627f3b43a35f4fd3da768d4fcad8267b4d9883016eddb991c4228b049a,local-only/original-project
20260917-开发资料/source/docs/archive/issue-689-accept-desktop-launcher-2026-08-19.md,2496,8599b396a56880b127b4cbfe39553d3f55d2b6cd6d72a77949f69ef90b4a7709,local-only/original-project
20260917-开发资料/source/docs/archive/issue-954-composer-placeholder-fixed.png,19936,606aeb5d18dca551d0851ae7d9798c4db563bcd8ba0eb8a2dc190d15999bfa55,local-only/original-project
20260917-开发资料/source/docs/archive/issue-954-sidebar-fade-fixed.png,18107,4ded4b1c79074d552227bcac0630c1b20dc004639016ad0b33db81b347372095,local-only/original-project
20260917-开发资料/source/docs/archive/liangshen-maxtokens-ab-20260815/liangshen-facts.md,3245,4cbdef0819b728d1696408185e775f052e91f8fec81da1bd3edd2d2e62ba61ad,local-only/original-project
20260917-开发资料/source/docs/archive/liangshen-maxtokens-ab-20260815/outputs/baseline-1.out,1175,669f1572781b07ebdc4df128b35c1140e9c73ec572acb67302bc29af7eafe992,local-only/original-project
20260917-开发资料/source/docs/archive/liangshen-maxtokens-ab-20260815/outputs/baseline-2.out,1254,5c31643ed0306201e7fc4e840405288a91645be545956d6f027ad0ac8a95c6dc,local-only/original-project
20260917-开发资料/source/docs/archive/liangshen-maxtokens-ab-20260815/outputs/baseline-3.out,1169,a1fc055407702ba553a65c93b10991d297d268157b996ccff49ce4994b55325f,local-only/original-project
20260917-开发资料/source/docs/archive/liangshen-maxtokens-ab-20260815/outputs/baseline-4.out,1022,c34a67a4bad4e60ada072165db64f74c7bf8a727370dc71ea4d9e07c1fb8b6be,local-only/original-project
20260917-开发资料/source/docs/archive/liangshen-maxtokens-ab-20260815/outputs/baseline-5.out,1119,5befea71d6e53a700850a77e5b2a13fac2e05ddd74ea82dc7578dd1409a4d532,local-only/original-project
20260917-开发资料/source/docs/archive/liangshen-maxtokens-ab-20260815/outputs/baseline-6.out,737,86bfcff40c49f4cb9b6d447826ec9941f68fa031f9cb0d5f728c2614f93aaeef,local-only/original-project
20260917-开发资料/source/docs/archive/liangshen-maxtokens-ab-20260815/outputs/cap-1.out,1228,4b3f5d2b602f2c16252e445158d9871fb82456fbecb2b32c569855a2dfb98ebc,local-only/original-project
20260917-开发资料/source/docs/archive/liangshen-maxtokens-ab-20260815/outputs/cap-2.out,937,991b62924cf489235cc2fc3a3b520a6e86145b72663c56f7dd9f8989d794f599,local-only/original-project
20260917-开发资料/source/docs/archive/liangshen-maxtokens-ab-20260815/outputs/cap-3.out,580,ab3745ffd33c481e0b79b4f07d423478470ef8917c9f2b30129d6bc874031712,local-only/original-project
20260917-开发资料/source/docs/archive/liangshen-maxtokens-ab-20260815/outputs/cap-4.out,1011,206ac4dca7138e482b511964268c1218d6cbdabd2b613106484285fc55a0d597,local-only/original-project
20260917-开发资料/source/docs/archive/liangshen-maxtokens-ab-20260815/outputs/cap-5.out,1355,5147b5294db5099f04cba54357f2d457c26012c4df4efbd18fa053784387ccc0,local-only/original-project
20260917-开发资料/source/docs/archive/liangshen-maxtokens-ab-20260815/outputs/cap-6.out,1328,a86d04a5d56389d8d1359e69cd2ef66b2e2980192df44ef295093d38b1220f34,local-only/original-project
20260917-开发资料/source/docs/archive/liangshen-maxtokens-ab-20260815/README.md,2480,a669048ca358855a709595aceb8eecfd8aacb3d346560c51f264f11e466a0e82,local-only/original-project
20260917-开发资料/source/docs/archive/liangshen-maxtokens-ab-20260815/scripts/analyze-ab.py,2111,0f05dc42acf9f12650ea7d09bd83cc2404da004921572d6aba90a546d8336801,local-only/original-project
20260917-开发资料/source/docs/archive/liangshen-maxtokens-ab-20260815/scripts/final-ab.py,2419,c6e5ba2ed7cfbcedbf57cf711660b67800ae9da31b27d45f160083479d9ce2a7,local-only/original-project
20260917-开发资料/source/docs/archive/liangshen-maxtokens-ab-20260815/scripts/final2.py,3137,d3d508a9adc7d2c56a47d4fdda7f666b91bb30aa22c6c7353342d07af335a915,local-only/original-project
20260917-开发资料/source/docs/archive/liangshen-maxtokens-ab-20260815/scripts/final3.py,2391,b0bfe66778f6381630014494c6e02a9a1b6de57a5e014808d8a69c13173de79d,local-only/original-project
20260917-开发资料/source/docs/archive/liangshen-maxtokens-ab-20260815/scripts/final4.py,2310,b67ebcf50bf483b95f914ef71b05d0b8143fc228f4d45389095fdc7f8106d9f6,local-only/original-project
20260917-开发资料/source/docs/archive/liangshen-maxtokens-ab-20260815/scripts/run-ab.sh,555,5386962811c1f710a6397103d9897079a9c2dd4ee20a3960f80c9cea668a883f,local-only/original-project
20260917-开发资料/source/docs/archive/liangshen-maxtokens-ab-20260815/scripts/run-ab2.sh,555,e87470225062b6346f805a40698011c635e149cfdc9ff796324baefd0c237e0c,local-only/original-project
20260917-开发资料/source/docs/archive/liangshen-v41-flash-eval-protocol-20260913/README.md,7007,1a6d6f927e5d968bafe4be19c0dffa26bb8e890ccb3a0a800b961508e2df0093,local-only/original-project
20260917-开发资料/source/docs/archive/market-hub-qa-20260823/hub-dsh-market.png,334219,ef4773fc55def6bebbc04df60970bc58515cd9189741f1ba1afd23a7623040f1,local-only/original-project
20260917-开发资料/source/docs/archive/market-hub-qa-20260823/note.md,1803,42f8d58ece06693d80ae33b0ba2d0dc88249adb7047133d6d7f503ea350d7b1f,local-only/original-project
20260917-开发资料/source/docs/archive/market-hub-qa-20260823/tab-shop.png,334651,d1a8077282897617de7c21ea2e1c0dea679f414e34e77c6cdc172432c53ff163,local-only/original-project
20260917-开发资料/source/docs/archive/market-hub-qa-20260823/tab-skin-center.png,314853,0e81f386c1ec06be281813b6d065a5ca6c564d75a13ab3bf63a0d1093cb69130,local-only/original-project
20260917-开发资料/source/docs/archive/miku-pet-pr-1031/after-drag.png,1222945,e9a5f91a38a2ac1ac5dfef4762d5fce076811df4e72eca94fb99f43b5a600e7f,local-only/original-project
20260917-开发资料/source/docs/archive/miku-pet-pr-1031/after-reset.png,414902,e4285849e06b9e4f3365ec9f362e9308f16878ba9c462451013cad46dc0688d5,local-only/original-project
20260917-开发资料/source/docs/archive/miku-pet-pr-1031/animation-frame-a.png,106465,42944318f1dbd063416b753084bfb6eda8910b548185165549978fbaa2e92d0c,local-only/original-project
20260917-开发资料/source/docs/archive/miku-pet-pr-1031/animation-frame-b.png,106914,b56e3b30229fc071bff2e32d593b6c56c98572181c79b53ef93aa167a6bf1b1b,local-only/original-project
20260917-开发资料/source/docs/archive/miku-pet-pr-1031/home-miku-sprite.png,1225759,42007e8f588bc7debddf4d62c8f8b791af00d1d60e7d45c35bbb22e26939559f,local-only/original-project
20260917-开发资料/source/docs/archive/miku-pet-pr-1031/hover-menu-stats.png,1222424,67fe1723181456b741b4e62f07c567be3d13dfb5a667892f33b159b72af4edd5,local-only/original-project
20260917-开发资料/source/docs/archive/miku-pet-pr-1031/narrow-390.png,190887,cbecc1dcce4cf1ddc90c673b2d0c89d3a1d9fd808d751e6adcbbb6feede7f27a,local-only/original-project
20260917-开发资料/source/docs/archive/miku-pet-pr-1031/pet-config-settings.png,412328,603e39cbde14f603e6aa2cfbe43faad7e428ec5a033fe4b34d1f3d82cdcc5744,local-only/original-project
20260917-开发资料/source/docs/archive/miku-pet-pr-1031/shop-modal.png,831683,2e11397da053fbf264ed2f4793255c5dc181c2b7a41a9c41510526ec5f01552f,local-only/original-project
20260917-开发资料/source/docs/archive/miku-pet-pr-1031/validation.md,2900,304fdaadecc92d0c31f7cfcd65b33fffd4b0c64042fcc7527fca1bbfdf3972ec,local-only/original-project
20260917-开发资料/source/docs/archive/ouo-neko-pr-1118/after-switch-ouo-neko.png,385757,3b94124ee5e39e60f472f4f7de19b0a57b6335e3af4a094757d048eea6d94192,local-only/original-project
20260917-开发资料/source/docs/archive/ouo-neko-pr-1118/idle-frame-a.png,37819,94b30dde38b1cdbe80d37330645aeab4f84d04955e749c9c86f79eabeb46f22b,local-only/original-project
20260917-开发资料/source/docs/archive/ouo-neko-pr-1118/idle-frame-b.png,38339,9cf0027e76093fca508ef18b4743fa555e13d6c3b69308a492342d4efbd29709,local-only/original-project
20260917-开发资料/source/docs/archive/ouo-neko-pr-1118/pet-settings-card.png,387588,1c63039fec9e52b12fc7b76d49501cd5bf159fd2aa16ef8b9526774581c930d4,local-only/original-project
20260917-开发资料/source/docs/archive/ouo-neko-pr-1118/registry-sprite-home.png,1193472,d7f6432b10ccdc3cf16b8691ad702a301816dc70adb647fb35c47ccda8cc5204,local-only/original-project
20260917-开发资料/source/docs/archive/ouo-neko-pr-1118/validation.md,2311,91c097a30df642d9e383e4efbf643efbfb65da06c5293d190395d982faf62157,local-only/original-project
20260917-开发资料/source/docs/archive/perf-measurement-multi-agent-gui-lag-20260823.md,5485,c3d31dcd289cd030d4946f6ef0faa5a63f8d83a4e71be2d896a56ccafd54ddc6,local-only/original-project
20260917-开发资料/source/docs/archive/pr-509-skill-explorer-paired.png,220900,7c35b72167e26d976447191959e4cbce8b77b9543fe35a2fe0fe7255961a6f2e,local-only/original-project
20260917-开发资料/source/docs/archive/pr-509-skill-explorer-unpaired.png,86223,7aa53f3b3e8a851570fcabd476288624e6784fdb9aa9d13f7c5570931d381f63,local-only/original-project
20260917-开发资料/source/docs/archive/pr-748-evidence/modlens-after-update.png,334526,e100854ec1f37aae344cdfadf780e9b21db2e5c2e19c0dbad80682a940c8dccb,local-only/original-project
20260917-开发资料/source/docs/archive/pr-748-evidence/modlens-before-update.png,339797,87c6f34eb75d39cca6542beab604081706004650f0ba9b1770c28a5a205f24ae,local-only/original-project
20260917-开发资料/source/docs/archive/pr-947-webgl-effects.png,2074663,737e1673ed7af8e545a57ef67441299f550e36029e11d2239ae05afdbca6fc2f,local-only/original-project
20260917-开发资料/source/docs/archive/pr-evidence/full-webui-desktop-home.png,414963,78a48178f1ea99b9a0da9376018660fb81bd4639e6d27bc1b11606a0d5c7094d,local-only/original-project
20260917-开发资料/source/docs/archive/pr-evidence/full-webui-mobile-drawer.png,173963,983af5743085aa0c36ed74a6d1c94c54b9cc9143df52310819d50df6da51c298,local-only/original-project
20260917-开发资料/source/docs/archive/pr-evidence/full-webui-mobile-home.png,114113,e50d02c5ac4e8f04e92865fb20cea10029be420ed3a904dbb742c7cbbdcf3da6,local-only/original-project
20260917-开发资料/source/docs/archive/pr-evidence/full-webui-mobile-ssh.png,88615,f1d9bedb9f4ee77a615394e328b69005726cc2d6c0ab01cd01f34d6b402a6a6d,local-only/original-project
20260917-开发资料/source/docs/archive/pr-evidence/issue-872/collapsed.png,26879,2afc4ede25e94c360c71b3a4954f7b0a01035b6038653c875e8d45195fdda4d7,local-only/original-project
20260917-开发资料/source/docs/archive/pr-evidence/issue-872/expanded.png,32423,5fd900b10a804a5a5bd086ce51322e4d349c2350dae7a8abb147ef87a488df2b,local-only/original-project
20260917-开发资料/source/docs/archive/pr-evidence/issue-872/sidebar-collapsed-qa.png,1214810,3311a75ce8eff1d4d4940ab2e38cfa3482c3c349dd3c4da308752bef2a8a766d,local-only/original-project
20260917-开发资料/source/docs/archive/pr-evidence/issue-872/sidebar-expanded-qa.png,1229638,356c3dab75c05dcea64512c54296e4df79c3c1f81ce24348146909d5bc4512f8,local-only/original-project
20260917-开发资料/source/docs/archive/pr-evidence/issue-872/sidebar-qa.png,1210773,6d0b45202fff579be16994c747c2e203b28a31894bd2e4a9f7167535c7c900dc,local-only/original-project
20260917-开发资料/source/docs/archive/pr-evidence/issue-872/sidebar-themed-hover-qa.png,595658,933d60e84a41cd8e45769af19e0db016b75af98ac1f607ea4d8651be0e06238e,local-only/original-project
20260917-开发资料/source/docs/archive/pr-evidence/issue-876/plugin-manager.png,65832,8b13e26e6c1c9e77e2cf07ac1eee3492e5b87a227d9d390fddd850fdf20567a8,local-only/original-project
20260917-开发资料/source/docs/archive/pr-evidence/issue-879/wallpaper-discovery.png,80744,f3e97a96656f192896be5d7625b11107471b02136687c2ca30faa44bdcfae340,local-only/original-project
20260917-开发资料/source/docs/archive/pr-evidence/issue-880/default-idle.png,34295,de4c9de5bbb9f82821efd8b1a2b91816d9b7ee8acdcfd341887ef3c4c353a29e,local-only/original-project
20260917-开发资料/source/docs/archive/pr-evidence/issue-924/mint-tooltip-contrast.png,34259,cf461e5e8cbf6aa085373c4674535c5fd4cb4ccd2e67b59760552064b721352f,local-only/original-project
20260917-开发资料/source/docs/archive/pr-evidence/pet-visible-close-desktop.png,150839,69d717b9d292a63d9a66310aa15b7f7c024e466e37b6397ac9a973dd27d2ad29,local-only/original-project
20260917-开发资料/source/docs/archive/pr-evidence/task-board-mobile-layout.png,73538,5e31cf2223ace83b6f59af91d4d4cc164cd07b9872ff7b8f3031fec0be917e28,local-only/original-project
20260917-开发资料/source/docs/archive/pr-issue-maintenance-2026-08-19.md,2196,9ffd19755b22e56ac9634018f4a134de87b7e3632603661fcd8b637180b28ae1,local-only/original-project
20260917-开发资料/source/docs/archive/pr-task-board-execution-targets.md,9139,ff9c55d4da47bca5bfa8aba57c0a89545d103caeb9f9147b351eaf999a3038fe,local-only/original-project
20260917-开发资料/source/docs/archive/sdk-0.1.1-rc.2-upgrade.md,6959,6b518cdb676089e1acf510f687ab238c9a2e5fd4aaed81a275ffd07982f31efc,local-only/original-project
20260917-开发资料/source/docs/archive/session-id-v2-evidence-1-panel.png,133115,f8aa360fa4e0ab538f85dece640a0ef2046b9aa10c843cfb8a84f011baad35f4,local-only/original-project
20260917-开发资料/source/docs/archive/session-id-v2-evidence-2-rail.png,55471,f57210358122b26e4667f4a5a19e552ec458295dedfcc13063f5a5be27691151,local-only/original-project
20260917-开发资料/source/docs/archive/session-id-v2-evidence-3-search.png,91067,7f430ca3c2cd975a51794ef59b65693c60a0e0b97b21b2051c2cf289c9c41fc8,local-only/original-project
20260917-开发资料/source/docs/archive/session-id-v2-evidence-4-long-url-fixed.png,95259,721a775387f00a5085c6cb30b957d94995a0a283383ce6e8e805632b5dc5d491,local-only/original-project
20260917-开发资料/source/docs/archive/skill-explorer-evidence/panel-gui-verify.png,168033,ec509549f3a9d98ad0c7a5329cf2ff148b0f4626675600307d651e6719b2d3ff,local-only/original-project
20260917-开发资料/source/docs/archive/skill-explorer-symlink-linked-skill.png,234422,49651ebe8211e1b21e31905cdeac3c4aa48cbb258b59aee891220786704d898f,local-only/original-project
20260917-开发资料/source/docs/archive/skin-center-assigned-issues-gui.png,447094,564aac5960a72937132a2528d050bad7ed45eeafd2030b84d30c17c1f4d48a15,local-only/original-project
20260917-开发资料/source/docs/archive/skin-center-bgmedia-theme-evidence-dark.png,601862,83ba1c0c430fbdc9f77040206c10a1442b041c60c99d352aeef6c7d89d02ca85,local-only/original-project
20260917-开发资料/source/docs/archive/skin-center-bgmedia-theme-evidence-light.png,478091,e4b85aee6cc705d4838c1de581bce54e9b81d4d3bdef5c34a907590e8b7471a8,local-only/original-project
20260917-开发资料/source/docs/archive/skin-center-bubble-opacity-pr937.png,269298,dd80571a71159ebe9f130590254066866c4c16d172df972ba2e9fd95d23c9dc3,local-only/original-project
20260917-开发资料/source/docs/archive/task-handoff-aggregate-id-namespace-2026-08-17.md,2603,dbb22a6e35ddd885e7cbe353524bf5f284de3691d673637e17f7673372cda2bd,local-only/original-project
20260917-开发资料/source/docs/archive/task-handoff-feature-round-2026-08-16d.md,4143,90fd1e7951bed0f293fc9f0b17275c583d809779445c3d32377573adcd70a42e,local-only/original-project
20260917-开发资料/source/docs/archive/task-handoff-feature-round-2026-08-16e.md,6191,b1085ce9880ec33a5e0784d36e994804deda0e61f638dbc63e3dbc542a844bc6,local-only/original-project
20260917-开发资料/source/docs/archive/task-handoff-feature-round-2026-08-17b.md,6497,019734e98d442326494305bbabaa47063d7c39260a98019766157533916f310f,local-only/original-project
20260917-开发资料/source/docs/archive/task-handoff-gui-skin-center.md,14575,2653893ce363626c3690aaeee707c2c7801cbd27af569cd255f391ced6a8bc8f,local-only/original-project
20260917-开发资料/source/docs/archive/task-handoff-issue-316-edit-retry-2026-08-17.md,3297,8ca2d8c71a98cffd50b98b34fb8aa4e52ed16757278236ec401f8e6c13f3480c,local-only/original-project
20260917-开发资料/source/docs/archive/task-handoff-plugin-card-extraction-2026-08-16.md,2248,6b8c5a997134df24d9efe93fa02472b57df3d30de775e8c2e8583527ecc6501d,local-only/original-project
20260917-开发资料/source/docs/archive/task-handoff-pr-round-2026-08-15.md,3034,2ca8e5729ae9fc4814e0ecdd18bcbd4ffe402e8563fb41877298d9737b4b85f5,local-only/original-project
20260917-开发资料/source/docs/archive/task-handoff-pr-round-2026-08-15b.md,5741,bfd8981d6986f4712c540b490b704e7a7c1f6c3af471c1451014363c60e7389e,local-only/original-project
20260917-开发资料/source/docs/archive/task-handoff-pr-round-2026-08-16.md,6674,bc1ee7b4c17f792fbf4d68ba2c5112a8ff205b483aade21081ba0b64477aef3e,local-only/original-project
20260917-开发资料/source/docs/archive/task-handoff-pr-round-2026-08-16b.md,4335,9c9ef2255fcec10d3b17ca4ec5629d42ea1c9d5771ae43d8b99628ba36d84ed3,local-only/original-project
20260917-开发资料/source/docs/archive/task-handoff-pr-round-2026-08-16c.md,3033,1949f44e7c1add44e366d55d2c7cb8b875ea9bb5b46141bd9f02facc23994f61,local-only/original-project
20260917-开发资料/source/docs/archive/task-handoff-pr-round-2026-08-16d.md,3468,dcb91d91d12247c675ac73ee332810daaa9f0ccd258a54d0d69e761f0e09a63e,local-only/original-project
20260917-开发资料/source/docs/archive/task-handoff-pr-round-2026-08-16e.md,8362,f38e189c7c73c7066fdf85f68cd22eabbc23ac073959e42a23c20f9ea1814fac,local-only/original-project
20260917-开发资料/source/docs/archive/task-handoff-pr-round-2026-08-16f.md,7034,e15574b25a992685633334272525eb863dedc4af4a01c8f5a19fb344618f40ee,local-only/original-project
20260917-开发资料/source/docs/archive/task-handoff-pr-round-2026-08-17.md,7436,f9f4b52ce8718cd8f403b9660a34c9944d019c5c54d2128275a07c3321d2a466,local-only/original-project
20260917-开发资料/source/docs/archive/task-handoff-pr-skins-2026-08-17.md,5371,893ea3ab1b2ad5ff679e67e6fe5baa4893def2ed67ad116ad68245fa679b7b7f,local-only/original-project
20260917-开发资料/source/docs/archive/task-handoff-review-deferred.md,7430,e12d06590a7e41d1332e282feb0440fd388948485804cd89500ba746352f772d,local-only/original-project
20260917-开发资料/source/docs/archive/task-handoff-settings-direct-expand-community-2026-08-16.md,2784,eb407b96569e06e2dea7f90d051959a8fde810ca922896498620c3a2e20a43b4,local-only/original-project
20260917-开发资料/source/docs/archive/task-handoff-settings-first-level-sections-2026-08-16.md,2104,732530e3640c5cf094dd7fcbedf47f7cbcd8e7dd5ef408e2292ee491cbd555db,local-only/original-project
20260917-开发资料/source/docs/archive/task-handoff-settings-reorg-session-review-2026-08-16.md,4159,0c50ef7ac5cf8a8858306d0dae70f3b489f8074e54e0851fac87050b57d2cc5f,local-only/original-project
20260917-开发资料/source/docs/archive/wallpaper-boot-restore-622/after-reload-wallpaper-mounted.png,291829,eeab46dde83952665aa05fe226b1dd6d5f3a97ead46e70a6b3e09e56f73de395,local-only/original-project
20260917-开发资料/source/docs/archive/wallpaper-boot-restore-622/before-reload-no-wallpaper.png,306727,46e8c2a5e3ad48407d7b3b2115e5181cb1d394b94a596a453886ca44e65e678d,local-only/original-project
20260917-开发资料/source/docs/assets/phone-and-web.png,2501209,9b733c2aa389ca8213b670c7bc437b85da50b78b22254826589107f811744eb2,local-only/original-project
20260917-开发资料/source/docs/community-center.jpg,641407,2460d71899557efe59c337e6cb7f20e488ddae0363cd4a613abdd0162ee8a9ec,local-only/original-project
20260917-开发资料/source/docs/development.md,5300,1bbe7bde7c516710d2d8b454f6c6528fb07eb04d9ba28faa30c4fe93c19270ee,local-only/original-project
20260917-开发资料/source/docs/dsh-sleeping-tabs-research.md,33846,8bddd6c98457f665f834a9e1ff05982357df3e5c8717ea3329147a971cb56f63,local-only/original-project
20260917-开发资料/source/docs/dsh-web-banner.png,1763610,5477426fdbdb7c78e2329c95216b7d470143640af7ace4b4f045b042bc9b278a,local-only/original-project
20260917-开发资料/source/docs/dsh-web-banner.zh.jpg,166886,e0bccc44939f82ad1054d9ecbf93044ecb6cc1c34bc1163bc02ee50a49da932d,local-only/original-project
20260917-开发资料/source/docs/dsh-web-social.jpg,142650,c03370621387a6fa9a049dfc211f8bef4c6a625ff2e06977bd2dbd577200b9b9,local-only/original-project
20260917-开发资料/source/docs/i18n.md,3152,82e2c67f2eca7eeaef35585a790082d84e50f0e2bfed13b8b4efb0147466d5d1,local-only/original-project
20260917-开发资料/source/docs/images/liangshen-mode.png,135774,5063efd0abb6122c796b2e3672e112cf9b1d6a69f7d3f86a37e0fed3a8fff851,local-only/original-project
20260917-开发资料/source/docs/images/skins-montage.png,1497797,8a2b5a093f375a6ab9126ab93a0cfac622ee5ea714dc6b75132a2897113981b4,local-only/original-project
20260917-开发资料/source/docs/multi-agent-resources.md,2420,1ea264e747d677c029a96e12dc8b4c1fd4158fb8fa37411ff8f7845d27df884a,local-only/original-project
20260917-开发资料/source/docs/plugins.md,12332,d585aa12b3cb9fa5217283d930b43220cdf2cfb1a15979c1521457add5cf62ab,local-only/original-project
20260917-开发资料/source/docs/pr-evidence/dark.png,157447,be44bcd9bd8804eac4593c7f1d618822a4f00f44439566b9da3240ac211b9dcb,local-only/original-project
20260917-开发资料/source/docs/pr-evidence/light.png,172338,136207532aeb98e27e4f65f2abde05739ff314965c2163b2d8afa5b8322a058c,local-only/original-project
20260917-开发资料/source/docs/pr-evidence/miku-mecha-chat-dark.png,1679760,29f311661d6e6658948fe7a97ec64101d1a354531c973b4fe056969296603f4b,local-only/original-project
20260917-开发资料/source/docs/pr-evidence/miku-mecha-chat-light.png,1483115,6be03b51b29dca9bcd39f469e22270882130ee1d915dccd75c82bf15955069e9,local-only/original-project
20260917-开发资料/source/docs/pr-evidence/miku-mecha-hero-dark.png,1679924,206aa6da1db1dac5c338376f200c701503a8a3317bf794c483f00c8d59ca66df,local-only/original-project
20260917-开发资料/source/docs/pr-evidence/miku-mecha-hero-light.png,1488280,959639c36a0dccfbe771bb972d9716cbcc0d514fa96b76dca860eb50eb0cde71,local-only/original-project
20260917-开发资料/source/docs/pr-evidence/miku-mecha-settings-dark.png,778643,170ec01a82d03a5714db9dc95d277cf0bc23905057fe1bd255fd4b890d713358,local-only/original-project
20260917-开发资料/source/docs/pr-evidence/miku-mecha-settings-light.png,804207,900760049ef623d0dd1760bd825dcef9c3c2ce08b6f4cefb6b31903792764ea3,local-only/original-project
20260917-开发资料/source/docs/pr-evidence/miku-workspace-sync-dark.png,1407662,f3c35236fa1afbcc96e1c2dac4ad90428e2142bd670a19fd6ff426ca696e0ef2,local-only/original-project
20260917-开发资料/source/docs/pr-evidence/miku-workspace-sync-light.png,1429304,04b232e9cbef112d5529fd1476dc61465d45466ec91287be924f4086872a868d,local-only/original-project
20260917-开发资料/source/docs/pr-evidence/pink-sakura-glass-dark.png,468417,e163692d3af9859248e26e8d3c51dc09a27394fac4356050ec393fc9f8ef6070,local-only/original-project
20260917-开发资料/source/docs/pr-evidence/pink-sakura-glass-light.png,382001,8af2d2e68281b0b94b6562551165e864f6470d9bd3193c8959d1a6f2d6ab2e02,local-only/original-project
20260917-开发资料/source/docs/pr-evidence/wallpaper-exclusive-better-sidebar-glass-dark.png,61064,585b770ff6c86eddd50ee0f714cee34a902f896c627ad01d62e6256a23fd94bf,local-only/original-project
20260917-开发资料/source/docs/pr-evidence/wallpaper-exclusive-command-board-glass.png,67772,8d328643475482edfb3f53c178e70907c891ca11ef4f121382ff74e1fffd6440,local-only/original-project
20260917-开发资料/source/docs/pr-evidence/wallpaper-exclusive-queue-dock-bare-dark.png,70045,728d8f6cc98e555e3876b672e58d46b4c4d746163bfd23bf3a143cbbdd9a7155,local-only/original-project
20260917-开发资料/source/docs/publish-prep.md,4737,9c52a32d4229a39332cf91563103dc99d5feebb2e595dad28ee8d610f95b6c03,local-only/original-project
20260917-开发资料/source/docs/release-notes/v0.2.1.md,17558,f506d7e8495e0329f14be12c9d5e8391c315cf81899af907a9161675cc98ebf1,local-only/original-project
20260917-开发资料/source/docs/release-notes/v0.2.2.md,6672,b1708d654c56ff36d6034bf45703aa6fbb03c7d3a55f6c6450fc7b64d55a41e8,local-only/original-project
20260917-开发资料/source/docs/release-notes/v0.2.3.md,4213,86e97472763ffabefc0922ce003e5c02eae6dd2829e59f72165b946002a5cc3d,local-only/original-project
20260917-开发资料/source/docs/release-notes/v0.2.4.md,9096,fd2d8992a1e13256c79ade795b4ea66c3a64916130645b86b5fb79efba730eab,local-only/original-project
20260917-开发资料/source/docs/release-notes/v0.2.5.md,8720,5c9a9cf448edee6b5119a1112269ae7bdc3476de7ee72e509e4ca1d3c17b853d,local-only/original-project
20260917-开发资料/source/docs/release-notes/v0.2.6.md,7317,c8a1261dfac97e7f96ad15e80da534c9e0a5cf04cc7f4b7f71f79a6baa86f4ae,local-only/original-project
20260917-开发资料/source/docs/release-notes/v0.2.7.md,2891,9be7bab4ed319cf79a20ae5f4d18bac3f3c52f8ca43eb7c454f07ac401ad2e69,local-only/original-project
20260917-开发资料/source/docs/release-notes/v0.2.8.md,13204,6275f5c560f2e06552efea52ebe6a913aa6c19da6e0d75c18bc2456b9c966c14,local-only/original-project
20260917-开发资料/source/docs/release-notes/v0.2.9.md,8338,139c93159309aa01b1a7d7ed2c0201b13830ec5cf0e2af7b85dbdcb83eb838dd,local-only/original-project
20260917-开发资料/source/docs/release-notes/v0.3.0.md,20452,72a5e31ecd261e863d761e6948aaa33831351dfe98871cd66a73f72d8907d145,local-only/original-project
20260917-开发资料/source/docs/release-notes/v0.3.10.md,3843,8f829ce817e3c6472b53bdcf5fbde469d4b8ed58d2c6410db74650a1670adc83,local-only/original-project
20260917-开发资料/source/docs/release-notes/v0.3.11.md,7140,88bb1a06eed06304a70ce06849c5d1579d419af7a58af159b518b2ee775f116b,local-only/original-project
20260917-开发资料/source/docs/release-notes/v0.3.12.md,1412,6012463f9d02b82c86437be18f65201ab5593a8b824d1df23433acdbef8b8905,local-only/original-project
20260917-开发资料/source/docs/release-notes/v0.3.13.md,5522,958c4c7c1841a37a3b70b7acf1203d795ed0d7f22a413c953d2f4dbeda97308e,local-only/original-project
20260917-开发资料/source/docs/release-notes/v0.3.14.md,2250,3dee97c0fcb517b882c43b7adb82f2b994e280391645ebe34a2432df4ae9f621,local-only/original-project
20260917-开发资料/source/docs/release-notes/v0.3.15.md,6268,3e71ac1931ed14a07ee9bc9157ce12621676470bd11f89f740c935f602911767,local-only/original-project
20260917-开发资料/source/docs/release-notes/v0.3.16.md,1975,470b4a4159193a8f3bd16b8d889f804af432f55ffebbe29b4d41b5c1fbfd189d,local-only/original-project
20260917-开发资料/source/docs/release-notes/v0.3.17.md,3962,5c5e3467668441b22ba9f82deb3abd346183a768be6d4e1a7eed9939221a51b1,local-only/original-project
20260917-开发资料/source/docs/release-notes/v0.3.18.md,7370,48ae58f0cbc672a906353cc4cfdd4fcb0f986ef73631dcb038f4f92538054ecc,local-only/original-project
20260917-开发资料/source/docs/release-notes/v0.3.19.md,5453,93d6af988e457a40a82b778d79aff47a740f72f9c7385b5060947c344a716e38,local-only/original-project
20260917-开发资料/source/docs/release-notes/v0.3.2.md,3161,174b26709db1154fe4c2c6e03acf7fe24930c56125f8aef5c5df74a95eb1f74f,local-only/original-project
20260917-开发资料/source/docs/release-notes/v0.3.20.md,4564,822a5ee0cc736092e9e3b9b4ec1ebb0b16f6d775779d7412185c749c8dc04ad6,local-only/original-project
20260917-开发资料/source/docs/release-notes/v0.3.21.md,14747,e821b57915f2cb0809776a28eb2dc8165b15cbb02e0cfcd46f827886dc58061b,local-only/original-project
20260917-开发资料/source/docs/release-notes/v0.3.22.md,7490,670b85794076e922e1b5c5eeaee2e16df3161ac57eb1b944b0525421aff523e2,local-only/original-project
20260917-开发资料/source/docs/release-notes/v0.3.23.md,8627,c5eb9facfe3a1d324ca42473202f96a9589b2fafcc71a1a72ab2a72e4cae8f80,local-only/original-project
20260917-开发资料/source/docs/release-notes/v0.3.3.md,4262,9b17ab078f76e3df3bb8c0113eca8be00ee281fd68d2bece5b83a9bb8eaea7a6,local-only/original-project
20260917-开发资料/source/docs/release-notes/v0.3.4.md,12830,70b618de6ce128fecfcda0d209e7761657bc589ba085ff6f5aa3a97a4a631042,local-only/original-project
20260917-开发资料/source/docs/release-notes/v0.3.5.md,8676,2815ca1f25b77cdf11ad5c129c149458e37b5463b406309e16aabe5ab9efef1e,local-only/original-project
20260917-开发资料/source/docs/release-notes/v0.3.6.md,9523,6129de2d75df408c4e51b471b03dc5bba74fa579da5484263072f3770aeda348,local-only/original-project
20260917-开发资料/source/docs/release-notes/v0.3.7.md,7017,cbdcb11fcdd80f2d9e6ca481c3c131edbcdb91f7b58678adcf41623fd331b559,local-only/original-project
20260917-开发资料/source/docs/release-notes/v0.3.8.md,9587,2bfb9aa43931b460aa59d7fe278e85ba71578f37fa02cf160b3d0ffa3c4891e2,local-only/original-project
20260917-开发资料/source/docs/release-notes/v0.3.9.md,3946,771f0917575953845f7b38b72a5c8c1aa1251c67e5e0c4a3418daab731310417,local-only/original-project
20260917-开发资料/source/docs/screenshots/03-settings-skin-center.png,154380,ec0348087c9ce62278ccb2c8fea13d95421c721ae507214f010d24108f59239e,local-only/original-project
20260917-开发资料/source/docs/screenshots/04-git-graph.png,756372,8d907da38a94597660e9d5e800a9ed5dc78e189de1c49e2e722aa6fbe947acc1,local-only/original-project
20260917-开发资料/source/docs/screenshots/09-task-board.png,707457,e145414ea50faf0591cdee35651f317dc2b8387e2be5ed33472275e69201712b,local-only/original-project
20260917-开发资料/source/docs/screenshots/10-task-board-detail-cron.png,606093,0b2135ca1e8e7875ec12a22c18d5500c787ceaaf2d7fb5bb95df16125a7ba09e,local-only/original-project
20260917-开发资料/source/docs/screenshots/11-pet-new-chat.png,768827,63614f9ad4d8532cf348111e5a1cd19c85c895b4a8322fc0dd6c90210ab8c8f8,local-only/original-project
20260917-开发资料/source/docs/screenshots/12-pet-panel.png,776977,c2f75645053bc26237f6dcf124d0b2d2c20bfeaced6f3121200ead3e18bab911,local-only/original-project
20260917-开发资料/source/docs/screenshots/13-hero-main.png,1080156,fd7197ad4db142920c42e0d8e8301e2b51f69c4bfa31c74b4d3f95c154df0ba6,local-only/original-project
20260917-开发资料/source/docs/screenshots/16-skin-xp-light.png,112400,ea71cb24100b09f436666e2f823d41655d7e5d9a75dd9b4826961a2badd86c12,local-only/original-project
20260917-开发资料/source/docs/screenshots/17-skin-blue-fantasy-dark.png,659890,7ae0723f2b37daf020c698962f0b65e009708ec775bf9e23a99e26cbd1e765be,local-only/original-project
20260917-开发资料/source/docs/screenshots/19-right-panel.png,843651,7d11c98d611dd7f3455cbd0b203793240f151c48b5871ebc9f00b3c0c96a3c2a,local-only/original-project
20260917-开发资料/source/docs/screenshots/20-mobile-home.png,72652,6010dd3086a84d629b9f16052260e16c27c139ea82d7a4008cedee3fa56f4800,local-only/original-project
20260917-开发资料/source/docs/screenshots/21-mobile-sessions.png,145653,fb579f7045212a7e65c9355e7a723c7d3c30e3e0b153232f5a2ceb238ffbeb86,local-only/original-project
20260917-开发资料/source/docs/screenshots/22-mobile-chat.png,256534,fe137fe50bea7e2668000feaf03a7ce0fd892be4aa13d09ffba730d9484883fe,local-only/original-project
20260917-开发资料/source/docs/screenshots/23-mobile-model-sheet.png,254755,6c13afdf982f2bc95291d006051fed71c12496fdda13c43b092709d9ddf8a0e8,local-only/original-project
20260917-开发资料/source/docs/screenshots/24-skin-whale-song-light.png,939445,cef974911dba4137aee149afe7702f7c0fbb32cc705a37cf36c639edf422f571,local-only/original-project
20260917-开发资料/source/docs/screenshots/25-skin-whale-song-dark.png,635910,4ee9e2c82d1dd557cc4f1c9e5e2605c7c6fed35cf8a83ed4d3a42d246b7eab01,local-only/original-project
20260917-开发资料/source/docs/screenshots/26-skin-harbor-light.png,414437,46f31e8acd123121cc71522f30190c4b2ec244758e7b0ea741181af23a3f9979,local-only/original-project
20260917-开发资料/source/docs/screenshots/27-skin-harbor-dark.png,326268,6d68eafa7e898f0a6f8dde1fbc6ef0c29ab7258f2aaa153f7b683b2619cc3969,local-only/original-project
20260917-开发资料/source/docs/screenshots/30-skin-wallpaper-engine.png,4683494,2c7a9a8f7cdcf904d20941b02b302047f6ca3453dd871252edb9985735665ac8,local-only/original-project
20260917-开发资料/source/docs/screenshots/31-market-home.png,1042680,a37aa2862fee8d3c487c39c824c057694177e8a65313651b9bfafeeeb707ff3c,local-only/original-project
20260917-开发资料/source/docs/screenshots/32-skin-war-thunder-light.png,1360273,156619f9df76e94bed61b5f73c640ff6f8977ef419b64e2bd99b344ecf7f94b0,local-only/original-project
20260917-开发资料/source/docs/screenshots/33-skin-war-thunder-dark.png,1179368,e69d2313d47c28ba04fb4572f1efb6a767a0e7dbdcd7723c3359caa9898acfed,local-only/original-project
20260917-开发资料/source/docs/screenshots/34-git-worktree.png,868033,d86205cd2fec7a1827da8ced44c4ac714599552bbddefc5783b194fea5d93a5e,local-only/original-project
20260917-开发资料/source/docs/screenshots/35-usage-token-bank.webp,157120,496c04ee102d2c1535e18017b64531128ec3afd6521dbb71c6d4d2c86ced4102,local-only/original-project
20260917-开发资料/source/docs/telemetry.md,8363,cd1c92d5b6784c022ee33ac0d20e85b00bffafdfd134f79facb69e80419d4b5c,local-only/original-project
20260917-开发资料/source/docs/zanzhu-wechat.jpg,72082,369576abe7d48bbec62b47f65e381d1852c58e964b6283c06c68b25a2ab43a2b,local-only/original-project
20260917-开发资料/source/ISSUE_TRIAGE.md,5468,05df8c68694f2e865547f24202af0d6d3ba2d67e0122f2b0a2462a77f664829e,local-only/original-project
20260917-开发资料/source/market/dist/_headers,613,4119d2ece10b13f5cba739a4b474a25bc4eb23c88c351481dcedd66224372b03,local-only/original-project
20260917-开发资料/source/market/dist/app.js,58316,69b3773fb75c60726b73ce4372bf15757fc7aafcf80d629a600b77734113d5b4,local-only/original-project
20260917-开发资料/source/market/dist/assets/ocean-whale.webp,41484,b6e8dfb93c0cc05fde68f486234a76945e3759d4b1b47e449b881fda23b67329,local-only/original-project
20260917-开发资料/source/market/dist/assets/pets/blue-throated-bee-eater/pet.json,3664,918bc2dfb1ed81c0b775885841dbf5b7006c24cf07c32d03cbf990e003a71786,local-only/original-project
20260917-开发资料/source/market/dist/assets/pets/blue-throated-bee-eater/previews/failed.gif,74303,167edd4837151808a129f3f45b1ff7b128e7db3a68b30853fe8c5d4934aaf65a,local-only/original-project
20260917-开发资料/source/market/dist/assets/pets/blue-throated-bee-eater/previews/idle.gif,57483,d6f7ca67252a876fb04d7cc3bbafac9f488e1464ae1c6974cebc241d2daff983,local-only/original-project
20260917-开发资料/source/market/dist/assets/pets/blue-throated-bee-eater/previews/jumping.gif,50504,b028e320f92cb580b6f4d1e49e503bf07992ff9281972d5a7962143af25ed8a3,local-only/original-project
20260917-开发资料/source/market/dist/assets/pets/blue-throated-bee-eater/previews/review.gif,50311,a4a91aa6ad873857d12511548cd67d7f961c19e76b4e3fc2cfa5ef444eb51870,local-only/original-project
20260917-开发资料/source/market/dist/assets/pets/blue-throated-bee-eater/previews/running-left.gif,73979,0e095deaa93cc96cbf2ee1ffa9bcf13a8a2342c6122ba7ea41c391635b229a7d,local-only/original-project
20260917-开发资料/source/market/dist/assets/pets/blue-throated-bee-eater/previews/running-right.gif,74033,c26cbe567afcd16e8934ce35ca558aab53ecc08179183fdd53ad6c3310702dde,local-only/original-project
20260917-开发资料/source/market/dist/assets/pets/blue-throated-bee-eater/previews/running.gif,56218,28cdd08f2c12b977ba7fea987f9045a00912a00a5d69c5f47be4c23a26706f3d,local-only/original-project
20260917-开发资料/source/market/dist/assets/pets/blue-throated-bee-eater/previews/waiting.gif,50098,d8f9a15acb97ea23870f458fcb4d0605b4cd0761e03f965a13916a4554f1d2a6,local-only/original-project
20260917-开发资料/source/market/dist/assets/pets/blue-throated-bee-eater/previews/waving.gif,41316,a384aefbe08bd58682ccaae9f9174c05a888722c93f05e73cd6ca122897317d6,local-only/original-project
20260917-开发资料/source/market/dist/assets/pets/blue-throated-bee-eater/spritesheet.webp,1311728,0e0d7f867761950370e242aa3de70453de257e0802b59dde0e6c3881ad9d30ac,local-only/original-project
20260917-开发资料/source/market/dist/assets/pets/blue-throated-bee-eater/voice.json,165,d595e1459e0c0083f34b2f7cef88b4f731fd10201be89f806339870ec4ee6edc,local-only/original-project
20260917-开发资料/source/market/dist/assets/pets/jyn/pet.json,7796,efbee335431c48e27db7db338e2b45b8e49660a9be5e9a8fdbc554cff8d0a017,local-only/original-project
20260917-开发资料/source/market/dist/assets/pets/jyn/previews/anyejinjin-angry.webp,198990,52804c84ed7561cc1dca78d477b3dcfdc895ec6e2abdc0d1c7aa36ad1a7bef22,local-only/original-project
20260917-开发资料/source/market/dist/assets/pets/jyn/previews/anyejinjin-idle.webp,198676,3183abcc541666cf9fe9567efff75dff9bdbb9bd22d52aeb8fdcfe08d519b3c3,local-only/original-project
20260917-开发资料/source/market/dist/assets/pets/jyn/previews/anyejinjin-rest.webp,270662,baf45e1c761fd8e122e579402cfcdb4f6d6aa65313d9862f93967cc60583be7f,local-only/original-project
20260917-开发资料/source/market/dist/assets/pets/jyn/previews/bingjing-gongzhu-angry.webp,211762,1c28c5376a21b8f2bac8f986eb8b34153f9904c53538fd4dfd4290f0e9b205d3,local-only/original-project
20260917-开发资料/source/market/dist/assets/pets/jyn/previews/bingjing-gongzhu-idle.webp,220778,9250925d3b031490d2a47ab937ad6a985275645f40823172df34f92ce5e3286c,local-only/original-project
20260917-开发资料/source/market/dist/assets/pets/jyn/previews/bingjing-gongzhu-rest.webp,269604,57d6c53464be9c7b06c9eb90c0b59cd03279b448de7e7cc6e6882a10aef0ea35,local-only/original-project
20260917-开发资料/source/market/dist/assets/pets/jyn/previews/bingjing-gongzhu-staff.webp,218470,00f78e3bd83e8fa9b43e4d89a8e3e567f088a6a4023ddb8c020e70533fdbd284,local-only/original-project
20260917-开发资料/source/market/dist/assets/pets/jyn/previews/bingjing-gongzhu-tsundere.webp,218008,471e46584f7ea6efd9bf936a6a1c991097d64a77e594a791d0ffb037d5832c72,local-only/original-project
20260917-开发资料/source/market/dist/assets/pets/jyn/previews/bingjing-gongzhu-work-fail.webp,208410,15e5606f81debfd1ac548bd32185c0698822c82dab6db061ebbae70c4c409636,local-only/original-project
20260917-开发资料/source/market/dist/assets/pets/jyn/previews/bingjing-gongzhu-work-success.webp,216486,fc206325e3e06aaf57ebe5fcb490174110c3a32498198a083e95f4a610c03309,local-only/original-project
20260917-开发资料/source/market/dist/assets/pets/jyn/previews/bingjing-gongzhu-work.webp,217500,868eaa72fb351a993d51a786c8a72861b0ce52595697c73f00c87ef46282438e,local-only/original-project
20260917-开发资料/source/market/dist/assets/pets/jyn/previews/idle.webp,150666,8474843abbcf1826e9eca2593469799016b08bbc0b13b09a121a9059eabeb50b,local-only/original-project
20260917-开发资料/source/market/dist/assets/pets/jyn/previews/lanhainishang-idle.webp,224434,d36e6042b633291d8ad4ce4b56b6e2833b0ceaaa4c6e87526539502015822c88,local-only/original-project
20260917-开发资料/source/market/dist/assets/pets/jyn/previews/lanhainishang-lift-skirt.webp,223466,69233a0c76705c02dcbb140d46098299976e65a91ac40ff79b30414edd83ddc8,local-only/original-project
20260917-开发资料/source/market/dist/assets/pets/jyn/previews/shy.webp,148214,cb0255382d5c3fc010761b1ba6bb69ac223b7170be0eaa763e8991f2e4d0ffe3,local-only/original-project
20260917-开发资料/source/market/dist/assets/pets/jyn/previews/shy2.webp,148586,9a9b9ea8519543c67ee8f12bfb66befb9b6d9fdb4bca3930eeb3ceccb4a8b22c,local-only/original-project
20260917-开发资料/source/market/dist/assets/pets/jyn/previews/shy3.webp,148702,005326bc2b54654de7d70f5597f1c3b40b46dff29944631109a0a5de4a7b2108,local-only/original-project
20260917-开发资料/source/market/dist/assets/pets/jyn/previews/sleep.webp,269936,13a0cb870b15332b90e821e7e4e8774e89441ec58f33b4d70fc3b3773b78646e,local-only/original-project
20260917-开发资料/source/market/dist/assets/pets/jyn/previews/sleeping.webp,260020,868dc3e680315a9f0074964d11f82b3cfa03be1449be0b954bc3677a7e88e495,local-only/original-project
20260917-开发资料/source/market/dist/assets/pets/jyn/previews/work-fail.webp,181566,e1dc41343f3301f408fd658d72881285c87fb4302cf5971d5289c856d9720609,local-only/original-project
20260917-开发资料/source/market/dist/assets/pets/jyn/previews/work-success.webp,187994,6ba3e4028b5d71113501202714832d0e34713507ea3e4edec7189b31baa5701a,local-only/original-project
20260917-开发资料/source/market/dist/assets/pets/jyn/previews/work.webp,189946,7687265d6b7f7dc673951701df8b72933cdad86d16740b3e61e4ee06ff03334e,local-only/original-project
20260917-开发资料/source/market/dist/assets/pets/jyn/thumb/anyejinjin-angry/jyn-anyejinjin-angry-10_40.webp,64290,c12003b2bd97e79d59fa3c658b51528970ee7f72ca64a6e04bd8fedf61f823b6,local-only/original-project
20260917-开发资料/source/market/dist/assets/pets/jyn/thumb/anyejinjin-angry/jyn-anyejinjin-angry-11_40.webp,64684,c6854342beea82abda6c8b64adcbd515328fc84a823c14f49c1bde4cc20e02ce,local-only/original-project
20260917-开发资料/source/market/dist/assets/pets/jyn/thumb/anyejinjin-angry/jyn-anyejinjin-angry-12_40.webp,66784,e1e350a7b2d2a7232e23a9db2d3c0c0ee09d5fa50a5958308ad67678d211395c,local-only/original-project
20260917-开发资料/source/market/dist/assets/pets/jyn/thumb/anyejinjin-angry/jyn-anyejinjin-angry-13_40.webp,67268,a5922b64968e8ac1e64bc854456d98e7aff4592f9b91f7a02de7dfe2abda21b9,local-only/original-project
20260917-开发资料/source/market/dist/assets/pets/jyn/thumb/anyejinjin-angry/jyn-anyejinjin-angry-14_40.webp,65854,3861ba0f32cf2addafd24b0ffcde83121b3ba213b4633a3f19a3261e588248da,local-only/original-project
20260917-开发资料/source/market/dist/assets/pets/jyn/thumb/anyejinjin-angry/jyn-anyejinjin-angry-15_40.webp,66016,acfcfcb2422ea20ffeb4dc441169aacc1bcb2eda263e2d3d3d09616cfdfd298f,local-only/original-project
20260917-开发资料/source/market/dist/assets/pets/jyn/thumb/anyejinjin-angry/jyn-anyejinjin-angry-16_40.webp,65770,aa56a2a256fe2a317d5983a4994f91722ae3aa3088fc1148a101873c3356beac,local-only/original-project
20260917-开发资料/source/market/dist/assets/pets/jyn/thumb/anyejinjin-angry/jyn-anyejinjin-angry-17_40.webp,64600,bc557e16ddfe8cd006274e2b237e10fb6e1ae5b33d2ca2f920091981d2c19b42,local-only/original-project
20260917-开发资料/source/market/dist/assets/pets/jyn/thumb/anyejinjin-angry/jyn-anyejinjin-angry-18_40.webp,65660,3db0d0ea00df3e2a0b39093ceb65e64bc15442ef2929673bc88f3f6b7b0272a4,local-only/original-project
20260917-开发资料/source/market/dist/assets/pets/jyn/thumb/anyejinjin-angry/jyn-anyejinjin-angry-19_40.webp,64870,0b592d757602c9c557cb897873fe39074f9566e3e5250b892abe7e7891f130b7,local-only/original-project
20260917-开发资料/source/market/dist/assets/pets/jyn/thumb/anyejinjin-angry/jyn-anyejinjin-angry-1_40.webp,72208,3d47953ff0e61e67cd4a6fb28fba0f90b28c46d0696804637b90e03a0dbe4703,local-only/original-project
20260917-开发资料/source/market/dist/assets/pets/jyn/thumb/anyejinjin-angry/jyn-anyejinjin-angry-20_40.webp,65944,4f8edc648d447dbe0effa82fbdb9be13b2c0fb075b881cfc0b7b57e0e3428f3b,local-only/original-project
20260917-开发资料/source/market/dist/assets/pets/jyn/thumb/anyejinjin-angry/jyn-anyejinjin-angry-21_40.webp,66544,aa6b2b48de56105da0c3eee02c85e176abaee938ec4b407fb0dabe1b06a31405,local-only/original-project
20260917-开发资料/source/market/dist/assets/pets/jyn/thumb/anyejinjin-angry/jyn-anyejinjin-angry-22_40.webp,66450,af1a2ea4fa21d861418c6dacb2677fe8335c22458a15dfdd9f0f60987e674515,local-only/original-project
20260917-开发资料/source/market/dist/assets/pets/jyn/thumb/anyejinjin-angry/jyn-anyejinjin-angry-23_40.webp,66944,65b3c6d2d4a6980f601469162db1b8c413072266d398b6a25d042cbd504aff49,local-only/original-project
20260917-开发资料/source/market/dist/assets/pets/jyn/thumb/anyejinjin-angry/jyn-anyejinjin-angry-24_40.webp,66894,52ed62924f1662bb02b74c5636bc92422b3e2bfaae60d92b7fd664db9487434f,local-only/original-project
20260917-开发资料/source/market/dist/assets/pets/jyn/thumb/anyejinjin-angry/jyn-anyejinjin-angry-25_40.webp,67048,facc5485a55fc558f19b7a0232b22622aad2b7ede1d1fd6ad42be419c7cde1fb,local-only/original-project
20260917-开发资料/source/market/dist/assets/pets/jyn/thumb/anyejinjin-angry/jyn-anyejinjin-angry-26_40.webp,67362,98ec81be103e8fcb053b3867366cf59668faaf786a40537614a5125a8e07b018,local-only/original-project
20260917-开发资料/source/market/dist/assets/pets/jyn/thumb/anyejinjin-angry/jyn-anyejinjin-angry-27_40.webp,66404,b42db2d4be98cd68e8e5dcb25b871d8bdf88a4e28fbe8cea7254872bbfd4ff6e,local-only/original-project
20260917-开发资料/source/market/dist/assets/pets/jyn/thumb/anyejinjin-angry/jyn-anyejinjin-angry-28_40.webp,65912,496b92a735a58953a751c6e98c93a23e28fa32ebcb8da70849c8dcdc974a38ce,local-only/original-project
20260917-开发资料/source/market/dist/assets/pets/jyn/thumb/anyejinjin-angry/jyn-anyejinjin-angry-29_40.webp,65400,637467851d4b58a6da1aadd18fe2901b436754ee634a76ad738ae9892493055d,local-only/original-project
20260917-开发资料/source/market/dist/assets/pets/jyn/thumb/anyejinjin-angry/jyn-anyejinjin-angry-2_40.webp,71870,24dc615d1d694884d222bb727b40e90cd71fb7fb94b15c9c2c096d4db605c221,local-only/original-project
20260917-开发资料/source/market/dist/assets/pets/jyn/thumb/anyejinjin-angry/jyn-anyejinjin-angry-30_40.webp,65424,041c2091f1d4b89968c16c2e569394bbf15b25e343d669dac965107a62fd08d9,local-only/original-project
20260917-开发资料/source/market/dist/assets/pets/jyn/thumb/anyejinjin-angry/jyn-anyejinjin-angry-31_40.webp,66020,bbf6d610d4c9627de64089e2db58d6350cacafc954bf2b6cd43c6f3ce19f8a79,local-only/original-project
20260917-开发资料/source/market/dist/assets/pets/jyn/thumb/anyejinjin-angry/jyn-anyejinjin-angry-32_40.webp,65790,4190e369a66db3d15a62c7c06e2a14764245a9b5181becec74b87c1bbdd4c99b,local-only/original-project
20260917-开发资料/source/market/dist/assets/pets/jyn/thumb/anyejinjin-angry/jyn-anyejinjin-angry-33_40.webp,65396,92418f2cc961b303432052802810a9b4829d894e7978db50753e5a8eacb52881,local-only/original-project
20260917-开发资料/source/market/dist/assets/pets/jyn/thumb/anyejinjin-angry/jyn-anyejinjin-angry-34_40.webp,65416,08ac582f17408de48cd84dea029090d92c46a3698aee4a5183d02e57c42af7e4,local-only/original-project
20260917-开发资料/source/market/dist/assets/pets/jyn/thumb/anyejinjin-angry/jyn-anyejinjin-angry-35_40.webp,65584,c6ecb6ffa810326451a093910a240f44e59cdbf77b2bfa6bcdc9bd51b488dd24,local-only/original-project
20260917-开发资料/source/market/dist/assets/pets/jyn/thumb/anyejinjin-angry/jyn-anyejinjin-angry-36_40.webp,65026,e119b7ffd8416355b177d658c7683f4f3d0aabd17a6c4318c911fd9498176d29,local-only/original-project
20260917-开发资料/source/market/dist/assets/pets/jyn/thumb/anyejinjin-angry/jyn-anyejinjin-angry-37_40.webp,64718,dff62519fb5b36231d5b1471b5d6fcac26d6d72478e94978c13a88ec621f5670,local-only/original-project
20260917-开发资料/source/market/dist/assets/pets/jyn/thumb/anyejinjin-angry/jyn-anyejinjin-angry-38_40.webp,64232,399d84adc42b7dc528ea2854eff65a972cf17f1df02f8fab24ee3b40de86143c,local-only/original-project
20260917-开发资料/source/market/dist/assets/pets/jyn/thumb/anyejinjin-angry/jyn-anyejinjin-angry-39_40.webp,65150,d64117b9221b5b25a0117fc8360326f7871409731cc9dbbf28cbcc6b52c94d30,local-only/original-project
20260917-开发资料/source/market/dist/assets/pets/jyn/thumb/anyejinjin-angry/jyn-anyejinjin-angry-3_40.webp,71670,4f82e1452c425236241eb61ffb270c37eb0a60c0baed7ad1e94ee3e94f671b6d,local-only/original-project
20260917-开发资料/source/market/dist/assets/pets/jyn/thumb/anyejinjin-angry/jyn-anyejinjin-angry-40_40.webp,64846,6143fe35efce8d0bf6228e7983305bdb682012bc4e7ab6d8f5841c09563adeb1,local-only/original-project
20260917-开发资料/source/market/dist/assets/pets/jyn/thumb/anyejinjin-angry/jyn-anyejinjin-angry-41_40.webp,65164,348994f392fa1c016db6b4f763698aa4fef58ad8891a0345baaa71b0ca88bdda,local-only/original-project
20260917-开发资料/source/market/dist/assets/pets/jyn/thumb/anyejinjin-angry/jyn-anyejinjin-angry-42_40.webp,63766,0f1a0334f9d1ba5dbaca44c2d37e9220823e06982f723070299b24f1b5bb5538,local-only/original-project
20260917-开发资料/source/market/dist/assets/pets/jyn/thumb/anyejinjin-angry/jyn-anyejinjin-angry-43_40.webp,62490,19d1edabeb785196ea2a6a4cc8ee7fc79d255003ef56951541d89ee745fffb45,local-only/original-project
20260917-开发资料/source/market/dist/assets/pets/jyn/thumb/anyejinjin-angry/jyn-anyejinjin-angry-44_40.webp,62390,4cccd646c6e991ff57d910fcfc4efaa3bc8607de0249ceeb7153828e56bba52b,local-only/original-project
20260917-开发资料/source/market/dist/assets/pets/jyn/thumb/anyejinjin-angry/jyn-anyejinjin-angry-45_40.webp,65208,70420845de4ce491b07a47d3e7a061f81397f757bb4bf5995e4f1380fdc44152,local-only/original-project
20260917-开发资料/source/market/dist/assets/pets/jyn/thumb/anyejinjin-angry/jyn-anyejinjin-angry-46_40.webp,65868,021ed1fb3d12b239a2a2b1341b1ccb10f97661048549fe0cab8d735337e8a6d1,local-only/original-project
20260917-开发资料/source/market/dist/assets/pets/jyn/thumb/anyejinjin-angry/jyn-anyejinjin-angry-47_40.webp,66950,ab153a5507b80ee39f00c9cd0947a3ee959c8d57f20f790792850df1aa4526e7,local-only/original-project
20260917-开发资料/source/market/dist/assets/pets/jyn/thumb/anyejinjin-angry/jyn-anyejinjin-angry-48_40.webp,67120,6729f64da9c71882b9384a4360663485bdb36dd38fc631e4ed56ee3107ff2308,local-only/original-project
20260917-开发资料/source/market/dist/assets/pets/jyn/thumb/anyejinjin-angry/jyn-anyejinjin-angry-49_40.webp,68564,7015fe936559636d0a343bb693d7216c0d5829fc024e1bf11d55f90e14326e4a,local-only/original-project
20260917-开发资料/source/market/dist/assets/pets/jyn/thumb/anyejinjin-angry/jyn-anyejinjin-angry-4_40.webp,71590,b147f589f3f674bdd050f0d0b1a031743b2098498e779a803bf9b3c331a8582b,local-only/original-project
20260917-开发资料/source/market/dist/assets/pets/jyn/thumb/anyejinjin-angry/jyn-anyejinjin-angry-50_40.webp,68978,546840c6f8a119aff236ca0cfa68b60f2e8216d04e7c107a86c557948199766b,local-only/original-project
20260917-开发资料/source/market/dist/assets/pets/jyn/thumb/anyejinjin-angry/jyn-anyejinjin-angry-51_40.webp,69910,8dab9d110b7ceef64db5c3c54ca46b55f506b48617519a99a75bbb1c6238ba4c,local-only/original-project
20260917-开发资料/source/market/dist/assets/pets/jyn/thumb/anyejinjin-angry/jyn-anyejinjin-angry-52_40.webp,70330,cc3686e522760665609f1fbb8a83aa9e9585dd3e653d661c78e223a4bd0402b4,local-only/original-project
20260917-开发资料/source/market/dist/assets/pets/jyn/thumb/anyejinjin-angry/jyn-anyejinjin-angry-53_40.webp,69642,fd53f82b47f7f6c4d1ae3aa6610bb2d76d28d6aaeb9332cff545c8571fa34d9c,local-only/original-project
20260917-开发资料/source/market/dist/assets/pets/jyn/thumb/anyejinjin-angry/jyn-anyejinjin-angry-54_40.webp,70340,b081a39b3078e5d4b65d1ac4a4686f5f86cec9617b9efbb3fea12f9625a69411,local-only/original-project
20260917-开发资料/source/market/dist/assets/pets/jyn/thumb/anyejinjin-angry/jyn-anyejinjin-angry-55_40.webp,70728,b2f70c77a5c1fc83e00e17f578546ea669ca1f6e20a09af677c3cb5a0194d628,local-only/original-project
20260917-开发资料/source/market/dist/assets/pets/jyn/thumb/anyejinjin-angry/jyn-anyejinjin-angry-56_40.webp,71424,5d53d5ef94b099f971aac51d3e23e029ebb68dab8175eae297139ff9cd4cf8d3,local-only/original-project
20260917-开发资料/source/market/dist/assets/pets/jyn/thumb/anyejinjin-angry/jyn-anyejinjin-angry-57_40.webp,71770,fb697d3db0f5067d919960fa5b3d5bfd605d705240afdb6d4464ce2db37181c0,local-only/original-project
20260917-开发资料/source/market/dist/assets/pets/jyn/thumb/anyejinjin-angry/jyn-anyejinjin-angry-58_40.webp,72248,a6d792b52cc9240e57e218611134d4176129a91368e7d9f9b1f27666e814c524,local-only/original-project
20260917-开发资料/source/market/dist/assets/pets/jyn/thumb/anyejinjin-angry/jyn-anyejinjin-angry-59_40.webp,72210,9cb24b0807706465baabf3c99ce15c63d99d949ecd2b9a279a6ebb85f38a6809,local-only/original-project
20260917-开发资料/source/market/dist/assets/pets/jyn/thumb/anyejinjin-angry/jyn-anyejinjin-angry-5_40.webp,72812,1227b70d933503693709a846f52d362dd5b86e81656686842385957d56120962,local-only/original-project
20260917-开发资料/source/market/dist/assets/pets/jyn/thumb/anyejinjin-angry/jyn-anyejinjin-angry-60_40.webp,71962,5b2c96b07e8928db2ea06027686772b3a5fe8fea31d20a237568dfc22a02b96b,local-only/original-project
20260917-开发资料/source/market/dist/assets/pets/jyn/thumb/anyejinjin-angry/jyn-anyejinjin-angry-61_40.webp,71992,6960261e814045ecf8800c647451513569b85c5b94a12def0c1ee3c244e428ee,local-only/original-project
20260917-开发资料/source/market/dist/assets/pets/jyn/thumb/anyejinjin-angry/jyn-anyejinjin-angry-62_40.webp,72238,a7a77a69550531077b44a3c9b4ae6a9266da9a681c5321ad491a679d190d7094,local-only/original-project
20260917-开发资料/source/market/dist/assets/pets/jyn/thumb/anyejinjin-angry/jyn-anyejinjin-angry-63_40.webp,72046,102835f3dc79771b38f110073283c11d5a54edbaca9ef491ef387a8e1f8938cf,local-only/original-project
20260917-开发资料/source/market/dist/assets/pets/jyn/thumb/anyejinjin-angry/jyn-anyejinjin-angry-64_40.webp,72124,c50f4d78da8472fb9cdfaaa2e65bf90e0236fcb5a4f995c3cace3994b206f954,local-only/original-project
20260917-开发资料/source/market/dist/assets/pets/jyn/thumb/anyejinjin-angry/jyn-anyejinjin-angry-65_40.webp,72292,ba054898f06f57d1e45bdf98e51dd5e7456144f54d2b176ef461b5443260052a,local-only/original-project
20260917-开发资料/source/market/dist/assets/pets/jyn/thumb/anyejinjin-angry/jyn-anyejinjin-angry-66_40.webp,72418,5807f18314a13912bee046327d212ee98dd281a22dc9298addd5b4889d645b66,local-only/original-project
20260917-开发资料/source/market/dist/assets/pets/jyn/thumb/anyejinjin-angry/jyn-anyejinjin-angry-67_40.webp,72244,eecb678d453f628a551fce7dc8ba2226e7978ac8c758d5f6105dd746700847e5,local-only/original-project
20260917-开发资料/source/market/dist/assets/pets/jyn/thumb/anyejinjin-angry/jyn-anyejinjin-angry-68_40.webp,72248,36827f1257abfb9b68b92cb3f23ac6cc86945d10e55be240ba77eddde52e0fd2,local-only/original-project
20260917-开发资料/source/market/dist/assets/pets/jyn/thumb/anyejinjin-angry/jyn-anyejinjin-angry-69_40.webp,72850,05982d7013fa19f11ac494c1eda7258609f4a861afe385496069d4e16bfa55d8,local-only/original-project
20260917-开发资料/source/market/dist/assets/pets/jyn/thumb/anyejinjin-angry/jyn-anyejinjin-angry-6_40.webp,71772,4c16c309df0b22276ff1e7009a35738928741bc33435d6e40ad7c0329e3a8e6e,local-only/original-project
20260917-开发资料/source/market/dist/assets/pets/jyn/thumb/anyejinjin-angry/jyn-anyejinjin-angry-70_40.webp,72458,569aef9a919577386d96cdf20cdb667c2bf14e4affdf2dffe2205a7035deff5b,local-only/original-project
20260917-开发资料/source/market/dist/assets/pets/jyn/thumb/anyejinjin-angry/jyn-anyejinjin-angry-7_40.webp,70700,46d1531300fddbb04354ac9839698bfede28a64de95d0466129d73115e8926d7,local-only/original-project
20260917-开发资料/source/market/dist/assets/pets/jyn/thumb/anyejinjin-angry/jyn-anyejinjin-angry-8_40.webp,69038,227273a7d8fc6891e291594b83a4f65c5046f066f13eafc6998f4f5f36163512,local-only/original-project
20260917-开发资料/source/market/dist/assets/pets/jyn/thumb/anyejinjin-angry/jyn-anyejinjin-angry-9_40.webp,67828,96385bd2a7fdccbe1ce115baf190ec9683c4831532e07e4665af2d759164a5a0,local-only/original-project
20260917-开发资料/source/market/dist/assets/pets/jyn/thumb/anyejinjin-idle/jyn-anyejinjin-idle-10_40.webp,71668,e7a465915d3263362e605414a4357ece95c1a33f5f11369b20681939d6a61bb6,local-only/original-project
20260917-开发资料/source/market/dist/assets/pets/jyn/thumb/anyejinjin-idle/jyn-anyejinjin-idle-11_40.webp,72070,c0ac2178a6f843429f5610e1c05dd242d24f96aca2389b94d94fb357a912f8cc,local-only/original-project
20260917-开发资料/source/market/dist/assets/pets/jyn/thumb/anyejinjin-idle/jyn-anyejinjin-idle-12_40.webp,70990,75962390c2ca89745fd1bfb31076ae98302b3a121f17afcaa9606a759f85d277,local-only/original-project
20260917-开发资料/source/market/dist/assets/pets/jyn/thumb/anyejinjin-idle/jyn-anyejinjin-idle-13_40.webp,71490,63e872c9d2baa7b26e65c9f45e464e776704e044d90461b71e9ae513d9920a10,local-only/original-project
20260917-开发资料/source/market/dist/assets/pets/jyn/thumb/anyejinjin-idle/jyn-anyejinjin-idle-14_40.webp,70410,eb6c7a1eb63346605a362615f3eecd59af2a5b0b9d688a45dc55d03a21127144,local-only/original-project
20260917-开发资料/source/market/dist/assets/pets/jyn/thumb/anyejinjin-idle/jyn-anyejinjin-idle-15_40.webp,70592,71cee320592d2d245aa6059cfc36e476d48051ace169f05becd511a740f9d20a,local-only/original-project
20260917-开发资料/source/market/dist/assets/pets/jyn/thumb/anyejinjin-idle/jyn-anyejinjin-idle-16_40.webp,70430,0b47f6a2d12073d5989527544a00942560d9b9ccda48c88be7f40162ca350300,local-only/original-project
20260917-开发资料/source/market/dist/assets/pets/jyn/thumb/anyejinjin-idle/jyn-anyejinjin-idle-17_40.webp,70878,d5ed12219bb4dd63df55c7a32157ac8b30e6e72b3196961461a6cc7e1319759c,local-only/original-project
20260917-开发资料/source/market/dist/assets/pets/jyn/thumb/anyejinjin-idle/jyn-anyejinjin-idle-18_40.webp,71480,96b3dba7fa714e3824c83b3ec5249b74c3d35ea9e69ba8ed6a038a2f10374c00,local-only/original-project
20260917-开发资料/source/market/dist/assets/pets/jyn/thumb/anyejinjin-idle/jyn-anyejinjin-idle-19_40.webp,70780,7cd7a0058172f2275ed2e4c3ee275f4010285d7711b0cfd40fcc09377f593204,local-only/original-project
20260917-开发资料/source/market/dist/assets/pets/jyn/thumb/anyejinjin-idle/jyn-anyejinjin-idle-1_40.webp,71996,0cc28408db6e1eb156e3682684629b5e40f407cbb4573c66378bfcf1cecfa9cd,local-only/original-project
20260917-开发资料/source/market/dist/assets/pets/jyn/thumb/anyejinjin-idle/jyn-anyejinjin-idle-20_40.webp,70446,70546e3ac1c0352677b4445daeb476b623a881bbea80e0a1c396bb91291f8496,local-only/original-project
20260917-开发资料/source/market/dist/assets/pets/jyn/thumb/anyejinjin-idle/jyn-anyejinjin-idle-21_40.webp,70184,b465cc633f5cab7fb950e65e77a39fdb813e692ebffbb5fac4af6ae477d89255,local-only/original-project
20260917-开发资料/source/market/dist/assets/pets/jyn/thumb/anyejinjin-idle/jyn-anyejinjin-idle-22_40.webp,69906,d4d11425a5325e25e73dc6ef57a6fa3eb859c9c596f01cdecb7bd5a0db06bc7a,local-only/original-project
20260917-开发资料/source/market/dist/assets/pets/jyn/thumb/anyejinjin-idle/jyn-anyejinjin-idle-23_40.webp,71218,9f2255c7d3a247e0fe18a09596dc1e2c1f5be80bc6c1aafc2da9029ea15aa9fd,local-only/original-project
20260917-开发资料/source/market/dist/assets/pets/jyn/thumb/anyejinjin-idle/jyn-anyejinjin-idle-24_40.webp,70834,bcb5a2b63f1082621010371cdb9a69419f02d90eab726e02f7c31f92049aa5bb,local-only/original-project
20260917-开发资料/source/market/dist/assets/pets/jyn/thumb/anyejinjin-idle/jyn-anyejinjin-idle-25_40.webp,70904,5dde58b8314e15a2d2c42d7333546687d6e4989b08110b626a01f9d144071fd9,local-only/original-project
20260917-开发资料/source/market/dist/assets/pets/jyn/thumb/anyejinjin-idle/jyn-anyejinjin-idle-26_40.webp,70418,fbac96a31eafd92e82909c7c95a3a82fde9bd4d8d0b773ea4a0c77bd48d5a4dc,local-only/original-project
20260917-开发资料/source/market/dist/assets/pets/jyn/thumb/anyejinjin-idle/jyn-anyejinjin-idle-27_40.webp,70672,00cc0cb8d0ecbe6dbcbc0aaa47bdbf5a52158ad4a76f3b102952b98a1e30bee4,local-only/original-project
20260917-开发资料/source/market/dist/assets/pets/jyn/thumb/anyejinjin-idle/jyn-anyejinjin-idle-28_40.webp,70518,d8fdeacd5915b2571897ab113ef0daef1ed2ecb7ffced80da79e5b270dd47b59,local-only/original-project
20260917-开发资料/source/market/dist/assets/pets/jyn/thumb/anyejinjin-idle/jyn-anyejinjin-idle-29_40.webp,70458,7c09b9e8bedd1e0f5ee0d040f933ed62798061b41f4d49da0add324e39f35f37,local-only/original-project
20260917-开发资料/source/market/dist/assets/pets/jyn/thumb/anyejinjin-idle/jyn-anyejinjin-idle-2_40.webp,72006,be6f25c21eb6e1536cec6090f614bde6b58339bac5a6bba64904457cbdde0ac6,local-only/original-project
20260917-开发资料/source/market/dist/assets/pets/jyn/thumb/anyejinjin-idle/jyn-anyejinjin-idle-30_40.webp,69842,177e0f4bcea3409a1d6775170d3ce0becd6b672060f1c005830fef1339c641e3,local-only/original-project
20260917-开发资料/source/market/dist/assets/pets/jyn/thumb/anyejinjin-idle/jyn-anyejinjin-idle-31_40.webp,69580,18bfd4560c535e4feeb258bf62351736c57edd44bfc0e0d70dc00b168a647850,local-only/original-project
20260917-开发资料/source/market/dist/assets/pets/jyn/thumb/anyejinjin-idle/jyn-anyejinjin-idle-32_40.webp,69430,4f98d7bd45526487fa42b6b17f73338b3b225e6ed9619aeaa600d2bdd629b1a4,local-only/original-project
20260917-开发资料/source/market/dist/assets/pets/jyn/thumb/anyejinjin-idle/jyn-anyejinjin-idle-33_40.webp,69342,4bcb7e1361541f0c4e8be3080e49085a83df8050fc9bf06429d9e01ee11887f5,local-only/original-project
20260917-开发资料/source/market/dist/assets/pets/jyn/thumb/anyejinjin-idle/jyn-anyejinjin-idle-34_40.webp,69490,1706846345adf6de9de91c7d855c509f3e25b77709d827e632c8443ae01bb224,local-only/original-project
20260917-开发资料/source/market/dist/assets/pets/jyn/thumb/anyejinjin-idle/jyn-anyejinjin-idle-35_40.webp,70378,8626785f64f82c7a62530b634e5fcb61a2fb1bf78fbd5ba03be7146df29cca41,local-only/original-project
20260917-开发资料/source/market/dist/assets/pets/jyn/thumb/anyejinjin-idle/jyn-anyejinjin-idle-36_40.webp,68572,50fb0d984012f605c8fbee9672c6b1295a820b2cd2b195ebaf93dde8ce6afb5f,local-only/original-project
20260917-开发资料/source/market/dist/assets/pets/jyn/thumb/anyejinjin-idle/jyn-anyejinjin-idle-37_40.webp,68416,bd83ff4a578f009500e41db0d24ecf0448e04ba9af02d8f9d242006674078cab,local-only/original-project
20260917-开发资料/source/market/dist/assets/pets/jyn/thumb/anyejinjin-idle/jyn-anyejinjin-idle-38_40.webp,68482,0ac5425d31cd6d6181677ebaaaa7930dc0a5e1b048e82f31cb21e9ec18f1a6ea,local-only/original-project
20260917-开发资料/source/market/dist/assets/pets/jyn/thumb/anyejinjin-idle/jyn-anyejinjin-idle-39_40.webp,68628,a4deb28b7bad961a24903a6d7090d137e95e0e12ee7969fb62d92d85455fb1a6,local-only/original-project
20260917-开发资料/source/market/dist/assets/pets/jyn/thumb/anyejinjin-idle/jyn-anyejinjin-idle-3_40.webp,71746,2a011da4f530f4cbc0c78e9ac1529cde543be4be7585dbc037cfffb4143bf9f6,local-only/original-project
20260917-开发资料/source/market/dist/assets/pets/jyn/thumb/anyejinjin-idle/jyn-anyejinjin-idle-40_40.webp,68474,1d76ad73c3ded46fb1355c279c7842cee155e5b2987057a7e94da4966a2804af,local-only/original-project
20260917-开发资料/source/market/dist/assets/pets/jyn/thumb/anyejinjin-idle/jyn-anyejinjin-idle-41_40.webp,68394,e8ebd421a23457285614e707bd1377442248b7246cbd1945c4c8d86e18dfb273,local-only/original-project
20260917-开发资料/source/market/dist/assets/pets/jyn/thumb/anyejinjin-idle/jyn-anyejinjin-idle-42_40.webp,68288,e173c5bc4b2e6e151ef2d6bbcf4ca13eda4d3f214e11abb4f8779aace0a96589,local-only/original-project
20260917-开发资料/source/market/dist/assets/pets/jyn/thumb/anyejinjin-idle/jyn-anyejinjin-idle-43_40.webp,68756,80e29a2eb3c5a33b7aa8d1e9ff1801e01bb18e8fcf45b4d5f24fc18f3d54ac44,local-only/original-project
20260917-开发资料/source/market/dist/assets/pets/jyn/thumb/anyejinjin-idle/jyn-anyejinjin-idle-44_40.webp,68320,ea693b68a7945cbc4531c8453c10b70b1f40ebf5b9502fa1da5f7ee7d1d56e41,local-only/original-project
20260917-开发资料/source/market/dist/assets/pets/jyn/thumb/anyejinjin-idle/jyn-anyejinjin-idle-45_40.webp,68836,722c36b67bfac8fec7a08d3646ce2277b2fcf5bf4be188955ae1cbda29559f1b,local-only/original-project
20260917-开发资料/source/market/dist/assets/pets/jyn/thumb/anyejinjin-idle/jyn-anyejinjin-idle-46_40.webp,68972,f45a2c22c1f24db7d9da93a580f956dfe3054d93a9dac6e8d8721b70c9738ca8,local-only/original-project
20260917-开发资料/source/market/dist/assets/pets/jyn/thumb/anyejinjin-idle/jyn-anyejinjin-idle-47_40.webp,69074,8039acce3568dae89adab5efd5eb11c9ff5872629807985ca298b919d2d21976,local-only/original-project
20260917-开发资料/source/market/dist/assets/pets/jyn/thumb/anyejinjin-idle/jyn-anyejinjin-idle-48_40.webp,69534,df2e8cbe3dae404c8701905a91c718c50a0016ac9a5cf8f4360adb288840d588,local-only/original-project
20260917-开发资料/source/market/dist/assets/pets/jyn/thumb/anyejinjin-idle/jyn-anyejinjin-idle-49_40.webp,69960,496fb86a2cf88b5f0c20c435676d2f72336eb22c018b3093af11122378353e6e,local-only/original-project
20260917-开发资料/source/market/dist/assets/pets/jyn/thumb/anyejinjin-idle/jyn-anyejinjin-idle-4_40.webp,71972,da847f6b69ea9c5844e00b5c9e8ac79151bbced0f4ccbbf5d37a8363ff8ceda9,local-only/original-project
20260917-开发资料/source/market/dist/assets/pets/jyn/thumb/anyejinjin-idle/jyn-anyejinjin-idle-50_40.webp,69780,a8da173e4f1e929bbc1c4e089611d4ad1f439001b9c24b7ba7c2262a6ade6572,local-only/original-project
20260917-开发资料/source/market/dist/assets/pets/jyn/thumb/anyejinjin-idle/jyn-anyejinjin-idle-51_40.webp,70344,81659f01eb5f643a3d27f29b91acaccfdbf5ac5c9e5a875e411400acbc8000b8,local-only/original-project
20260917-开发资料/source/market/dist/assets/pets/jyn/thumb/anyejinjin-idle/jyn-anyejinjin-idle-52_40.webp,70922,310d90e1b270ffdf2caa9eda61b29dd95763ff06245e54eb5891415f701155e3,local-only/original-project
20260917-开发资料/source/market/dist/assets/pets/jyn/thumb/anyejinjin-idle/jyn-anyejinjin-idle-53_40.webp,70480,0e155ad99b6be0350a52260c2dd3c4d776d3ad8bd37a1f56c0c20e8dea07b551,local-only/original-project
20260917-开发资料/source/market/dist/assets/pets/jyn/thumb/anyejinjin-idle/jyn-anyejinjin-idle-54_40.webp,70648,fa655688e5615dd1bab38d8f26668086d4df2b5ae483c0d11acf1c26b3de8d8b,local-only/original-project
20260917-开发资料/source/market/dist/assets/pets/jyn/thumb/anyejinjin-idle/jyn-anyejinjin-idle-55_40.webp,70240,87d3f360c9d245564af0774f8517df9fee14a968e8e5627c62af6b9470672f8e,local-only/original-project
20260917-开发资料/source/market/dist/assets/pets/jyn/thumb/anyejinjin-idle/jyn-anyejinjin-idle-56_40.webp,70166,332cbdfa3439615e5e0445ca7d0e8bc51ebf8b8b6ac8e4b9f5590feb19654dd8,local-only/original-project
20260917-开发资料/source/market/dist/assets/pets/jyn/thumb/anyejinjin-idle/jyn-anyejinjin-idle-57_40.webp,71270,2c1f8bf3bea8dda42eaabbe86167159a3be04a5eb5d2af8d5fd561bff81e315c,local-only/original-project
20260917-开发资料/source/market/dist/assets/pets/jyn/thumb/anyejinjin-idle/jyn-anyejinjin-idle-58_40.webp,71954,eb61af3bacdf4cd24dcd866d989ef9cd0c6dd66065655bc1d9d4451e13e26c18,local-only/original-project
20260917-开发资料/source/market/dist/assets/pets/jyn/thumb/anyejinjin-idle/jyn-anyejinjin-idle-59_40.webp,71696,e958d22513efba9b32f2614a93bdd8bb0bbf7e5593c1f009d22b278c882ea2e3,local-only/original-project
20260917-开发资料/source/market/dist/assets/pets/jyn/thumb/anyejinjin-idle/jyn-anyejinjin-idle-5_40.webp,71886,dd517ba383ee3243bd3da0ac91732c5c5b0865912d14b91f874555b4e8e5d974,local-only/original-project
20260917-开发资料/source/market/dist/assets/pets/jyn/thumb/anyejinjin-idle/jyn-anyejinjin-idle-60_40.webp,71648,cc92d2890b88d4bcf7e77be0334124da0d4629c9f8d3c22af28d36286df4c6e3,local-only/original-project
20260917-开发资料/source/market/dist/assets/pets/jyn/thumb/anyejinjin-idle/jyn-anyejinjin-idle-61_40.webp,71840,ec92c44a4734fbf6b4415dc2f5b1c01c9d5bcc0467ead3254b5d3d1bfde2d32d,local-only/original-project
20260917-开发资料/source/market/dist/assets/pets/jyn/thumb/anyejinjin-idle/jyn-anyejinjin-idle-62_40.webp,72034,c7cc1341ae36e2a5acb5fb0c875e69b8dfc0b3d5be5ca21d186df321f64d3241,local-only/original-project
20260917-开发资料/source/market/dist/assets/pets/jyn/thumb/anyejinjin-idle/jyn-anyejinjin-idle-63_40.webp,71810,df52b57c3016e242a7e41cb72204b46b0e3f0133411c42d8ea77d39483c8ac1e,local-only/original-project
20260917-开发资料/source/market/dist/assets/pets/jyn/thumb/anyejinjin-idle/jyn-anyejinjin-idle-64_40.webp,72134,a29115443e1e6bf265188730fb71f63ee601d94782bbeee64f9ed9ddbc495310,local-only/original-project
20260917-开发资料/source/market/dist/assets/pets/jyn/thumb/anyejinjin-idle/jyn-anyejinjin-idle-65_40.webp,71514,56cd3fbd05c64e535e9f8353eb825dd00c8eceb819dcd7bc3adb503415a9252b,local-only/original-project
20260917-开发资料/source/market/dist/assets/pets/jyn/thumb/anyejinjin-idle/jyn-anyejinjin-idle-66_40.webp,71878,2fc58e791b5f310e31d5ccc79dbcd844f7bed7c16ab3910f78841ae8fb48e09b,local-only/original-project
20260917-开发资料/source/market/dist/assets/pets/jyn/thumb/anyejinjin-idle/jyn-anyejinjin-idle-67_40.webp,71782,88581cf6416485a185d291c6ff4acb123058fc5f93d7a5f8d2c8d6d228de9113,local-only/original-project
20260917-开发资料/source/market/dist/assets/pets/jyn/thumb/anyejinjin-idle/jyn-anyejinjin-idle-68_40.webp,71726,5d1ab7a40773533f314ea4fa88cd8fbba77a0d26c97d7d72a1ee4b5c5006163d,local-only/original-project
20260917-开发资料/source/market/dist/assets/pets/jyn/thumb/anyejinjin-idle/jyn-anyejinjin-idle-69_40.webp,72188,334ee6f492e06a4d4f52828aaffb6245e52eea380e07551432b336b179248086,local-only/original-project
20260917-开发资料/source/market/dist/assets/pets/jyn/thumb/anyejinjin-idle/jyn-anyejinjin-idle-6_40.webp,71650,991e96b1541dd29408f67cb1fd6ee396a6c92ff041f5fcbb305b42bc2f55bff9,local-only/original-project
20260917-开发资料/source/market/dist/assets/pets/jyn/thumb/anyejinjin-idle/jyn-anyejinjin-idle-70_40.webp,72204,c644ef8f9f35f10c9c94707eff1130b438cb55c35c5987267fa53dc8cd87aaef,local-only/original-project
20260917-开发资料/source/market/dist/assets/pets/jyn/thumb/anyejinjin-idle/jyn-anyejinjin-idle-71_40.webp,71890,6d3efcf212fbdcfe09e4d2166b6db01a41f1c00ff0f961b598ef4024abb9d497,local-only/original-project
20260917-开发资料/source/market/dist/assets/pets/jyn/thumb/anyejinjin-idle/jyn-anyejinjin-idle-72_40.webp,71216,8db846eb1b21bce02a92dab24d17363d76a831de628187896e2b9736ed735ef9,local-only/original-project
20260917-开发资料/source/market/dist/assets/pets/jyn/thumb/anyejinjin-idle/jyn-anyejinjin-idle-73_40.webp,71668,f7753c6c2251546aca6f68c8904917fc73df587f37016e1b4d2783c98992a0fd,local-only/original-project
20260917-开发资料/source/market/dist/assets/pets/jyn/thumb/anyejinjin-idle/jyn-anyejinjin-idle-74_40.webp,71740,7a3e45c72821a7733be6beca0a9037ae906b59e49fc2d54d2b6132fd5cefbab5,local-only/original-project
20260917-开发资料/source/market/dist/assets/pets/jyn/thumb/anyejinjin-idle/jyn-anyejinjin-idle-7_40.webp,71592,e62122e668622e1766bd38a553fff107596a43d3ae98494cc09309bdeb875dba,local-only/original-project
20260917-开发资料/source/market/dist/assets/pets/jyn/thumb/anyejinjin-idle/jyn-anyejinjin-idle-8_40.webp,71408,0eb02631b8de375c24c126c802f4c703850f5902931d34fa312370ba927af4e8,local-only/original-project
20260917-开发资料/source/market/dist/assets/pets/jyn/thumb/anyejinjin-idle/jyn-anyejinjin-idle-9_40.webp,72056,a0c118c34d6e7ace55a9d5bcde091f1362df7c0a98285c9f71aa04688103b269,local-only/original-project
20260917-开发资料/source/market/dist/assets/pets/jyn/thumb/anyejinjin-rest/jyn-anyejinjin-rest-10_40.webp,88272,0907f581f98c4b664a6b3a9e0f730c4aee1ee062c45f19b01a123b97b416847f,local-only/original-project
20260917-开发资料/source/market/dist/assets/pets/jyn/thumb/anyejinjin-rest/jyn-anyejinjin-rest-11_40.webp,88318,4e12b96178f7c23ca9df1a3416bd0582a5f4be871b5823dded776434820283fc,local-only/original-project
20260917-开发资料/source/market/dist/assets/pets/jyn/thumb/anyejinjin-rest/jyn-anyejinjin-rest-12_40.webp,87918,791fb13eb44956ae97ffc924429661820c3656c9e63ef7e6945d64c8194f9d61,local-only/original-project
20260917-开发资料/source/market/dist/assets/pets/jyn/thumb/anyejinjin-rest/jyn-anyejinjin-rest-13_40.webp,88208,862039d834cc5f405323f1e82243239ef98898a0d07a727c111ad30976db39d2,local-only/original-project
20260917-开发资料/source/market/dist/assets/pets/jyn/thumb/anyejinjin-rest/jyn-anyejinjin-rest-14_40.webp,87818,e93e597438ec6d394368e2f19c900f75dde2ae716a3a0fff2da9a58d723e53b8,local-only/original-project
20260917-开发资料/source/market/dist/assets/pets/jyn/thumb/anyejinjin-rest/jyn-anyejinjin-rest-15_40.webp,87754,66b09b8966bf744897c0e1d9be3548831ae78ab4a4f77f9347e468164ba4a493,local-only/original-project
20260917-开发资料/source/market/dist/assets/pets/jyn/thumb/anyejinjin-rest/jyn-anyejinjin-rest-16_40.webp,87914,931ce0b5bcae3c752193f4dc713129326c5c90519f2b1483d155b20c8400710c,local-only/original-project
20260917-开发资料/source/market/dist/assets/pets/jyn/thumb/anyejinjin-rest/jyn-anyejinjin-rest-17_40.webp,87558,6bc61fa21c7b20b2ff1be78bfb89e558e4a17b720acabc89918c598de01a2884,local-only/original-project
20260917-开发资料/source/market/dist/assets/pets/jyn/thumb/anyejinjin-rest/jyn-anyejinjin-rest-18_40.webp,87482,51e5ab97a00131bc2fe4f5be3d0710111cdec09e6684c27775d054363a1e0695,local-only/original-project
20260917-开发资料/source/market/dist/assets/pets/jyn/thumb/anyejinjin-rest/jyn-anyejinjin-rest-19_40.webp,86622,9d9a22f464f1ffcf04ee59f0c259685c266dabe254ac43a5f85d64bc617ed6d9,local-only/original-project
20260917-开发资料/source/market/dist/assets/pets/jyn/thumb/anyejinjin-rest/jyn-anyejinjin-rest-1_40.webp,87940,7d58123a49163c0eb05865e25a7c0fb8a587359d9dced126e5a21deb9af4937f,local-only/original-project
20260917-开发资料/source/market/dist/assets/pets/jyn/thumb/anyejinjin-rest/jyn-anyejinjin-rest-20_40.webp,86356,8a8328f87b0166570289da2c5ee5675c9e6b77f9dab7953d0039a283d792c6ea,local-only/original-project
20260917-开发资料/source/market/dist/assets/pets/jyn/thumb/anyejinjin-rest/jyn-anyejinjin-rest-21_40.webp,86332,119c373fbd9c40abaa07442627cf4b32a7822109b9d09f94d922488562de8fda,local-only/original-project
20260917-开发资料/source/market/dist/assets/pets/jyn/thumb/anyejinjin-rest/jyn-anyejinjin-rest-22_40.webp,86572,74aa6c3db5727fb77814143f112243813dbd072b9266abe4f169def01749a68b,local-only/original-project
20260917-开发资料/source/market/dist/assets/pets/jyn/thumb/anyejinjin-rest/jyn-anyejinjin-rest-23_40.webp,86510,211b260a30dce0926e76720e276d7ea8e083a1bd1b8cbf0f80e0b5877df8f6eb,local-only/original-project
20260917-开发资料/source/market/dist/assets/pets/jyn/thumb/anyejinjin-rest/jyn-anyejinjin-rest-24_40.webp,86506,d0c56a292a10fa4c3865455005bc5b40ae68e5d349fd6a6ff4f9e6887fdf0dd0,local-only/original-project
20260917-开发资料/source/market/dist/assets/pets/jyn/thumb/anyejinjin-rest/jyn-anyejinjin-rest-25_40.webp,87252,9f3fbf6b3ae449fe06d478668fe2370f46deb4c7c5bfa8a20486b09c18a376e6,local-only/original-project
20260917-开发资料/source/market/dist/assets/pets/jyn/thumb/anyejinjin-rest/jyn-anyejinjin-rest-26_40.webp,86396,3eb7c59f5e2aaa110149c7f417a96e1bcac0207c73386cd45e415aa4d35e7b2a,local-only/original-project
20260917-开发资料/source/market/dist/assets/pets/jyn/thumb/anyejinjin-rest/jyn-anyejinjin-rest-27_40.webp,86320,b680bea2821c37b9c096b67c4ef33dab94c95e7c9cad029bd48279edf99bca72,local-only/original-project
20260917-开发资料/source/market/dist/assets/pets/jyn/thumb/anyejinjin-rest/jyn-anyejinjin-rest-28_40.webp,86540,7af6affc4591e1d9957f1c92cf041947c5bfbcce37348d01ca752e38ee645abc,local-only/original-project
20260917-开发资料/source/market/dist/assets/pets/jyn/thumb/anyejinjin-rest/jyn-anyejinjin-rest-29_40.webp,86718,238b65f76171728eafb5279f2ced53690ec89e0b86d222ff5e6623ee27412565,local-only/original-project
20260917-开发资料/source/market/dist/assets/pets/jyn/thumb/anyejinjin-rest/jyn-anyejinjin-rest-2_40.webp,87770,da3358c2045e57dd1506fb51bf59a925698832938b1760c14f16fdfd7b29d12d,local-only/original-project
20260917-开发资料/source/market/dist/assets/pets/jyn/thumb/anyejinjin-rest/jyn-anyejinjin-rest-30_40.webp,86090,c16551b0b438db08968a9ca2bc76021489487ec61dfa52320c485db2b1d4b3a0,local-only/original-project
20260917-开发资料/source/market/dist/assets/pets/jyn/thumb/anyejinjin-rest/jyn-anyejinjin-rest-31_40.webp,86908,04fd88cd39a9f232fe0e2e06c9e3ffde642d04ba1d8bf1f7ef6ecee696794155,local-only/original-project
20260917-开发资料/source/market/dist/assets/pets/jyn/thumb/anyejinjin-rest/jyn-anyejinjin-rest-32_40.webp,87110,21257fa2303b97fa10498d89e4b0a1079b872abb0614b8c2056237c363bf88b8,local-only/original-project
20260917-开发资料/source/market/dist/assets/pets/jyn/thumb/anyejinjin-rest/jyn-anyejinjin-rest-33_40.webp,87192,e0ed6fd88a37b2986f736d423263e82d07766ad681fd83bca4caf5d650d59b74,local-only/original-project
20260917-开发资料/source/market/dist/assets/pets/jyn/thumb/anyejinjin-rest/jyn-anyejinjin-rest-34_40.webp,86388,b023c51787ca7c06e1980f081f9774ab407e43315b4652afe3f48530b974111d,local-only/original-project
20260917-开发资料/source/market/dist/assets/pets/jyn/thumb/anyejinjin-rest/jyn-anyejinjin-rest-35_40.webp,87736,290eea494e82262393b46fe68505ca9c882fa6e82d60ea92d767a4194955561e,local-only/original-project
20260917-开发资料/source/market/dist/assets/pets/jyn/thumb/anyejinjin-rest/jyn-anyejinjin-rest-36_40.webp,86862,d6d5753baa42f58fa863bff5a4f641c31dac85cff92edbf08d003e537f6d07a9,local-only/original-project
20260917-开发资料/source/market/dist/assets/pets/jyn/thumb/anyejinjin-rest/jyn-anyejinjin-rest-37_40.webp,86960,9772132dab8a38cdb0cffb7715101a6242ad79222e4ff44c4554dbbd6f3bb70f,local-only/original-project
20260917-开发资料/source/market/dist/assets/pets/jyn/thumb/anyejinjin-rest/jyn-anyejinjin-rest-38_40.webp,86490,69f6635c494b4b0d2ddf5f2343ce935cd1add7ffc43ceace515aadd693ffe7e2,local-only/original-project
20260917-开发资料/source/market/dist/assets/pets/jyn/thumb/anyejinjin-rest/jyn-anyejinjin-rest-39_40.webp,87172,0300a397656b007aa9d756892dc6f52af926a965be582775ab1f9916a78dc15e,local-only/original-project
20260917-开发资料/source/market/dist/assets/pets/jyn/thumb/anyejinjin-rest/jyn-anyejinjin-rest-3_40.webp,88514,a2ca65ce679ce3556f8f29dc499ae4ac1e68cb94472331b68a0c95f9d5c79cc7,local-only/original-project
20260917-开发资料/source/market/dist/assets/pets/jyn/thumb/anyejinjin-rest/jyn-anyejinjin-rest-40_40.webp,88002,268d66b6a1163bc936271f5981db479dc891467cabe082f676a48df7e1c710df,local-only/original-project
20260917-开发资料/source/market/dist/assets/pets/jyn/thumb/anyejinjin-rest/jyn-anyejinjin-rest-41_40.webp,87844,2fc5ac17efb940bb854a553362712919fd6af6a2b484d2b590b82a9a407558b2,local-only/original-project
20260917-开发资料/source/market/dist/assets/pets/jyn/thumb/anyejinjin-rest/jyn-anyejinjin-rest-42_40.webp,87134,bbc90b8531a540d0afaebc7f1f1d85d6e0c54e45b868b43357c412923bb2eaba,local-only/original-project
20260917-开发资料/source/market/dist/assets/pets/jyn/thumb/anyejinjin-rest/jyn-anyejinjin-rest-43_40.webp,88602,adc0d917745358bb4f6880a10c332a1c31a2f62bf7fe653a8441f01a2cff4c39,local-only/original-project
20260917-开发资料/source/market/dist/assets/pets/jyn/thumb/anyejinjin-rest/jyn-anyejinjin-rest-44_40.webp,87894,3cc4928d32cc193dca79798b3aa95f0b84de1afef7be83928b02cc33840cf974,local-only/original-project
20260917-开发资料/source/market/dist/assets/pets/jyn/thumb/anyejinjin-rest/jyn-anyejinjin-rest-45_40.webp,88076,1965e0f5c28a9677b591b1b75d380eb92dc2b76ba6173ee6c3aeb460aff38489,local-only/original-project
20260917-开发资料/source/market/dist/assets/pets/jyn/thumb/anyejinjin-rest/jyn-anyejinjin-rest-46_40.webp,88302,eac231892a2d6ed1c5cdf26d2ea7a8861aeb2ebcbe69e7e641bb9ba81a180dee,local-only/original-project
20260917-开发资料/source/market/dist/assets/pets/jyn/thumb/anyejinjin-rest/jyn-anyejinjin-rest-47_40.webp,88378,0f2e02c3577890b9b7492bcd5e227eb241e2126d1cf7365005168f14c08270fb,local-only/original-project
20260917-开发资料/source/market/dist/assets/pets/jyn/thumb/anyejinjin-rest/jyn-anyejinjin-rest-48_40.webp,88468,9253300628be4a7aa7b087889ee996a719a2f4409feb789eb04a8e418f2a9c76,local-only/original-project
20260917-开发资料/source/market/dist/assets/pets/jyn/thumb/anyejinjin-rest/jyn-anyejinjin-rest-49_40.webp,88294,c0a9e1a2e2e327db621c3afde302b9ce5c89135fdaaacc5dbe09c9365f3f2ae4,local-only/original-project
20260917-开发资料/source/market/dist/assets/pets/jyn/thumb/anyejinjin-rest/jyn-anyejinjin-rest-4_40.webp,88210,189b9104f92c51b15e4590400ece07faab299e9d5ba67dd8a62de0d6b19d663f,local-only/original-project
20260917-开发资料/source/market/dist/assets/pets/jyn/thumb/anyejinjin-rest/jyn-anyejinjin-rest-50_40.webp,88538,68da1402eba4640855c36d73f7aee4c6db90ca19a8a9a92320965b51e8c6dced,local-only/original-project
20260917-开发资料/source/market/dist/assets/pets/jyn/thumb/anyejinjin-rest/jyn-anyejinjin-rest-51_40.webp,88812,691698e9813ea2eec9017ae38e9105cb69b20c800d95e9c08adaa8f167acd151,local-only/original-project
20260917-开发资料/source/market/dist/assets/pets/jyn/thumb/anyejinjin-rest/jyn-anyejinjin-rest-52_40.webp,89142,0bb0255e15c905507a379775c8d25ccb312a9359bb8879af631b28fca580cad1,local-only/original-project
20260917-开发资料/source/market/dist/assets/pets/jyn/thumb/anyejinjin-rest/jyn-anyejinjin-rest-53_40.webp,87682,556bec6c540c58973b3cf95b3bfa2f0f8a6d8b3c05a45d0a77957b71368e97f6,local-only/original-project
20260917-开发资料/source/market/dist/assets/pets/jyn/thumb/anyejinjin-rest/jyn-anyejinjin-rest-54_40.webp,88002,6379b04b1bc9ebb4c15c54bc2acedcc6538140afd0df48e7a9f1091bc8c5094f,local-only/original-project
20260917-开发资料/source/market/dist/assets/pets/jyn/thumb/anyejinjin-rest/jyn-anyejinjin-rest-55_40.webp,88236,c6b12b99924717da572ae14ccf70fb9f41f667de7c5794440827b17644e9f717,local-only/original-project
20260917-开发资料/source/market/dist/assets/pets/jyn/thumb/anyejinjin-rest/jyn-anyejinjin-rest-56_40.webp,88036,0be8f013a851143e066ad3402217bcf341a98d3c6a0b90fe1039c01c635635eb,local-only/original-project
20260917-开发资料/source/market/dist/assets/pets/jyn/thumb/anyejinjin-rest/jyn-anyejinjin-rest-57_40.webp,87786,e8034f032f2e41cdbbbbb301fba157800634f616674879d7ae8c9e4233533172,local-only/original-project
20260917-开发资料/source/market/dist/assets/pets/jyn/thumb/anyejinjin-rest/jyn-anyejinjin-rest-58_40.webp,88544,ea062aa53b9c883ac0e210029f965aa53e131e419db05ecfef09a206ff80253a,local-only/original-project
20260917-开发资料/source/market/dist/assets/pets/jyn/thumb/anyejinjin-rest/jyn-anyejinjin-rest-59_40.webp,89428,79548f8902495a8f7c116fffc3736506b8154e2b7710df4b1cb080f33fa04094,local-only/original-project
20260917-开发资料/source/market/dist/assets/pets/jyn/thumb/anyejinjin-rest/jyn-anyejinjin-rest-5_40.webp,88738,6ef4fe4425f063078403650e6c2bfbfe99935a0e93f4cf272431ab4d52eb6efd,local-only/original-project
20260917-开发资料/source/market/dist/assets/pets/jyn/thumb/anyejinjin-rest/jyn-anyejinjin-rest-60_40.webp,89364,e26e99e3d72b5fc4af6029c5f4ff2ab5e7c0fbdba44ccc7775d129c61ddc3ea1,local-only/original-project
20260917-开发资料/source/market/dist/assets/pets/jyn/thumb/anyejinjin-rest/jyn-anyejinjin-rest-61_40.webp,87816,c199dd004e722dbebc4741c1361309fa51a7c14d532ebe80d9b5deec15390a17,local-only/original-project
20260917-开发资料/source/market/dist/assets/pets/jyn/thumb/anyejinjin-rest/jyn-anyejinjin-rest-62_40.webp,86846,2e9f83ede608883e248c0708881fda81ecc33d38bbaa596f8e0e416aa560c609,local-only/original-project
20260917-开发资料/source/market/dist/assets/pets/jyn/thumb/anyejinjin-rest/jyn-anyejinjin-rest-63_40.webp,87334,12eb1dcf0a76b7f48f6f7ba1b0ded11eaf14ac2abf34729feacad4a76f74ac7e,local-only/original-project
20260917-开发资料/source/market/dist/assets/pets/jyn/thumb/anyejinjin-rest/jyn-anyejinjin-rest-64_40.webp,87386,d039ce76c8750e75b37560acfc6cb7fbb68a81c1577bbeaf12cfec0c5a998513,local-only/original-project
20260917-开发资料/source/market/dist/assets/pets/jyn/thumb/anyejinjin-rest/jyn-anyejinjin-rest-6_40.webp,87018,c2f3836f6817b68cbf2d9c6f747d6b8c1c1b7aa33630a54f25a39ef949d231a5,local-only/original-project
20260917-开发资料/source/market/dist/assets/pets/jyn/thumb/anyejinjin-rest/jyn-anyejinjin-rest-7_40.webp,88320,c16178bcd1fdc03cb41299197b2a8cbc10c3299e9247d1617793b85b43b1d584,local-only/original-project
20260917-开发资料/source/market/dist/assets/pets/jyn/thumb/anyejinjin-rest/jyn-anyejinjin-rest-8_40.webp,88226,a80e4efd6f36648917a550dc59daf35a50feec4262c94916c7b47750cf5bc4cf,local-only/original-project
20260917-开发资料/source/market/dist/assets/pets/jyn/thumb/anyejinjin-rest/jyn-anyejinjin-rest-9_40.webp,88052,e40bd832ca2c9e058af8b6bae69944bbf783fd57946ebc23aa38699bdd2ab9de,local-only/original-project
20260917-开发资料/source/market/dist/assets/pets/jyn/thumb/bingjing-gongzhu-angry/jyn-bingjing-gongzhu-angry-10_40.webp,70288,19272a805d6ecdb029460deaa4ae7eed6dab38bd28b8d3fd385d21c809246bd1,local-only/original-project
20260917-开发资料/source/market/dist/assets/pets/jyn/thumb/bingjing-gongzhu-angry/jyn-bingjing-gongzhu-angry-11_40.webp,68804,694988acdc8c26961d7ad46f830a7000771ac27f7e93836257d8e4fae2068fb4,local-only/original-project
20260917-开发资料/source/market/dist/assets/pets/jyn/thumb/bingjing-gongzhu-angry/jyn-bingjing-gongzhu-angry-12_40.webp,68692,2f06e70eeb77152fb3274fe9adb395b465253f1171c41dfa97c041a30109eef2,local-only/original-project
20260917-开发资料/source/market/dist/assets/pets/jyn/thumb/bingjing-gongzhu-angry/jyn-bingjing-gongzhu-angry-13_40.webp,67396,1469cddabf6a3d83b8e373c2d3072aed115ed73be3cd9d28625af99c74d0f366,local-only/original-project
20260917-开发资料/source/market/dist/assets/pets/jyn/thumb/bingjing-gongzhu-angry/jyn-bingjing-gongzhu-angry-14_40.webp,64920,842ebf9c3043e1e272a66f9e1aae2498dae4c9fdba73fd7e7e62d7784ce0bb46,local-only/original-project
20260917-开发资料/source/market/dist/assets/pets/jyn/thumb/bingjing-gongzhu-angry/jyn-bingjing-gongzhu-angry-15_40.webp,54204,fb9da96fe3efb46712d9046ebe32e4cdd2ab77800a3511b060e6a344ac2485ed,local-only/original-project
20260917-开发资料/source/market/dist/assets/pets/jyn/thumb/bingjing-gongzhu-angry/jyn-bingjing-gongzhu-angry-16_40.webp,48784,da38d41f2d88830e2b8285ca3e05176dde4aa0e7e15dc52072234b7b681e8a79,local-only/original-project
20260917-开发资料/source/market/dist/assets/pets/jyn/thumb/bingjing-gongzhu-angry/jyn-bingjing-gongzhu-angry-17_40.webp,45928,c2db1fb58d1b0880307ca738eb6701852ee18706e5e77a1a099c155e53f0e489,local-only/original-project
20260917-开发资料/source/market/dist/assets/pets/jyn/thumb/bingjing-gongzhu-angry/jyn-bingjing-gongzhu-angry-18_40.webp,44402,df2872f771e504d6798d417c756a9469f7f22caa8e893b1e681a8875c27c2f2b,local-only/original-project
20260917-开发资料/source/market/dist/assets/pets/jyn/thumb/bingjing-gongzhu-angry/jyn-bingjing-gongzhu-angry-19_40.webp,38284,26ec7ff0858c279457fc16f56e701edf336d9b54d66ebcf3391373e68b062c5c,local-only/original-project
20260917-开发资料/source/market/dist/assets/pets/jyn/thumb/bingjing-gongzhu-angry/jyn-bingjing-gongzhu-angry-1_40.webp,78192,6fe4251bcec80c563b11291202ebf893ed440d63b1e0b1f240abee343b0e2267,local-only/original-project
20260917-开发资料/source/market/dist/assets/pets/jyn/thumb/bingjing-gongzhu-angry/jyn-bingjing-gongzhu-angry-20_40.webp,41390,83a8f7337cc86e7f38d04d08aba5c27867b994ee3268581bfc5270a01ebb0c4d,local-only/original-project
20260917-开发资料/source/market/dist/assets/pets/jyn/thumb/bingjing-gongzhu-angry/jyn-bingjing-gongzhu-angry-21_40.webp,47262,71150a2bf87405678cd184c0e82d9e3bb5530b8d0f992f9755ca31bf95b6c63b,local-only/original-project
20260917-开发资料/source/market/dist/assets/pets/jyn/thumb/bingjing-gongzhu-angry/jyn-bingjing-gongzhu-angry-22_40.webp,54436,8457a7aa7af547a4facb192d886abb0813d99a96a9026d59cb03dcf5ffacee65,local-only/original-project
20260917-开发资料/source/market/dist/assets/pets/jyn/thumb/bingjing-gongzhu-angry/jyn-bingjing-gongzhu-angry-23_40.webp,55012,aad0796aef726c2936ae06f5a2cf45babf9d58cdf2f7ce265addcea74f7e9b58,local-only/original-project
20260917-开发资料/source/market/dist/assets/pets/jyn/thumb/bingjing-gongzhu-angry/jyn-bingjing-gongzhu-angry-24_40.webp,58384,0790f94affdceb8310f95df3ac1e772dab30a52932c278d64ac213bf61f8635c,local-only/original-project
20260917-开发资料/source/market/dist/assets/pets/jyn/thumb/bingjing-gongzhu-angry/jyn-bingjing-gongzhu-angry-25_40.webp,59920,76e8c555453476dfaca3450d2c9d7468da1b203778cc16201d72c05648bc6198,local-only/original-project
20260917-开发资料/source/market/dist/assets/pets/jyn/thumb/bingjing-gongzhu-angry/jyn-bingjing-gongzhu-angry-26_40.webp,62576,02a6af9850f22f221a6a5e9e7a2cb82c9ed1a405c06bce50e5d362f75bf28dbc,local-only/original-project
20260917-开发资料/source/market/dist/assets/pets/jyn/thumb/bingjing-gongzhu-angry/jyn-bingjing-gongzhu-angry-27_40.webp,59976,4053a82b4f4127c038c9c72be2c5a16ed81e6ae3ee63654132a0d039e877bf22,local-only/original-project
20260917-开发资料/source/market/dist/assets/pets/jyn/thumb/bingjing-gongzhu-angry/jyn-bingjing-gongzhu-angry-28_40.webp,60870,06d2a2dd0b5752d5a7ff32565bedd56d62531a50f46645d0f22ee6aa8235a20f,local-only/original-project
20260917-开发资料/source/market/dist/assets/pets/jyn/thumb/bingjing-gongzhu-angry/jyn-bingjing-gongzhu-angry-29_40.webp,61188,6a48fb940e94daac35cee3366e141f50d2f2e7a339c439c807305e5b570fccfc,local-only/original-project
20260917-开发资料/source/market/dist/assets/pets/jyn/thumb/bingjing-gongzhu-angry/jyn-bingjing-gongzhu-angry-2_40.webp,78182,82c7813a4218b9315ddbefe8988c44f9266eb1d6658416156c2b292de8fac996,local-only/original-project
20260917-开发资料/source/market/dist/assets/pets/jyn/thumb/bingjing-gongzhu-angry/jyn-bingjing-gongzhu-angry-30_40.webp,62944,f452446697c51dcdeb6c59b4030d00fe981665ed562e7d26d59397b2282c24dc,local-only/original-project
20260917-开发资料/source/market/dist/assets/pets/jyn/thumb/bingjing-gongzhu-angry/jyn-bingjing-gongzhu-angry-31_40.webp,62202,1c96bbc18dc47b7bb530a8e5cbdff8323f6883fa223828d52e8971912036a70c,local-only/original-project
20260917-开发资料/source/market/dist/assets/pets/jyn/thumb/bingjing-gongzhu-angry/jyn-bingjing-gongzhu-angry-32_40.webp,63708,98f66edff53954e5cd82392c0ff012fdfe47f8b2ecc32034bda030db83a439e9,local-only/original-project
20260917-开发资料/source/market/dist/assets/pets/jyn/thumb/bingjing-gongzhu-angry/jyn-bingjing-gongzhu-angry-33_40.webp,65992,7aecb448de8f39c3f3990af7c08757125031557ed6a5c6e8de44020624c90bdf,local-only/original-project
20260917-开发资料/source/market/dist/assets/pets/jyn/thumb/bingjing-gongzhu-angry/jyn-bingjing-gongzhu-angry-34_40.webp,65614,a882f069ca38f357cf2afe69b86e424939a658662dc370a2082fbdc49fcf670f,local-only/original-project
20260917-开发资料/source/market/dist/assets/pets/jyn/thumb/bingjing-gongzhu-angry/jyn-bingjing-gongzhu-angry-35_40.webp,68300,63bd702ab882ebd25129381ef0a28537ff28946c9bd3cc6edb43febc7a2e6950,local-only/original-project
20260917-开发资料/source/market/dist/assets/pets/jyn/thumb/bingjing-gongzhu-angry/jyn-bingjing-gongzhu-angry-36_40.webp,65056,b6c524cb342061a5f02641f027f72b567a958aae1193e65d8886e42aac4e27c4,local-only/original-project
20260917-开发资料/source/market/dist/assets/pets/jyn/thumb/bingjing-gongzhu-angry/jyn-bingjing-gongzhu-angry-37_40.webp,62494,31c2e591ac136deeea2757d412963d799435a34a6d1aff657aff34ff417a1818,local-only/original-project
20260917-开发资料/source/market/dist/assets/pets/jyn/thumb/bingjing-gongzhu-angry/jyn-bingjing-gongzhu-angry-38_40.webp,61496,af38e8e3aa2bb8d51535b4aa1a9e29cfaab69433b752138812afdfb326c4f38e,local-only/original-project
20260917-开发资料/source/market/dist/assets/pets/jyn/thumb/bingjing-gongzhu-angry/jyn-bingjing-gongzhu-angry-39_40.webp,61286,591a453ee37b571e186f32e2245032ff1fbf26662558d01111a1377667642249,local-only/original-project
20260917-开发资料/source/market/dist/assets/pets/jyn/thumb/bingjing-gongzhu-angry/jyn-bingjing-gongzhu-angry-3_40.webp,78668,3176e38e778d2798c441ad71a2a28a7faf96b10b9040819fd7fb6c170334658a,local-only/original-project
20260917-开发资料/source/market/dist/assets/pets/jyn/thumb/bingjing-gongzhu-angry/jyn-bingjing-gongzhu-angry-40_40.webp,60806,e586af3cc329ec2d03fefe92cc2f7b6ae72d90f7fb03d1da98ca615e8996f2f6,local-only/original-project
20260917-开发资料/source/market/dist/assets/pets/jyn/thumb/bingjing-gongzhu-angry/jyn-bingjing-gongzhu-angry-41_40.webp,61042,a8a7d86afe354e3f8110b7347d58e81b2d245246ca7244e5c87c55fc235b376c,local-only/original-project
20260917-开发资料/source/market/dist/assets/pets/jyn/thumb/bingjing-gongzhu-angry/jyn-bingjing-gongzhu-angry-42_40.webp,66346,0741d95a735ae0805781a6e5c623fb4a2bcd48edd724dd8df429ab7a296ba44a,local-only/original-project
20260917-开发资料/source/market/dist/assets/pets/jyn/thumb/bingjing-gongzhu-angry/jyn-bingjing-gongzhu-angry-43_40.webp,66978,47f851376c0322d646e1787c6d170829596742835655e3108dc7d6e7d2a5e2dc,local-only/original-project
20260917-开发资料/source/market/dist/assets/pets/jyn/thumb/bingjing-gongzhu-angry/jyn-bingjing-gongzhu-angry-44_40.webp,64450,26e576b6117d9182694cd0f6ab611326bac7cdeaa7046acc537b295bc0f2c5d6,local-only/original-project
20260917-开发资料/source/market/dist/assets/pets/jyn/thumb/bingjing-gongzhu-angry/jyn-bingjing-gongzhu-angry-45_40.webp,64296,71e841691223130e5d361d6ecbc2813821b30f6e12f2ec0db21966406214db36,local-only/original-project
20260917-开发资料/source/market/dist/assets/pets/jyn/thumb/bingjing-gongzhu-angry/jyn-bingjing-gongzhu-angry-46_40.webp,63316,ec247090587f0e70e29f822a8d4f1cd1cd699c6304081293256dc4b45fefd68b,local-only/original-project
20260917-开发资料/source/market/dist/assets/pets/jyn/thumb/bingjing-gongzhu-angry/jyn-bingjing-gongzhu-angry-47_40.webp,63138,a4e6c2a02186663dfe7ae6e0250cdf825494a4596b9431d6975bebde8016da3d,local-only/original-project
20260917-开发资料/source/market/dist/assets/pets/jyn/thumb/bingjing-gongzhu-angry/jyn-bingjing-gongzhu-angry-48_40.webp,60444,4a431c4bd3cd9388072c10c2bd1adcef48e4cc56d4ce2a6d95e8140c13eae542,local-only/original-project
20260917-开发资料/source/market/dist/assets/pets/jyn/thumb/bingjing-gongzhu-angry/jyn-bingjing-gongzhu-angry-49_40.webp,59788,d7fa244287bbf00eaa25fa9fc9320c1020c5c624caba3a3d2391ffb25a9627df,local-only/original-project
20260917-开发资料/source/market/dist/assets/pets/jyn/thumb/bingjing-gongzhu-angry/jyn-bingjing-gongzhu-angry-4_40.webp,78626,44fd2f6b8e43831e363a73c2f7e551d8a2a7613de7ef2e965c5ba6171bceda7b,local-only/original-project
20260917-开发资料/source/market/dist/assets/pets/jyn/thumb/bingjing-gongzhu-angry/jyn-bingjing-gongzhu-angry-50_40.webp,59948,3b4d8ecee8b956fb6880c710256e479e0d30c8bb1f2f4e9ded7b46a224c83245,local-only/original-project
20260917-开发资料/source/market/dist/assets/pets/jyn/thumb/bingjing-gongzhu-angry/jyn-bingjing-gongzhu-angry-51_40.webp,57084,4edee3990254a2b054bbfa117e5396b4429877dd92ee1acf2da8b91545d0ff11,local-only/original-project
20260917-开发资料/source/market/dist/assets/pets/jyn/thumb/bingjing-gongzhu-angry/jyn-bingjing-gongzhu-angry-52_40.webp,54454,6e8986c7d0bb03f2b85a1a29ec19d6ae0a6cd5fcb228d1a690560b9ac6a5fe88,local-only/original-project
20260917-开发资料/source/market/dist/assets/pets/jyn/thumb/bingjing-gongzhu-angry/jyn-bingjing-gongzhu-angry-53_40.webp,41434,3560da033a61f75748831c072656dd88dfd27be78a2c1b7f8b090d85be6df3df,local-only/original-project
20260917-开发资料/source/market/dist/assets/pets/jyn/thumb/bingjing-gongzhu-angry/jyn-bingjing-gongzhu-angry-54_40.webp,41576,64c15bb046acd2e4487519525977b41ef15950a3d2c491c5457d066ba88dcf64,local-only/original-project
20260917-开发资料/source/market/dist/assets/pets/jyn/thumb/bingjing-gongzhu-angry/jyn-bingjing-gongzhu-angry-55_40.webp,43224,a4f74bdaadd5a156b6bdb712d7beff6841c30027e23647b5a86bf12f78c1ac02,local-only/original-project
20260917-开发资料/source/market/dist/assets/pets/jyn/thumb/bingjing-gongzhu-angry/jyn-bingjing-gongzhu-angry-56_40.webp,48804,c796268a5d7a5e52a66f8b387af09fd5f0f90fd8ddb9fd879cfc4f6f4d94d95f,local-only/original-project
20260917-开发资料/source/market/dist/assets/pets/jyn/thumb/bingjing-gongzhu-angry/jyn-bingjing-gongzhu-angry-57_40.webp,53922,4394e1a1977b44bc01db165415687343b5a8b523fcd11c309896e805a77db910,local-only/original-project
20260917-开发资料/source/market/dist/assets/pets/jyn/thumb/bingjing-gongzhu-angry/jyn-bingjing-gongzhu-angry-58_40.webp,59732,0feb9aaa1c55321b8fc75d486322e723838616dc757dfa2501d3dd3e94bdca23,local-only/original-project
20260917-开发资料/source/market/dist/assets/pets/jyn/thumb/bingjing-gongzhu-angry/jyn-bingjing-gongzhu-angry-59_40.webp,65958,e2c257d0338bf8be998420262258ce4dac145e175fb26899b37e72a166827c43,local-only/original-project
20260917-开发资料/source/market/dist/assets/pets/jyn/thumb/bingjing-gongzhu-angry/jyn-bingjing-gongzhu-angry-5_40.webp,78384,18069372ca685131016924c4a9ecf5ef8b23c79c4ee22ad47304af16e739065b,local-only/original-project
20260917-开发资料/source/market/dist/assets/pets/jyn/thumb/bingjing-gongzhu-angry/jyn-bingjing-gongzhu-angry-60_40.webp,69406,a47b6077ba6adbda00a8940612d3b4b101b318e68e22be03024f7faee29ca707,local-only/original-project
20260917-开发资料/source/market/dist/assets/pets/jyn/thumb/bingjing-gongzhu-angry/jyn-bingjing-gongzhu-angry-61_40.webp,71424,3d8d3fdde3fe05b6bcaf11e7ff9b57f761f463c842b2b35643c5fa8f1fb48fa8,local-only/original-project
20260917-开发资料/source/market/dist/assets/pets/jyn/thumb/bingjing-gongzhu-angry/jyn-bingjing-gongzhu-angry-62_40.webp,73268,3193f6b9d1a57e420bb823ec26fafeec8af4d85e347303363564ad7658b8a956,local-only/original-project
20260917-开发资料/source/market/dist/assets/pets/jyn/thumb/bingjing-gongzhu-angry/jyn-bingjing-gongzhu-angry-63_40.webp,75574,3f38f82819e4968ce9024fd854109390a94ef75a8031d31559db3f7bffe498c4,local-only/original-project
20260917-开发资料/source/market/dist/assets/pets/jyn/thumb/bingjing-gongzhu-angry/jyn-bingjing-gongzhu-angry-64_40.webp,76744,cbc27676ab2b646cf74d9822c890169b54ba2ff1609791af7a1483721ac7b651,local-only/original-project
20260917-开发资料/source/market/dist/assets/pets/jyn/thumb/bingjing-gongzhu-angry/jyn-bingjing-gongzhu-angry-65_40.webp,76494,727a654008e7ceb3fde762b4201ce1e7af0c0f0de0377795fab72fe0097c13d7,local-only/original-project
20260917-开发资料/source/market/dist/assets/pets/jyn/thumb/bingjing-gongzhu-angry/jyn-bingjing-gongzhu-angry-66_40.webp,77036,5784421ecb1d9ef10045df7933122058406642631104d08fe7120a54a2ba1190,local-only/original-project
20260917-开发资料/source/market/dist/assets/pets/jyn/thumb/bingjing-gongzhu-angry/jyn-bingjing-gongzhu-angry-67_40.webp,77568,7546d37084a7eb6e93f2b3006147545c04e1894143e446c013abb2a4ce6e4a5b,local-only/original-project
20260917-开发资料/source/market/dist/assets/pets/jyn/thumb/bingjing-gongzhu-angry/jyn-bingjing-gongzhu-angry-68_40.webp,77678,385fa7d4ab9c86ed6629edceeeb4ce93decf5509d8bfe4c9be17dcf72bbc1c3b,local-only/original-project
20260917-开发资料/source/market/dist/assets/pets/jyn/thumb/bingjing-gongzhu-angry/jyn-bingjing-gongzhu-angry-69_40.webp,78760,b91e4618774d68cd98b5b6ca7ef181c1a666bfc277d8cad80ec8c9ab4c953039,local-only/original-project
20260917-开发资料/source/market/dist/assets/pets/jyn/thumb/bingjing-gongzhu-angry/jyn-bingjing-gongzhu-angry-6_40.webp,77094,23e558bdee20286037f96a2eceeceb464d5c34f091dfc8449547e86ad317969f,local-only/original-project
20260917-开发资料/source/market/dist/assets/pets/jyn/thumb/bingjing-gongzhu-angry/jyn-bingjing-gongzhu-angry-7_40.webp,76724,fd3d80975eea4ffbbf4ae47afe909c32ac4f0c91c2e60128a6f87e4d4183cc84,local-only/original-project
20260917-开发资料/source/market/dist/assets/pets/jyn/thumb/bingjing-gongzhu-angry/jyn-bingjing-gongzhu-angry-8_40.webp,75222,e956de04362ef2d9c6095974f47906245a1ea2eda6eb368dcfbfbfbc415a0dd0,local-only/original-project
20260917-开发资料/source/market/dist/assets/pets/jyn/thumb/bingjing-gongzhu-angry/jyn-bingjing-gongzhu-angry-9_40.webp,73850,82dceee35ee8476d525f6acbbfa0231d01ace57eea96316a877593c1541d45d5,local-only/original-project
20260917-开发资料/source/market/dist/assets/pets/jyn/thumb/bingjing-gongzhu-idle/jyn-bingjing-gongzhu-idle-10_40.webp,80582,4654889529606035cf81ee4baa8d75651e250029410b8f8cb5abebe73315668e,local-only/original-project
20260917-开发资料/source/market/dist/assets/pets/jyn/thumb/bingjing-gongzhu-idle/jyn-bingjing-gongzhu-idle-11_40.webp,80670,3dde924838acee89556820cb88806cda97fe6574b10449616afae34fe642b791,local-only/original-project
20260917-开发资料/source/market/dist/assets/pets/jyn/thumb/bingjing-gongzhu-idle/jyn-bingjing-gongzhu-idle-12_40.webp,80634,1033d4018f4a5ef244519e498affe00407641fcb99cbf01ce44d02b543750b16,local-only/original-project
20260917-开发资料/source/market/dist/assets/pets/jyn/thumb/bingjing-gongzhu-idle/jyn-bingjing-gongzhu-idle-13_40.webp,80882,6bf32b72e7885f3463fddd37537ff3c671b9d42edf39358aa52d5133774e032c,local-only/original-project
20260917-开发资料/source/market/dist/assets/pets/jyn/thumb/bingjing-gongzhu-idle/jyn-bingjing-gongzhu-idle-14_40.webp,80380,7afb38c1f86448e4dea197040496bdd6372c901c481bd5b84c9dea5f2e1c4e53,local-only/original-project
20260917-开发资料/source/market/dist/assets/pets/jyn/thumb/bingjing-gongzhu-idle/jyn-bingjing-gongzhu-idle-15_40.webp,80922,5fada13667ad9ddbf67eacdd50b8bea035ce25682550beaaf7ea301b9caa6125,local-only/original-project
20260917-开发资料/source/market/dist/assets/pets/jyn/thumb/bingjing-gongzhu-idle/jyn-bingjing-gongzhu-idle-16_40.webp,80694,6c30f97f49f0ffd124d4c72c77a833a2f06736bee6a6f5d409843590507babde,local-only/original-project
20260917-开发资料/source/market/dist/assets/pets/jyn/thumb/bingjing-gongzhu-idle/jyn-bingjing-gongzhu-idle-17_40.webp,80868,6ef5353c2b33c7e769623669999ba0b5abedd7bac5d4e6dbde8bc09f1a383815,local-only/original-project
20260917-开发资料/source/market/dist/assets/pets/jyn/thumb/bingjing-gongzhu-idle/jyn-bingjing-gongzhu-idle-18_40.webp,81928,b93cbc3c3acf9eaf8ba88f55d9256b0b1ea5609b5326c8785dfe4225cdd57b0d,local-only/original-project
20260917-开发资料/source/market/dist/assets/pets/jyn/thumb/bingjing-gongzhu-idle/jyn-bingjing-gongzhu-idle-19_40.webp,80322,f25289877723fd96ad2688d6167f50a635ecf50c69fd05180ff6a0f0b758e75b,local-only/original-project
20260917-开发资料/source/market/dist/assets/pets/jyn/thumb/bingjing-gongzhu-idle/jyn-bingjing-gongzhu-idle-1_40.webp,80994,ce7ac91ab502c69ce5b9abb225ce8155fed71987cc27d1ce8e291a69708bdaa2,local-only/original-project
20260917-开发资料/source/market/dist/assets/pets/jyn/thumb/bingjing-gongzhu-idle/jyn-bingjing-gongzhu-idle-20_40.webp,80646,292565de957297c3a18521bc005b71c626bf702788bc6c02040c5a1649ae8232,local-only/original-project
20260917-开发资料/source/market/dist/assets/pets/jyn/thumb/bingjing-gongzhu-idle/jyn-bingjing-gongzhu-idle-21_40.webp,80868,74f0c8d78ba4f71a713846260090b14469fd7deaa6cbe8e8278791b6a387d3b9,local-only/original-project
20260917-开发资料/source/market/dist/assets/pets/jyn/thumb/bingjing-gongzhu-idle/jyn-bingjing-gongzhu-idle-22_40.webp,80694,c968c58085cc5a9b04a8d308580eefff2e6f2fad11027b83ecc19a757382dcc3,local-only/original-project
20260917-开发资料/source/market/dist/assets/pets/jyn/thumb/bingjing-gongzhu-idle/jyn-bingjing-gongzhu-idle-23_40.webp,80682,450f56cf939bed77d0a43dafdd26e352ee090c1b2d81cfd7b27e9bd61497c837,local-only/original-project
20260917-开发资料/source/market/dist/assets/pets/jyn/thumb/bingjing-gongzhu-idle/jyn-bingjing-gongzhu-idle-24_40.webp,80754,3540884511b3f19e163742e94bbe7ab88398f19dcd200d66ed5502544fb8127a,local-only/original-project
20260917-开发资料/source/market/dist/assets/pets/jyn/thumb/bingjing-gongzhu-idle/jyn-bingjing-gongzhu-idle-25_40.webp,80590,b12a54eee18e3cd9e2b5f9ca65eb0ae71bc28ada728acebdd58ad57e2005f2b1,local-only/original-project
20260917-开发资料/source/market/dist/assets/pets/jyn/thumb/bingjing-gongzhu-idle/jyn-bingjing-gongzhu-idle-26_40.webp,80480,c99b336e1e4070e422993e7f265bf731e78ecf62286733de06dd3b69fbc46740,local-only/original-project
20260917-开发资料/source/market/dist/assets/pets/jyn/thumb/bingjing-gongzhu-idle/jyn-bingjing-gongzhu-idle-27_40.webp,80286,ddaa51f771c518e4bc86ec8e61d7ba32539d0213ec4176fedaa08b7bca7767f1,local-only/original-project
20260917-开发资料/source/market/dist/assets/pets/jyn/thumb/bingjing-gongzhu-idle/jyn-bingjing-gongzhu-idle-28_40.webp,80448,e2a07d4b11d6c80491ab3eb87e44c620e10a91898f704330e7e2889cf65e4358,local-only/original-project
20260917-开发资料/source/market/dist/assets/pets/jyn/thumb/bingjing-gongzhu-idle/jyn-bingjing-gongzhu-idle-29_40.webp,80346,b266bdad7e02e8ec783da23940db1df2ada9355c843285b178ba1eedcd81f432,local-only/original-project
20260917-开发资料/source/market/dist/assets/pets/jyn/thumb/bingjing-gongzhu-idle/jyn-bingjing-gongzhu-idle-2_40.webp,79770,958993d1a3dd64464ac4e083040d8018b55c1244e56478cdac5d8281d6e15f77,local-only/original-project
20260917-开发资料/source/market/dist/assets/pets/jyn/thumb/bingjing-gongzhu-idle/jyn-bingjing-gongzhu-idle-30_40.webp,80126,adb4034efe44438315ca2987c9f6c0d7276eceb6ad4b0bb7fc5e86d4c70c4b38,local-only/original-project
20260917-开发资料/source/market/dist/assets/pets/jyn/thumb/bingjing-gongzhu-idle/jyn-bingjing-gongzhu-idle-31_40.webp,79740,18baabe60c7f6afdb26b3c67b69a65e5c3c5f35b57c5e328db40a3e7b374e0f2,local-only/original-project
20260917-开发资料/source/market/dist/assets/pets/jyn/thumb/bingjing-gongzhu-idle/jyn-bingjing-gongzhu-idle-32_40.webp,80092,6f7501a327c857d71ebe4a72f8059391bd4e993ee8939be93950c4b58144aa83,local-only/original-project
20260917-开发资料/source/market/dist/assets/pets/jyn/thumb/bingjing-gongzhu-idle/jyn-bingjing-gongzhu-idle-33_40.webp,80014,d7a23f87f2cd756f56f93aa4ea51e54b769540ff96a5b210cef86ef27dd48ce3,local-only/original-project
20260917-开发资料/source/market/dist/assets/pets/jyn/thumb/bingjing-gongzhu-idle/jyn-bingjing-gongzhu-idle-34_40.webp,79848,5c99df0e159c0bed45aec378c60a028e89e21dd1b9e1cc702e801af56ebecd6c,local-only/original-project
20260917-开发资料/source/market/dist/assets/pets/jyn/thumb/bingjing-gongzhu-idle/jyn-bingjing-gongzhu-idle-35_40.webp,80532,d2babac55ae14ac198d3b5256a6062da8e39579bd78f50a13434e518e577aca9,local-only/original-project
20260917-开发资料/source/market/dist/assets/pets/jyn/thumb/bingjing-gongzhu-idle/jyn-bingjing-gongzhu-idle-36_40.webp,79506,5843369129be480e8471c497c7dca0da49eafcd30582b6ecfc9ac82b21f864bc,local-only/original-project
20260917-开发资料/source/market/dist/assets/pets/jyn/thumb/bingjing-gongzhu-idle/jyn-bingjing-gongzhu-idle-37_40.webp,79220,9ce24e1e961539fc4b76c1659f1f0ca795149ada056d49afae49b7a9b9286e59,local-only/original-project
20260917-开发资料/source/market/dist/assets/pets/jyn/thumb/bingjing-gongzhu-idle/jyn-bingjing-gongzhu-idle-38_40.webp,79004,1b497ad0f4480094550dd743f33fbd6ee37c9d3029f0ec06be0286c0135961ad,local-only/original-project
20260917-开发资料/source/market/dist/assets/pets/jyn/thumb/bingjing-gongzhu-idle/jyn-bingjing-gongzhu-idle-39_40.webp,79110,d32ef4f77f73dc45158f559b5e413ea54668c85330f72ef4e18905f46d983b0e,local-only/original-project
20260917-开发资料/source/market/dist/assets/pets/jyn/thumb/bingjing-gongzhu-idle/jyn-bingjing-gongzhu-idle-3_40.webp,80314,f89a253424d4bdd93bbfa39e0c9dae85c6755f5d5577c8041be3636d4a63987e,local-only/original-project
20260917-开发资料/source/market/dist/assets/pets/jyn/thumb/bingjing-gongzhu-idle/jyn-bingjing-gongzhu-idle-40_40.webp,78796,a19c1c661b98c74280ad93225d75c8df09b150f01d49fc290ff285345df4ad25,local-only/original-project
20260917-开发资料/source/market/dist/assets/pets/jyn/thumb/bingjing-gongzhu-idle/jyn-bingjing-gongzhu-idle-41_40.webp,79132,495edfe53dfc94c9cf98215a5b18f66385ab5b8a48116b29c5cfd8b4143b29f3,local-only/original-project
20260917-开发资料/source/market/dist/assets/pets/jyn/thumb/bingjing-gongzhu-idle/jyn-bingjing-gongzhu-idle-42_40.webp,78834,a47217bc470685c8a1afeba26cd5a417d2a8c8fc60e3a5d4ec6b4d2e9776be28,local-only/original-project
20260917-开发资料/source/market/dist/assets/pets/jyn/thumb/bingjing-gongzhu-idle/jyn-bingjing-gongzhu-idle-43_40.webp,78672,d9e44063dadd2f743260b3f8e7a7cd4a57ce9eaaea2caf0dbf68311bbe4d9d88,local-only/original-project
20260917-开发资料/source/market/dist/assets/pets/jyn/thumb/bingjing-gongzhu-idle/jyn-bingjing-gongzhu-idle-44_40.webp,78664,a8f0a3509546656fbc7f82b7811f798989d963dbbbe98357ba461125d730439c,local-only/original-project
20260917-开发资料/source/market/dist/assets/pets/jyn/thumb/bingjing-gongzhu-idle/jyn-bingjing-gongzhu-idle-45_40.webp,78520,a674430a248a1bca4af626d16f88268c26deb8e86eb2ba705d2097dd249fed16,local-only/original-project
20260917-开发资料/source/market/dist/assets/pets/jyn/thumb/bingjing-gongzhu-idle/jyn-bingjing-gongzhu-idle-46_40.webp,78396,c5bf8122a48c372a01a8183eaef656805aca3b1d2472cb8bc637a5933fe0df67,local-only/original-project
20260917-开发资料/source/market/dist/assets/pets/jyn/thumb/bingjing-gongzhu-idle/jyn-bingjing-gongzhu-idle-47_40.webp,78608,73500f28c664b9325729209f30cb73a1c9cf2fca2b682c35f8f11e731fca00aa,local-only/original-project
20260917-开发资料/source/market/dist/assets/pets/jyn/thumb/bingjing-gongzhu-idle/jyn-bingjing-gongzhu-idle-48_40.webp,78482,12c66aa2655e3473f87f808a67f52113463bd47f11bbed0c9ce81a75b02887ed,local-only/original-project
20260917-开发资料/source/market/dist/assets/pets/jyn/thumb/bingjing-gongzhu-idle/jyn-bingjing-gongzhu-idle-49_40.webp,78798,6d487a7d3201af563813e88c6cfc4fea387ce1b7b17a69bf87623ecde8530d47,local-only/original-project
20260917-开发资料/source/market/dist/assets/pets/jyn/thumb/bingjing-gongzhu-idle/jyn-bingjing-gongzhu-idle-4_40.webp,80088,1e18d90ef0e639fc079b7cdbc8da80a775496c0e371ab2bc2f74ae243fe3d990,local-only/original-project
20260917-开发资料/source/market/dist/assets/pets/jyn/thumb/bingjing-gongzhu-idle/jyn-bingjing-gongzhu-idle-50_40.webp,78666,226148779a2150ce9e543df7e15e4ae91f57358ab5c9a6049af46422e62153d1,local-only/original-project
20260917-开发资料/source/market/dist/assets/pets/jyn/thumb/bingjing-gongzhu-idle/jyn-bingjing-gongzhu-idle-51_40.webp,78544,83d512ecfecb09a1378d2cb1b7ac8ebdb4066419e8c31ca6964418eb12c43dce,local-only/original-project
20260917-开发资料/source/market/dist/assets/pets/jyn/thumb/bingjing-gongzhu-idle/jyn-bingjing-gongzhu-idle-52_40.webp,79524,a28bd346ad177b0e8949ef0b5aa2c8f66d4c4f5ac65c21716bb37fcc3a90c158,local-only/original-project
20260917-开发资料/source/market/dist/assets/pets/jyn/thumb/bingjing-gongzhu-idle/jyn-bingjing-gongzhu-idle-53_40.webp,78678,a92e5928e7ab3b1f75400e86928027017a86695fa938bdd8653add1d5147bf6e,local-only/original-project
20260917-开发资料/source/market/dist/assets/pets/jyn/thumb/bingjing-gongzhu-idle/jyn-bingjing-gongzhu-idle-54_40.webp,78984,bd476371d53119444dcbc68e4a4129189cdb6298b9eccd80d1b480c65e5a9bc7,local-only/original-project
20260917-开发资料/source/market/dist/assets/pets/jyn/thumb/bingjing-gongzhu-idle/jyn-bingjing-gongzhu-idle-55_40.webp,79202,c7abe45cee389d7ceb97cea3c9caed10a668108d031d0f9b3ae6a3075b453879,local-only/original-project
20260917-开发资料/source/market/dist/assets/pets/jyn/thumb/bingjing-gongzhu-idle/jyn-bingjing-gongzhu-idle-56_40.webp,79176,7ea58267c9292df3b46e8afe8394d5ceab41d9e66ac279c3caafb32dea9a79a4,local-only/original-project
20260917-开发资料/source/market/dist/assets/pets/jyn/thumb/bingjing-gongzhu-idle/jyn-bingjing-gongzhu-idle-57_40.webp,79724,b90d73366b136e2d79afa38c4c5ed1980663a04d78a7aff995f17c02a789a53c,local-only/original-project
20260917-开发资料/source/market/dist/assets/pets/jyn/thumb/bingjing-gongzhu-idle/jyn-bingjing-gongzhu-idle-58_40.webp,79944,4f28274a92359822f150ac37b34156893c2b080e235105eb0203afcaf5c523e0,local-only/original-project
20260917-开发资料/source/market/dist/assets/pets/jyn/thumb/bingjing-gongzhu-idle/jyn-bingjing-gongzhu-idle-59_40.webp,80036,b8abab48ecb428b4bcdf618efe95e65b3c7f0d6766892e33b7f2d028fe8b9f88,local-only/original-project
20260917-开发资料/source/market/dist/assets/pets/jyn/thumb/bingjing-gongzhu-idle/jyn-bingjing-gongzhu-idle-5_40.webp,80360,cd2a22c4f1b8cbe0522b17b5873d9d4be9c50ebf4bdd4d21025c73bad3ea7d96,local-only/original-project
20260917-开发资料/source/market/dist/assets/pets/jyn/thumb/bingjing-gongzhu-idle/jyn-bingjing-gongzhu-idle-60_40.webp,79912,a6de0d34cd6094788ff1733f911356857b6cb3c98183db30c89acecb202ccf62,local-only/original-project
20260917-开发资料/source/market/dist/assets/pets/jyn/thumb/bingjing-gongzhu-idle/jyn-bingjing-gongzhu-idle-61_40.webp,80324,c95516b53980bedf598ac9d64cb80caca35e9e7e9b9c0199b186fdd5845354f2,local-only/original-project
20260917-开发资料/source/market/dist/assets/pets/jyn/thumb/bingjing-gongzhu-idle/jyn-bingjing-gongzhu-idle-62_40.webp,80246,71f9b7495323b6171c45dff58472405b5286716a1f5cf5c39057a23673542a3b,local-only/original-project
20260917-开发资料/source/market/dist/assets/pets/jyn/thumb/bingjing-gongzhu-idle/jyn-bingjing-gongzhu-idle-63_40.webp,80528,347000780dce3be2331e2ba9bfa602fdfb725e296de70b490cc7d16a7db3dce3,local-only/original-project
20260917-开发资料/source/market/dist/assets/pets/jyn/thumb/bingjing-gongzhu-idle/jyn-bingjing-gongzhu-idle-64_40.webp,79894,0d0965db60e7077d151010727c43e11817ba43cd5ee8dc0bf5141eb677aa7f80,local-only/original-project
20260917-开发资料/source/market/dist/assets/pets/jyn/thumb/bingjing-gongzhu-idle/jyn-bingjing-gongzhu-idle-65_40.webp,80270,76043c374e5ff056a6184697c93ce0fd04c57e58aea1d103ffe76fb70a1b5670,local-only/original-project
20260917-开发资料/source/market/dist/assets/pets/jyn/thumb/bingjing-gongzhu-idle/jyn-bingjing-gongzhu-idle-66_40.webp,80224,a00dd284bd81157bb0d86a017eedd006f16b83eaf8351618723bbb46112e933a,local-only/original-project
20260917-开发资料/source/market/dist/assets/pets/jyn/thumb/bingjing-gongzhu-idle/jyn-bingjing-gongzhu-idle-67_40.webp,80402,a456e0012feeba2e0da16953d5e662894de8b8475c3faf9ff1e4f4281b91f6d6,local-only/original-project
20260917-开发资料/source/market/dist/assets/pets/jyn/thumb/bingjing-gongzhu-idle/jyn-bingjing-gongzhu-idle-68_40.webp,80080,2d1a744698699b0f7d28115e502c6602bf5196a1cded4a74d62201d86d8e4978,local-only/original-project
20260917-开发资料/source/market/dist/assets/pets/jyn/thumb/bingjing-gongzhu-idle/jyn-bingjing-gongzhu-idle-69_40.webp,81422,17150302d1715ac1b772b96342496c9c27b7c872c8dfc85c192a21083bc48a4f,local-only/original-project
20260917-开发资料/source/market/dist/assets/pets/jyn/thumb/bingjing-gongzhu-idle/jyn-bingjing-gongzhu-idle-6_40.webp,79896,f7fd462f53841119c9099fa877daf91444c08cfe758d9f083c971b4cf4241c81,local-only/original-project
20260917-开发资料/source/market/dist/assets/pets/jyn/thumb/bingjing-gongzhu-idle/jyn-bingjing-gongzhu-idle-70_40.webp,80272,7750014031b3e321349c2d1d7348e30a003c0e9183053230b74c7e4ffdb645dd,local-only/original-project
20260917-开发资料/source/market/dist/assets/pets/jyn/thumb/bingjing-gongzhu-idle/jyn-bingjing-gongzhu-idle-71_40.webp,79682,70173cf5ec8ad1b843ac4ca7dcab295ec9e9e25b446f601506ce3c08f2fb9d46,local-only/original-project
20260917-开发资料/source/market/dist/assets/pets/jyn/thumb/bingjing-gongzhu-idle/jyn-bingjing-gongzhu-idle-72_40.webp,79304,8ed92b91e8b440f4f6710ae2566a9db1d3b5eb0330ca02260f12dff8f4fd30af,local-only/original-project
20260917-开发资料/source/market/dist/assets/pets/jyn/thumb/bingjing-gongzhu-idle/jyn-bingjing-gongzhu-idle-73_40.webp,80226,37fa4d735ef93c579048b0f19ebe75136c87ec7bcf75f7a90ffed0f3c626903d,local-only/original-project
20260917-开发资料/source/market/dist/assets/pets/jyn/thumb/bingjing-gongzhu-idle/jyn-bingjing-gongzhu-idle-74_40.webp,80484,cb22eea452992db10f19a61a3e49e906af77f7148e15e4dd61421890894d6967,local-only/original-project
20260917-开发资料/source/market/dist/assets/pets/jyn/thumb/bingjing-gongzhu-idle/jyn-bingjing-gongzhu-idle-7_40.webp,80628,5f6315972c3479235a3e21a46f18bf0b7d4abeb69a77f8e76acbc1b809d96da1,local-only/original-project
20260917-开发资料/source/market/dist/assets/pets/jyn/thumb/bingjing-gongzhu-idle/jyn-bingjing-gongzhu-idle-8_40.webp,80714,269a83bd54ed8f0aa84aae91d11ac08d3f2147bccc08deea55618e443666f1c2,local-only/original-project
20260917-开发资料/source/market/dist/assets/pets/jyn/thumb/bingjing-gongzhu-idle/jyn-bingjing-gongzhu-idle-9_40.webp,80950,831440821b6b74937e67b67985ac06b465b609f92748819704014937d5412b33,local-only/original-project
20260917-开发资料/source/market/dist/assets/pets/jyn/thumb/bingjing-gongzhu-rest/jyn-bingjing-gongzhu-rest-10_40.webp,91548,654fc4de13a2a3db9c7e059cbaa37347e29646059db93c8529ca61f45f34d17e,local-only/original-project
20260917-开发资料/source/market/dist/assets/pets/jyn/thumb/bingjing-gongzhu-rest/jyn-bingjing-gongzhu-rest-11_40.webp,91610,468a265e9940539a1f627d6cb2e9c9b7c3eb5d3a8d6e8992a64db549078e42e2,local-only/original-project
20260917-开发资料/source/market/dist/assets/pets/jyn/thumb/bingjing-gongzhu-rest/jyn-bingjing-gongzhu-rest-12_40.webp,91664,5ed25a5eb0bc6e99438e7ec96525edc1747eb245cd2acbde209d13e8977483a5,local-only/original-project
20260917-开发资料/source/market/dist/assets/pets/jyn/thumb/bingjing-gongzhu-rest/jyn-bingjing-gongzhu-rest-13_40.webp,91868,3c9c898552c4fe70c96297475507ee4fed38bef0afffc699fd411ef3bf3e0727,local-only/original-project
20260917-开发资料/source/market/dist/assets/pets/jyn/thumb/bingjing-gongzhu-rest/jyn-bingjing-gongzhu-rest-14_40.webp,91240,52cbcc5dd3afc0f01dfe85d5bd041c2726b7f2f8c173a69201707559fbd64733,local-only/original-project
20260917-开发资料/source/market/dist/assets/pets/jyn/thumb/bingjing-gongzhu-rest/jyn-bingjing-gongzhu-rest-15_40.webp,91270,d2939eeede316b34f458a412c37f83b52c7bec13af3b5141a6924c117fa57496,local-only/original-project
20260917-开发资料/source/market/dist/assets/pets/jyn/thumb/bingjing-gongzhu-rest/jyn-bingjing-gongzhu-rest-16_40.webp,91054,d9a91d35b2ff8774cd3fb8fb60521b488ed955ee7093ffaa3a81020863d5a427,local-only/original-project
20260917-开发资料/source/market/dist/assets/pets/jyn/thumb/bingjing-gongzhu-rest/jyn-bingjing-gongzhu-rest-17_40.webp,91716,a8cbb31d11f33b1c8ea67c93e776b7a9938e34a329fb80fde397793b528f89e1,local-only/original-project
20260917-开发资料/source/market/dist/assets/pets/jyn/thumb/bingjing-gongzhu-rest/jyn-bingjing-gongzhu-rest-18_40.webp,93272,53632d21e93e713619538731ef4cc86d5b3b23ce3d1c691b1119e0881b392ed5,local-only/original-project
20260917-开发资料/source/market/dist/assets/pets/jyn/thumb/bingjing-gongzhu-rest/jyn-bingjing-gongzhu-rest-19_40.webp,92072,310cded8e0aa8b1e1a9d01cbd87b3af53bebba5821343e3e35e1f4b4590a8548,local-only/original-project
20260917-开发资料/source/market/dist/assets/pets/jyn/thumb/bingjing-gongzhu-rest/jyn-bingjing-gongzhu-rest-1_40.webp,93324,a0ca1749dd0df17851fd542e0f5b7653ad7145761e12a2deacf188a05438ee70,local-only/original-project
20260917-开发资料/source/market/dist/assets/pets/jyn/thumb/bingjing-gongzhu-rest/jyn-bingjing-gongzhu-rest-20_40.webp,92642,39df4d505e8c98424a2e1d89f6eea027a4ac997e20ccc4ed8029a201624397b3,local-only/original-project
20260917-开发资料/source/market/dist/assets/pets/jyn/thumb/bingjing-gongzhu-rest/jyn-bingjing-gongzhu-rest-21_40.webp,92836,26299de24913a0c0424aeefdd8fd89285570a3c64030121db3b34b1398a27457,local-only/original-project
20260917-开发资料/source/market/dist/assets/pets/jyn/thumb/bingjing-gongzhu-rest/jyn-bingjing-gongzhu-rest-22_40.webp,93122,efd617a980076418b4ff4124944b56ca341e05ed076ce6d0b3f3911f93da59d2,local-only/original-project
20260917-开发资料/source/market/dist/assets/pets/jyn/thumb/bingjing-gongzhu-rest/jyn-bingjing-gongzhu-rest-23_40.webp,92780,4c1d4a311297d696030915bf83a916464beee0de4c4ce7077bb0c96639be91a5,local-only/original-project
20260917-开发资料/source/market/dist/assets/pets/jyn/thumb/bingjing-gongzhu-rest/jyn-bingjing-gongzhu-rest-24_40.webp,93512,3b5aa3e141a4caf485e5ca8640150be2906b7983d8a895f6c34f7537842e4b83,local-only/original-project
20260917-开发资料/source/market/dist/assets/pets/jyn/thumb/bingjing-gongzhu-rest/jyn-bingjing-gongzhu-rest-25_40.webp,92946,d9b65d95ab7ee44d03e1e12de17adae238ee43cee96aa3a9dea9de82ae0e9aff,local-only/original-project
20260917-开发资料/source/market/dist/assets/pets/jyn/thumb/bingjing-gongzhu-rest/jyn-bingjing-gongzhu-rest-26_40.webp,93270,05364de1f9927a32120f04a03772378df27c4f18fd7e35927f2c1384c9883b25,local-only/original-project
20260917-开发资料/source/market/dist/assets/pets/jyn/thumb/bingjing-gongzhu-rest/jyn-bingjing-gongzhu-rest-27_40.webp,93078,44eba1e2b6bf81111b15123dbd6a7a944afdb8aa6fd57f0993799cad30cf7ddc,local-only/original-project
20260917-开发资料/source/market/dist/assets/pets/jyn/thumb/bingjing-gongzhu-rest/jyn-bingjing-gongzhu-rest-28_40.webp,93498,771d8faba8c63789466e6f3beefe851cd42f9d2079cb34ec6453bd8d4b06fe94,local-only/original-project
20260917-开发资料/source/market/dist/assets/pets/jyn/thumb/bingjing-gongzhu-rest/jyn-bingjing-gongzhu-rest-29_40.webp,93306,bad2154d7c72d8673778b468e0206f7bc27638768d28c7eddcb7311f5a37a3f3,local-only/original-project
20260917-开发资料/source/market/dist/assets/pets/jyn/thumb/bingjing-gongzhu-rest/jyn-bingjing-gongzhu-rest-2_40.webp,91906,79db189356e03328a0819affd953fd4ca79680d8d8aa3bd2452249629b4f0c84,local-only/original-project
20260917-开发资料/source/market/dist/assets/pets/jyn/thumb/bingjing-gongzhu-rest/jyn-bingjing-gongzhu-rest-30_40.webp,93192,f3a776beaafd2765c913a844f2f475e70940392a995a363956d068cd9907b331,local-only/original-project
20260917-开发资料/source/market/dist/assets/pets/jyn/thumb/bingjing-gongzhu-rest/jyn-bingjing-gongzhu-rest-31_40.webp,93740,bc25c1392c3f6e8341b704cd0625596c0394ead4a00e1a8ded741ca0d317941e,local-only/original-project
20260917-开发资料/source/market/dist/assets/pets/jyn/thumb/bingjing-gongzhu-rest/jyn-bingjing-gongzhu-rest-32_40.webp,93380,e5de53ec798e9eff019ad8de142e3e2903f417d8619e6738bcd5dd0a97f06484,local-only/original-project
20260917-开发资料/source/market/dist/assets/pets/jyn/thumb/bingjing-gongzhu-rest/jyn-bingjing-gongzhu-rest-33_40.webp,93748,15c452db30ab7916e2596234ff27f3e40943b46795f5778987de47a73044c363,local-only/original-project
20260917-开发资料/source/market/dist/assets/pets/jyn/thumb/bingjing-gongzhu-rest/jyn-bingjing-gongzhu-rest-34_40.webp,93638,1338adc152fe5c0598a8eeec404001302db10f5308e8debe9442a1e873ffd1d0,local-only/original-project
20260917-开发资料/source/market/dist/assets/pets/jyn/thumb/bingjing-gongzhu-rest/jyn-bingjing-gongzhu-rest-35_40.webp,94652,35cc0587c99ada27f50fb7f6df0512d67f5fdfb5fb4e5bb0df639357df614097,local-only/original-project
20260917-开发资料/source/market/dist/assets/pets/jyn/thumb/bingjing-gongzhu-rest/jyn-bingjing-gongzhu-rest-36_40.webp,93356,1c7f98450b3b9f5d28da029b34083c736206f5c3d939448fb323c27bd6ee3619,local-only/original-project
20260917-开发资料/source/market/dist/assets/pets/jyn/thumb/bingjing-gongzhu-rest/jyn-bingjing-gongzhu-rest-37_40.webp,93628,a629662b266ce8b492a57a8a0c5cd0857d47f02082c0f084f0eed4901d49d930,local-only/original-project
20260917-开发资料/source/market/dist/assets/pets/jyn/thumb/bingjing-gongzhu-rest/jyn-bingjing-gongzhu-rest-38_40.webp,93750,da2b608d52a4575bafa2e88cb04e692c310017362680028a792ecd399e1dee23,local-only/original-project
20260917-开发资料/source/market/dist/assets/pets/jyn/thumb/bingjing-gongzhu-rest/jyn-bingjing-gongzhu-rest-39_40.webp,93822,0a516346e651e2b7b008958081d74ad77c09af49d86057983196f2959b292ed6,local-only/original-project
20260917-开发资料/source/market/dist/assets/pets/jyn/thumb/bingjing-gongzhu-rest/jyn-bingjing-gongzhu-rest-3_40.webp,92612,679af9345514c0dc8d26937d94944120a9556c66601d8ef3f2559e81407ef488,local-only/original-project
20260917-开发资料/source/market/dist/assets/pets/jyn/thumb/bingjing-gongzhu-rest/jyn-bingjing-gongzhu-rest-40_40.webp,93166,2fccb560dc7ea307a92c198dee073f814aabee219621dad1b59949e2c54ef340,local-only/original-project
20260917-开发资料/source/market/dist/assets/pets/jyn/thumb/bingjing-gongzhu-rest/jyn-bingjing-gongzhu-rest-41_40.webp,93514,c330acf18060f1885809f8e4c2ac921eeb3007d81a7ce1ac73ed6d71750dc416,local-only/original-project
20260917-开发资料/source/market/dist/assets/pets/jyn/thumb/bingjing-gongzhu-rest/jyn-bingjing-gongzhu-rest-42_40.webp,93316,cbba61bde659adb0367cac73a7f7e3cbb68dbfa26ed5e8136eefca4dba4e649d,local-only/original-project
20260917-开发资料/source/market/dist/assets/pets/jyn/thumb/bingjing-gongzhu-rest/jyn-bingjing-gongzhu-rest-43_40.webp,93728,81fb66bb71431f610620d1cbe12c257d6999e5f76995dfac4214a17bf5063b5d,local-only/original-project
20260917-开发资料/source/market/dist/assets/pets/jyn/thumb/bingjing-gongzhu-rest/jyn-bingjing-gongzhu-rest-44_40.webp,92850,2ee4b831058fe8cdb927f83105833fc3e851db90257ad6f85a774522fd6d7f4b,local-only/original-project
20260917-开发资料/source/market/dist/assets/pets/jyn/thumb/bingjing-gongzhu-rest/jyn-bingjing-gongzhu-rest-45_40.webp,93078,5644ddc3294da0488e3d80214f7654caad218904d56cb5968b00c66142c40dc0,local-only/original-project
20260917-开发资料/source/market/dist/assets/pets/jyn/thumb/bingjing-gongzhu-rest/jyn-bingjing-gongzhu-rest-46_40.webp,92436,1f6e12d59baacf7b20b85a7b82f3cd18a11acdf5ed83262324a20ec752f0d3e7,local-only/original-project
20260917-开发资料/source/market/dist/assets/pets/jyn/thumb/bingjing-gongzhu-rest/jyn-bingjing-gongzhu-rest-47_40.webp,93010,167b302aa4ad50dab700847b6b4113e7a2fea32abf5dc63c9a6b60096243c046,local-only/original-project
20260917-开发资料/source/market/dist/assets/pets/jyn/thumb/bingjing-gongzhu-rest/jyn-bingjing-gongzhu-rest-48_40.webp,91780,ac74ffa6c827c6a23669deddad4e4f2cb4fcc09023a3a97f95e082ba7a6f29a8,local-only/original-project
20260917-开发资料/source/market/dist/assets/pets/jyn/thumb/bingjing-gongzhu-rest/jyn-bingjing-gongzhu-rest-49_40.webp,92426,504daa348f3099cbd343a5531307625de6bd9e2877b84540fa77d8aaa8351346,local-only/original-project
20260917-开发资料/source/market/dist/assets/pets/jyn/thumb/bingjing-gongzhu-rest/jyn-bingjing-gongzhu-rest-4_40.webp,92520,76f65708800d8a04ebecab5542024dd42e711e9b502747401496bde84950a5b3,local-only/original-project
20260917-开发资料/source/market/dist/assets/pets/jyn/thumb/bingjing-gongzhu-rest/jyn-bingjing-gongzhu-rest-50_40.webp,92136,229187c4bb6b66ab8828341e9947999d41c6a5e1c4818df7f55ab28b8ec29280,local-only/original-project
20260917-开发资料/source/market/dist/assets/pets/jyn/thumb/bingjing-gongzhu-rest/jyn-bingjing-gongzhu-rest-51_40.webp,92438,941e1983804ebd5b08a23b13ebee68f6f1e361b69cf8e839603085fb5aa36ebd,local-only/original-project
20260917-开发资料/source/market/dist/assets/pets/jyn/thumb/bingjing-gongzhu-rest/jyn-bingjing-gongzhu-rest-52_40.webp,93390,013f95f70c84ca02913eea4cd847c13ac16f5afbf9c01f7dfc9aaf5fdb4ee9ca,local-only/original-project
20260917-开发资料/source/market/dist/assets/pets/jyn/thumb/bingjing-gongzhu-rest/jyn-bingjing-gongzhu-rest-53_40.webp,91528,660f296106bafb0ad911b24b9e2df9a374011191ef4b876b0f9bf1583602503f,local-only/original-project
20260917-开发资料/source/market/dist/assets/pets/jyn/thumb/bingjing-gongzhu-rest/jyn-bingjing-gongzhu-rest-54_40.webp,92426,d6bd23518c3cf3a6ad6f1b819070aac115147838d13c227c4cc4b03c83fccb03,local-only/original-project
20260917-开发资料/source/market/dist/assets/pets/jyn/thumb/bingjing-gongzhu-rest/jyn-bingjing-gongzhu-rest-55_40.webp,92218,2d97156d41f5f6aa9360f197aae1a304b7fca8e13fc5947d85810b506f6f40e5,local-only/original-project
20260917-开发资料/source/market/dist/assets/pets/jyn/thumb/bingjing-gongzhu-rest/jyn-bingjing-gongzhu-rest-56_40.webp,92934,9ca77f186680c917c4d2e96ff24a4915b9f962b2f6622eec2a9e8a840383adb8,local-only/original-project
20260917-开发资料/source/market/dist/assets/pets/jyn/thumb/bingjing-gongzhu-rest/jyn-bingjing-gongzhu-rest-57_40.webp,92704,45554b5345ba2f5af21f9553d9ea19f4e7fa4a1e6291e56d35a4ec1a9b8988f2,local-only/original-project
20260917-开发资料/source/market/dist/assets/pets/jyn/thumb/bingjing-gongzhu-rest/jyn-bingjing-gongzhu-rest-58_40.webp,92882,828eb59041141de97c813f19fbf3da18afc6b09745033311c2647f4969675e52,local-only/original-project
20260917-开发资料/source/market/dist/assets/pets/jyn/thumb/bingjing-gongzhu-rest/jyn-bingjing-gongzhu-rest-59_40.webp,92754,a993104a877c64fb962bf58341c0e0c17071b596877c97ad56d254c39c0f59a7,local-only/original-project
20260917-开发资料/source/market/dist/assets/pets/jyn/thumb/bingjing-gongzhu-rest/jyn-bingjing-gongzhu-rest-5_40.webp,92456,7bcc7300dbea2c274fcfd16d85e431da489e0e49fb88d29dcbc85dbd0a84ada1,local-only/original-project
20260917-开发资料/source/market/dist/assets/pets/jyn/thumb/bingjing-gongzhu-rest/jyn-bingjing-gongzhu-rest-60_40.webp,92430,23ddea723142375a07d7ed0a51f2296527a7a59bb9fcb816f48971c81540612a,local-only/original-project
20260917-开发资料/source/market/dist/assets/pets/jyn/thumb/bingjing-gongzhu-rest/jyn-bingjing-gongzhu-rest-61_40.webp,92224,a9a2804f684ef124af7e715922426b29e237b6c52de9a024d29d9589f4123be1,local-only/original-project
20260917-开发资料/source/market/dist/assets/pets/jyn/thumb/bingjing-gongzhu-rest/jyn-bingjing-gongzhu-rest-62_40.webp,285592,92b6eaf8e4baf8d736252c24c405f0256ff35a4267984dc07e6394b48ea00d4e,local-only/original-project
20260917-开发资料/source/market/dist/assets/pets/jyn/thumb/bingjing-gongzhu-rest/jyn-bingjing-gongzhu-rest-63_40.webp,284028,3d283a6d7b06aec6a34b067c6fabf57a165dc2fd104250773bb7b6829f02d395,local-only/original-project
20260917-开发资料/source/market/dist/assets/pets/jyn/thumb/bingjing-gongzhu-rest/jyn-bingjing-gongzhu-rest-64_40.webp,285130,3325704efb3d84301bc9944cf10729bf2dd8ff07b0402c0db10d713e6324ca94,local-only/original-project
20260917-开发资料/source/market/dist/assets/pets/jyn/thumb/bingjing-gongzhu-rest/jyn-bingjing-gongzhu-rest-65_40.webp,286820,e65727540031057e4b541a9ab3558309e0dfd784e4142642b2a13d08f03a72f6,local-only/original-project
20260917-开发资料/source/market/dist/assets/pets/jyn/thumb/bingjing-gongzhu-rest/jyn-bingjing-gongzhu-rest-6_40.webp,92652,388dbebad181fdebee78ce3d3da584574da48a8a127c868ea59a74e41492f981,local-only/original-project
20260917-开发资料/source/market/dist/assets/pets/jyn/thumb/bingjing-gongzhu-rest/jyn-bingjing-gongzhu-rest-7_40.webp,93098,913d210b9d00ba3cae1a80b6648c7b5ec5960b48e086aedb447c10f14cbcb01e,local-only/original-project
20260917-开发资料/source/market/dist/assets/pets/jyn/thumb/bingjing-gongzhu-rest/jyn-bingjing-gongzhu-rest-8_40.webp,92838,8589ae59f15b7427a65797cf4d9b37df0cdf46b77266a0d97e1aa6980b7320bc,local-only/original-project
20260917-开发资料/source/market/dist/assets/pets/jyn/thumb/bingjing-gongzhu-rest/jyn-bingjing-gongzhu-rest-9_40.webp,92740,e736fcad7a27ee914667726c8f2977de05bbc71024698fb9cf9914a39b4f9b82,local-only/original-project
20260917-开发资料/source/market/dist/assets/pets/jyn/thumb/bingjing-gongzhu-staff/jyn-bingjing-gongzhu-staff-10_40.webp,79794,a88903daf54dc16561706c4fe4121b1c6a1e5c73d3ece60d6751211a4a1f4642,local-only/original-project
20260917-开发资料/source/market/dist/assets/pets/jyn/thumb/bingjing-gongzhu-staff/jyn-bingjing-gongzhu-staff-11_40.webp,80506,b99b45955a902254c3f471067ff2b96fab9b824a029f5ad402579e7d91d1a7e0,local-only/original-project
20260917-开发资料/source/market/dist/assets/pets/jyn/thumb/bingjing-gongzhu-staff/jyn-bingjing-gongzhu-staff-12_40.webp,79940,2a46014b4797e73fe0985d3abfbd8a310768542358800a55e2b8c4d668972889,local-only/original-project
20260917-开发资料/source/market/dist/assets/pets/jyn/thumb/bingjing-gongzhu-staff/jyn-bingjing-gongzhu-staff-13_40.webp,80854,a00c021879c2566f7efc724765914d0fd1462740add387127fc5edf697fc80a3,local-only/original-project
20260917-开发资料/source/market/dist/assets/pets/jyn/thumb/bingjing-gongzhu-staff/jyn-bingjing-gongzhu-staff-14_40.webp,78876,9eafaea3876ef2ce6b4e61857b55a8bcabfc06a8e593f6b882607ecf5afc7a6a,local-only/original-project
20260917-开发资料/source/market/dist/assets/pets/jyn/thumb/bingjing-gongzhu-staff/jyn-bingjing-gongzhu-staff-15_40.webp,79356,4be378e81d0c631653e28249b18a57857a0803382c2be54e11346fd0d065342a,local-only/original-project
20260917-开发资料/source/market/dist/assets/pets/jyn/thumb/bingjing-gongzhu-staff/jyn-bingjing-gongzhu-staff-16_40.webp,78542,35219584a9ba420322246f6187b3635d0391103b67a05c050e64b845ac3f7ce9,local-only/original-project
20260917-开发资料/source/market/dist/assets/pets/jyn/thumb/bingjing-gongzhu-staff/jyn-bingjing-gongzhu-staff-17_40.webp,78660,0e762709616ebe17003b9ef1a03834656de2b8f584847b3d94a59d02235adda6,local-only/original-project
20260917-开发资料/source/market/dist/assets/pets/jyn/thumb/bingjing-gongzhu-staff/jyn-bingjing-gongzhu-staff-18_40.webp,80200,c81211390bae53a9bad1b6f6f8dc408cf663e172cbd4ac434dca90537ca99234,local-only/original-project
20260917-开发资料/source/market/dist/assets/pets/jyn/thumb/bingjing-gongzhu-staff/jyn-bingjing-gongzhu-staff-19_40.webp,78490,4e7255a19d1c19daa006276bb2f8b804f8c5fc26ea0fca9deeab8aa6ec863d51,local-only/original-project
20260917-开发资料/source/market/dist/assets/pets/jyn/thumb/bingjing-gongzhu-staff/jyn-bingjing-gongzhu-staff-1_40.webp,80506,1e986924313251534f168daceebc1313ef6e2e7cd3eb4fd6977baadad0f9edc0,local-only/original-project
20260917-开发资料/source/market/dist/assets/pets/jyn/thumb/bingjing-gongzhu-staff/jyn-bingjing-gongzhu-staff-20_40.webp,79136,82cdbc3b2fe65e7415df511fc94114f7ccd6076a4012454604865d8b8bd8ce22,local-only/original-project
20260917-开发资料/source/market/dist/assets/pets/jyn/thumb/bingjing-gongzhu-staff/jyn-bingjing-gongzhu-staff-21_40.webp,84666,7e9bb033946767c8c10e1e9c96d1e3aaf09408e91715fa6d18866cf4fb21d260,local-only/original-project
20260917-开发资料/source/market/dist/assets/pets/jyn/thumb/bingjing-gongzhu-staff/jyn-bingjing-gongzhu-staff-22_40.webp,86994,f53d9b770fc5129dd5c6316643e70f70a697bc912b9219749eb6ef4ff57f17cc,local-only/original-project
20260917-开发资料/source/market/dist/assets/pets/jyn/thumb/bingjing-gongzhu-staff/jyn-bingjing-gongzhu-staff-23_40.webp,87634,e7a4d605aa4d2ddbe77d0390112dd56d0aa8db62c196e126dc1060195bd977a7,local-only/original-project
20260917-开发资料/source/market/dist/assets/pets/jyn/thumb/bingjing-gongzhu-staff/jyn-bingjing-gongzhu-staff-24_40.webp,88002,d55625a75c4559e61bf6d9381c61097c3092376cf00f695385eef507b64a1b8e,local-only/original-project
20260917-开发资料/source/market/dist/assets/pets/jyn/thumb/bingjing-gongzhu-staff/jyn-bingjing-gongzhu-staff-25_40.webp,88090,5c68278baa2e9dd95a0a0686e19b0ec38b369ac37087f64906c5904442ad0896,local-only/original-project
20260917-开发资料/source/market/dist/assets/pets/jyn/thumb/bingjing-gongzhu-staff/jyn-bingjing-gongzhu-staff-26_40.webp,88596,c20c0ef0a153471741d78f86436230178902e67543b6ce47d4865e750358628f,local-only/original-project
20260917-开发资料/source/market/dist/assets/pets/jyn/thumb/bingjing-gongzhu-staff/jyn-bingjing-gongzhu-staff-27_40.webp,88288,e24a6c000facd145932f8175409d1bda2bad8ca8e0d05d003a2bd077c2a2762a,local-only/original-project
20260917-开发资料/source/market/dist/assets/pets/jyn/thumb/bingjing-gongzhu-staff/jyn-bingjing-gongzhu-staff-28_40.webp,87796,916b4231c413bcc460900b48c2b3eac64dfd71ab4c88c0fdf26a80cffccd34cd,local-only/original-project
20260917-开发资料/source/market/dist/assets/pets/jyn/thumb/bingjing-gongzhu-staff/jyn-bingjing-gongzhu-staff-29_40.webp,88974,44230e746f0d5c1ef1130bb3dbbbc7f5f7223c477a5deb2688d7eb5187c0bcc2,local-only/original-project
20260917-开发资料/source/market/dist/assets/pets/jyn/thumb/bingjing-gongzhu-staff/jyn-bingjing-gongzhu-staff-2_40.webp,79518,c54bc2e38526fc73d6e784574ffb38521a26376097832f20e518d6b4932a6eba,local-only/original-project
20260917-开发资料/source/market/dist/assets/pets/jyn/thumb/bingjing-gongzhu-staff/jyn-bingjing-gongzhu-staff-30_40.webp,88318,be112b1fa80ddacb25e9c594cb3f6a276d03573c4f1e41381935ca795e9040e9,local-only/original-project
20260917-开发资料/source/market/dist/assets/pets/jyn/thumb/bingjing-gongzhu-staff/jyn-bingjing-gongzhu-staff-31_40.webp,87648,35a85300f6dc2ebe3deff6c8ae938c29750168d0455d7b9e9f7fd262de36c1ea,local-only/original-project
20260917-开发资料/source/market/dist/assets/pets/jyn/thumb/bingjing-gongzhu-staff/jyn-bingjing-gongzhu-staff-32_40.webp,87860,92b345b13bfa29072cabdc6b6ebd3f4abd921142b40320ea777565f7bd28c32f,local-only/original-project
20260917-开发资料/source/market/dist/assets/pets/jyn/thumb/bingjing-gongzhu-staff/jyn-bingjing-gongzhu-staff-33_40.webp,88490,51109952dba1db698917addf71a8a2247c260246873cbd56445c82d36cc1175d,local-only/original-project
20260917-开发资料/source/market/dist/assets/pets/jyn/thumb/bingjing-gongzhu-staff/jyn-bingjing-gongzhu-staff-34_40.webp,88644,2cc33d76347394c655268328db7ce60f9abebb0e3d24c60974d3886169e99304,local-only/original-project
20260917-开发资料/source/market/dist/assets/pets/jyn/thumb/bingjing-gongzhu-staff/jyn-bingjing-gongzhu-staff-35_40.webp,91320,943c0155f5adb753be124179e404410d1d6fbb244a739078579ca4d2046b1448,local-only/original-project
20260917-开发资料/source/market/dist/assets/pets/jyn/thumb/bingjing-gongzhu-staff/jyn-bingjing-gongzhu-staff-36_40.webp,89812,ef7c60dcb0714a001da1986815c1cc9652b381258969b5867c611539deab5ccc,local-only/original-project
20260917-开发资料/source/market/dist/assets/pets/jyn/thumb/bingjing-gongzhu-staff/jyn-bingjing-gongzhu-staff-37_40.webp,88888,c266233b2b54b850d449af50e7e9e3211dc98dfab572d53557397cdd5825317b,local-only/original-project
20260917-开发资料/source/market/dist/assets/pets/jyn/thumb/bingjing-gongzhu-staff/jyn-bingjing-gongzhu-staff-38_40.webp,89388,0f687d717750b7ce94ef6cd45853755a31e74a75c7ae3d80528197720c4e53eb,local-only/original-project
20260917-开发资料/source/market/dist/assets/pets/jyn/thumb/bingjing-gongzhu-staff/jyn-bingjing-gongzhu-staff-39_40.webp,88558,3a531c43d2b3dac7b700b5c7a4db7eb7987123ddce5b47bbee5e5a0f7ac77383,local-only/original-project
20260917-开发资料/source/market/dist/assets/pets/jyn/thumb/bingjing-gongzhu-staff/jyn-bingjing-gongzhu-staff-3_40.webp,79892,119484552e4d5e4b6b1fca9b654af632f820703244fc394df98d97c07ddbc101,local-only/original-project
20260917-开发资料/source/market/dist/assets/pets/jyn/thumb/bingjing-gongzhu-staff/jyn-bingjing-gongzhu-staff-40_40.webp,89710,0c0bec860b5a5c9bfae9fd07f1b83af5ad23c1221e8ec2a53f470a13b6f79075,local-only/original-project
20260917-开发资料/source/market/dist/assets/pets/jyn/thumb/bingjing-gongzhu-staff/jyn-bingjing-gongzhu-staff-41_40.webp,89016,41d7f8f01fc5c65645fedd4037511446379c56ffd868abf81bc2c9f800972f7b,local-only/original-project
20260917-开发资料/source/market/dist/assets/pets/jyn/thumb/bingjing-gongzhu-staff/jyn-bingjing-gongzhu-staff-42_40.webp,88748,af56f5c90336199f431ba4de7882200c55baa7b892a30316dfd94026bf848f5a,local-only/original-project
20260917-开发资料/source/market/dist/assets/pets/jyn/thumb/bingjing-gongzhu-staff/jyn-bingjing-gongzhu-staff-43_40.webp,88676,1ddc95b0df85f5f175b7db2809c5b637925aff02f2ca3a852c785a25572a5a6e,local-only/original-project
20260917-开发资料/source/market/dist/assets/pets/jyn/thumb/bingjing-gongzhu-staff/jyn-bingjing-gongzhu-staff-44_40.webp,87532,47ce29915a73e2f8e2d5d1061c5e04212ca9a979c155faf1b7e48b7141df1d9c,local-only/original-project
20260917-开发资料/source/market/dist/assets/pets/jyn/thumb/bingjing-gongzhu-staff/jyn-bingjing-gongzhu-staff-45_40.webp,87676,1b32bc9659ebaafa9e3aeae1c7ba775bbdaed8d6e851a7b404cf13e39895cffd,local-only/original-project
20260917-开发资料/source/market/dist/assets/pets/jyn/thumb/bingjing-gongzhu-staff/jyn-bingjing-gongzhu-staff-46_40.webp,87242,bef33a3da30ae0dfd4173a9c18c061e9388370a7b15dc3dc86c7166b84da30c0,local-only/original-project
20260917-开发资料/source/market/dist/assets/pets/jyn/thumb/bingjing-gongzhu-staff/jyn-bingjing-gongzhu-staff-47_40.webp,87180,84a600cd143ade583965b346e1d6ebcdf3427055695861dfa2daa21bc7c3211d,local-only/original-project
20260917-开发资料/source/market/dist/assets/pets/jyn/thumb/bingjing-gongzhu-staff/jyn-bingjing-gongzhu-staff-48_40.webp,87838,9eeeec95eb2ff187c3341c063b8bda192c159d679c6cecb1d6ce37878840d094,local-only/original-project
20260917-开发资料/source/market/dist/assets/pets/jyn/thumb/bingjing-gongzhu-staff/jyn-bingjing-gongzhu-staff-49_40.webp,87824,f4970662309b482febdcca0c7df503bf9865bd430b74d2e919ce7f7156358b22,local-only/original-project
20260917-开发资料/source/market/dist/assets/pets/jyn/thumb/bingjing-gongzhu-staff/jyn-bingjing-gongzhu-staff-4_40.webp,79710,623c659c76528569a4cbea741b51228c04f94c87a3e105529c4a91cf020818bd,local-only/original-project
20260917-开发资料/source/market/dist/assets/pets/jyn/thumb/bingjing-gongzhu-staff/jyn-bingjing-gongzhu-staff-50_40.webp,87214,4de8974d3f72018ff7b8fa6bd0ced5a89f76991513c554d96a2f20822773ee69,local-only/original-project
20260917-开发资料/source/market/dist/assets/pets/jyn/thumb/bingjing-gongzhu-staff/jyn-bingjing-gongzhu-staff-51_40.webp,87118,fcb14bc865981b9848911a30416ff611d319a439c276892500ec810852bf180b,local-only/original-project
20260917-开发资料/source/market/dist/assets/pets/jyn/thumb/bingjing-gongzhu-staff/jyn-bingjing-gongzhu-staff-52_40.webp,87898,befdc462aef671ab45db4b500f2689f717b7b46ff8e1e922e4f471e10d0fdeb6,local-only/original-project
20260917-开发资料/source/market/dist/assets/pets/jyn/thumb/bingjing-gongzhu-staff/jyn-bingjing-gongzhu-staff-53_40.webp,86262,399eb09ff75883cb20f88e8671f8b200dc7621472b1454dbea3a0174e342c0fd,local-only/original-project
20260917-开发资料/source/market/dist/assets/pets/jyn/thumb/bingjing-gongzhu-staff/jyn-bingjing-gongzhu-staff-54_40.webp,86184,8fc518f7f021be7eb9a553186d212b6b92938a4b58c7d3ae32285042f65a4b6a,local-only/original-project
20260917-开发资料/source/market/dist/assets/pets/jyn/thumb/bingjing-gongzhu-staff/jyn-bingjing-gongzhu-staff-55_40.webp,85184,7e724f2d09ce5cf8b0223aa8787bbca54a54c476a13d69cc66acbf1015ab3e50,local-only/original-project
20260917-开发资料/source/market/dist/assets/pets/jyn/thumb/bingjing-gongzhu-staff/jyn-bingjing-gongzhu-staff-56_40.webp,85576,f14fdc062d4d327511ec2715d4c4f40a3a2daa37bd82b4b6af96811921ed36e0,local-only/original-project
20260917-开发资料/source/market/dist/assets/pets/jyn/thumb/bingjing-gongzhu-staff/jyn-bingjing-gongzhu-staff-57_40.webp,85906,09e30dfe169a811d5df3449cab7866fb117d6257fe833c17d28459dfc136fa6c,local-only/original-project
20260917-开发资料/source/market/dist/assets/pets/jyn/thumb/bingjing-gongzhu-staff/jyn-bingjing-gongzhu-staff-58_40.webp,79610,b23c93f2a30405d6de83c60f523f8044b55ff0b65f640d567c72b64b63edf114,local-only/original-project
20260917-开发资料/source/market/dist/assets/pets/jyn/thumb/bingjing-gongzhu-staff/jyn-bingjing-gongzhu-staff-59_40.webp,79538,2fe7240c4b6be5d9815a5b2a359efba8e6d41d2c679ffab7ce6b3740775d689b,local-only/original-project
20260917-开发资料/source/market/dist/assets/pets/jyn/thumb/bingjing-gongzhu-staff/jyn-bingjing-gongzhu-staff-5_40.webp,80140,307c71b5400c30a5cfd24cd95527d82d0025da1ac150ebdd929f4941232cfbdb,local-only/original-project
20260917-开发资料/source/market/dist/assets/pets/jyn/thumb/bingjing-gongzhu-staff/jyn-bingjing-gongzhu-staff-60_40.webp,79792,06f582105003cb51ced3231979023e0fd81fd3a0de62ceeaeb1548d8fb5d2051,local-only/original-project
20260917-开发资料/source/market/dist/assets/pets/jyn/thumb/bingjing-gongzhu-staff/jyn-bingjing-gongzhu-staff-61_40.webp,79246,9aa33e683f1c4acba39228bd8c338b5d26b80481a3d3a010bdd9bdc98cd71e1d,local-only/original-project
20260917-开发资料/source/market/dist/assets/pets/jyn/thumb/bingjing-gongzhu-staff/jyn-bingjing-gongzhu-staff-62_40.webp,79824,184d370d219fb95331663df9032ce4bed7132265e832c470fcd269583fc12a64,local-only/original-project
20260917-开发资料/source/market/dist/assets/pets/jyn/thumb/bingjing-gongzhu-staff/jyn-bingjing-gongzhu-staff-63_40.webp,80202,88d05149d3f53276c1bd3c0c4d008c0691f24b2a2d171aa8aa3b7c55edf329cd,local-only/original-project
20260917-开发资料/source/market/dist/assets/pets/jyn/thumb/bingjing-gongzhu-staff/jyn-bingjing-gongzhu-staff-64_40.webp,80352,54fdbb3ceb45bddaa2b10140b934b165ec2eadec9cde3badcf29269a99001981,local-only/original-project
20260917-开发资料/source/market/dist/assets/pets/jyn/thumb/bingjing-gongzhu-staff/jyn-bingjing-gongzhu-staff-65_40.webp,80426,3ce350244b65acad21cba3e9376a29235c6ff4afc165f4df9eabe15aeaedb38a,local-only/original-project
20260917-开发资料/source/market/dist/assets/pets/jyn/thumb/bingjing-gongzhu-staff/jyn-bingjing-gongzhu-staff-66_40.webp,80060,41c9f3c048e8a6a0a4cf7d3df867e262644a3380db309ca9eefadbb66f1d3f8a,local-only/original-project
20260917-开发资料/source/market/dist/assets/pets/jyn/thumb/bingjing-gongzhu-staff/jyn-bingjing-gongzhu-staff-67_40.webp,80062,3b5df68d92424ee3681d85eb37a5c2366aabff690a5b7132fc96293728e1b5c9,local-only/original-project
20260917-开发资料/source/market/dist/assets/pets/jyn/thumb/bingjing-gongzhu-staff/jyn-bingjing-gongzhu-staff-68_40.webp,79698,b867976f4fd5b2e38b05d9b2e23e8b15f4ae62794309f1d985a07066f21e8749,local-only/original-project
20260917-开发资料/source/market/dist/assets/pets/jyn/thumb/bingjing-gongzhu-staff/jyn-bingjing-gongzhu-staff-69_40.webp,80922,7ba8a03d09d66b4a72bfcea0c4a7e87cbf154a964bc99cdf238e7609b2dd7e3a,local-only/original-project
20260917-开发资料/source/market/dist/assets/pets/jyn/thumb/bingjing-gongzhu-staff/jyn-bingjing-gongzhu-staff-6_40.webp,80158,6e1d9d0799a24e8375d6a025edd31548ca4665fc056ee1f958df9afb8649fdec,local-only/original-project
20260917-开发资料/source/market/dist/assets/pets/jyn/thumb/bingjing-gongzhu-staff/jyn-bingjing-gongzhu-staff-70_40.webp,80418,b1e4d2b01a77c113d51e92e94f4d124b13297ac7f4586c6f087d59cac44eb096,local-only/original-project
20260917-开发资料/source/market/dist/assets/pets/jyn/thumb/bingjing-gongzhu-staff/jyn-bingjing-gongzhu-staff-7_40.webp,81074,d6160cc2a96dd012b4eca5ead305021d7f5be09d5b0dc8274a881b5ba9a6fc42,local-only/original-project
20260917-开发资料/source/market/dist/assets/pets/jyn/thumb/bingjing-gongzhu-staff/jyn-bingjing-gongzhu-staff-8_40.webp,80504,8d81834ec643f6d53329ba708854bde7f87f92f8a97042cdb6b6ce4812af2ce5,local-only/original-project
20260917-开发资料/source/market/dist/assets/pets/jyn/thumb/bingjing-gongzhu-staff/jyn-bingjing-gongzhu-staff-9_40.webp,81260,cf67232b99af228af17bf1758e7d89c45ea96fe8d1579c5ce7c6d498528df0ac,local-only/original-project
20260917-开发资料/source/market/dist/assets/pets/jyn/thumb/bingjing-gongzhu-tsundere/jyn-bingjing-gongzhu-tsundere-10_40.webp,78592,99d216a529fd54863c9165caa2393b1690d59289e37ecfd7528ca13421d1be31,local-only/original-project
20260917-开发资料/source/market/dist/assets/pets/jyn/thumb/bingjing-gongzhu-tsundere/jyn-bingjing-gongzhu-tsundere-11_40.webp,79210,0d812b436bfc6b8df74de85af8936568384942ca47238ddd09680346d3193aba,local-only/original-project
20260917-开发资料/source/market/dist/assets/pets/jyn/thumb/bingjing-gongzhu-tsundere/jyn-bingjing-gongzhu-tsundere-12_40.webp,79648,00c2ec25f1053ba45c5d43bb0d0dcb37dca65b5dc033066289629f50734c366f,local-only/original-project
20260917-开发资料/source/market/dist/assets/pets/jyn/thumb/bingjing-gongzhu-tsundere/jyn-bingjing-gongzhu-tsundere-13_40.webp,80006,ee3569b8d07bcc1c61a60a3557a1ab212c9c01bf6ec42c3da0fb1b6195c43d6b,local-only/original-project
20260917-开发资料/source/market/dist/assets/pets/jyn/thumb/bingjing-gongzhu-tsundere/jyn-bingjing-gongzhu-tsundere-14_40.webp,79474,403108c2fceff35eef724cd32a449751ab9b1ada0471b3ac8f9a70e6985c8384,local-only/original-project
20260917-开发资料/source/market/dist/assets/pets/jyn/thumb/bingjing-gongzhu-tsundere/jyn-bingjing-gongzhu-tsundere-15_40.webp,79262,1c007d8f813fbb6c4feacbb93e028abfad2ed8ba22dcdee86f26e076992f97bb,local-only/original-project
20260917-开发资料/source/market/dist/assets/pets/jyn/thumb/bingjing-gongzhu-tsundere/jyn-bingjing-gongzhu-tsundere-16_40.webp,79082,50e8e09d192a5286c4d599acedec69d44c285433100deaa568e7f204380aeebf,local-only/original-project
20260917-开发资料/source/market/dist/assets/pets/jyn/thumb/bingjing-gongzhu-tsundere/jyn-bingjing-gongzhu-tsundere-17_40.webp,79392,d46d7b2743b49db8459ddb30283b8ee011c2555d61552278ebc3b2d22650ea82,local-only/original-project
20260917-开发资料/source/market/dist/assets/pets/jyn/thumb/bingjing-gongzhu-tsundere/jyn-bingjing-gongzhu-tsundere-18_40.webp,79966,4cacd8538bc6692476e6a2b6093065815f1798371d6be3b23e2659d4026f5295,local-only/original-project
20260917-开发资料/source/market/dist/assets/pets/jyn/thumb/bingjing-gongzhu-tsundere/jyn-bingjing-gongzhu-tsundere-19_40.webp,78374,6dfe09b311834368b4985382aeaee4cdd5d3d6c68879a59fc69c92a986f050f7,local-only/original-project
20260917-开发资料/source/market/dist/assets/pets/jyn/thumb/bingjing-gongzhu-tsundere/jyn-bingjing-gongzhu-tsundere-1_40.webp,80264,ad6e58d1dc816cfb691e163862cf31bc3bddc5b0fe8f1a5ca9979a7113bb5718,local-only/original-project
20260917-开发资料/source/market/dist/assets/pets/jyn/thumb/bingjing-gongzhu-tsundere/jyn-bingjing-gongzhu-tsundere-20_40.webp,78224,f025a196bad1d04622f8d125ceb7f9851192420496d0cc3ef36365e9c412ef4e,local-only/original-project
20260917-开发资料/source/market/dist/assets/pets/jyn/thumb/bingjing-gongzhu-tsundere/jyn-bingjing-gongzhu-tsundere-21_40.webp,77838,5bb93bb600f4d7fd8c5e5bce7f1366af7505ffb8efd17af2821a02e255883de3,local-only/original-project
20260917-开发资料/source/market/dist/assets/pets/jyn/thumb/bingjing-gongzhu-tsundere/jyn-bingjing-gongzhu-tsundere-22_40.webp,77676,afbcc95a57eca8adb453801073f33956e623f5234b0adbd0eaa58a5104c02fc5,local-only/original-project
20260917-开发资料/source/market/dist/assets/pets/jyn/thumb/bingjing-gongzhu-tsundere/jyn-bingjing-gongzhu-tsundere-23_40.webp,76940,abbc7de11e01fd82539b8c7fd2a3224f470734033abbe87afe80f3e2ce11b3aa,local-only/original-project
20260917-开发资料/source/market/dist/assets/pets/jyn/thumb/bingjing-gongzhu-tsundere/jyn-bingjing-gongzhu-tsundere-24_40.webp,76586,49261f51d2ec30da989e800c0eecaa902c80f9692b0a59b00966888ff660f90c,local-only/original-project
20260917-开发资料/source/market/dist/assets/pets/jyn/thumb/bingjing-gongzhu-tsundere/jyn-bingjing-gongzhu-tsundere-25_40.webp,76602,ddf4d52a6887acfe9d0c6be9ebe966e311bc0ae388ace0b5e522dcb935b2a0f3,local-only/original-project
20260917-开发资料/source/market/dist/assets/pets/jyn/thumb/bingjing-gongzhu-tsundere/jyn-bingjing-gongzhu-tsundere-26_40.webp,76804,1b33a6d4d5b93d1161139a7b7a9d7e053f7e3b403b6e6161415c8a514076dea5,local-only/original-project
20260917-开发资料/source/market/dist/assets/pets/jyn/thumb/bingjing-gongzhu-tsundere/jyn-bingjing-gongzhu-tsundere-27_40.webp,75548,73392aafbdfb6690c17d09f97f5e7ac9321d72f9d44642e69fe488e52e5f5309,local-only/original-project
20260917-开发资料/source/market/dist/assets/pets/jyn/thumb/bingjing-gongzhu-tsundere/jyn-bingjing-gongzhu-tsundere-28_40.webp,74990,59f69b0b83677da4b0c07410cb350de71aa51d62f232cbcb9404cdd39b92a6dc,local-only/original-project
20260917-开发资料/source/market/dist/assets/pets/jyn/thumb/bingjing-gongzhu-tsundere/jyn-bingjing-gongzhu-tsundere-29_40.webp,74202,f8d62a30e130e63ee220eb9ed0965ee275ebdd778f2f4f02ea538a5aa691f845,local-only/original-project
20260917-开发资料/source/market/dist/assets/pets/jyn/thumb/bingjing-gongzhu-tsundere/jyn-bingjing-gongzhu-tsundere-2_40.webp,79060,29539072e23a2d36be1606ae61a9c16af472ebbbe830f3242fba33254b0aff7f,local-only/original-project
20260917-开发资料/source/market/dist/assets/pets/jyn/thumb/bingjing-gongzhu-tsundere/jyn-bingjing-gongzhu-tsundere-30_40.webp,74508,b952f20a552349179e71d05044e9b25b592fb0c14f54e978db65293299dc9294,local-only/original-project
20260917-开发资料/source/market/dist/assets/pets/jyn/thumb/bingjing-gongzhu-tsundere/jyn-bingjing-gongzhu-tsundere-31_40.webp,74386,b5fad340f8e26e49e6f70c6b085ce7b1d1faa1b6fb293e0c97b6b9123a404b79,local-only/original-project
20260917-开发资料/source/market/dist/assets/pets/jyn/thumb/bingjing-gongzhu-tsundere/jyn-bingjing-gongzhu-tsundere-32_40.webp,74128,f26ebb619b100d9925a598d32f38305fc587bd74cadbd8008b1cdecb89476a4d,local-only/original-project
20260917-开发资料/source/market/dist/assets/pets/jyn/thumb/bingjing-gongzhu-tsundere/jyn-bingjing-gongzhu-tsundere-33_40.webp,74034,7c7b186bf294aae8878f66223a37e91c7f78e8729923142c7b2b787d2058ed54,local-only/original-project
20260917-开发资料/source/market/dist/assets/pets/jyn/thumb/bingjing-gongzhu-tsundere/jyn-bingjing-gongzhu-tsundere-34_40.webp,73682,3cbd1e95b5e9076ad940360e25a14d61bac240212b83c8f7d11cbec6cf28762b,local-only/original-project
20260917-开发资料/source/market/dist/assets/pets/jyn/thumb/bingjing-gongzhu-tsundere/jyn-bingjing-gongzhu-tsundere-35_40.webp,73888,8c7f0c0f6cdfd8d3c3c137ae33096e1f873c4b9782fda8c41b7dd1c60bc66038,local-only/original-project
20260917-开发资料/source/market/dist/assets/pets/jyn/thumb/bingjing-gongzhu-tsundere/jyn-bingjing-gongzhu-tsundere-36_40.webp,71938,157bb77e4feada9dbb821745b94b8f47745ef954104b430c25398464c82eadf3,local-only/original-project
20260917-开发资料/source/market/dist/assets/pets/jyn/thumb/bingjing-gongzhu-tsundere/jyn-bingjing-gongzhu-tsundere-37_40.webp,71868,76f620e1fbe7e21d33f112a82e4f65ba097b156ebe907767d3ed3b4d8e682ec5,local-only/original-project
20260917-开发资料/source/market/dist/assets/pets/jyn/thumb/bingjing-gongzhu-tsundere/jyn-bingjing-gongzhu-tsundere-38_40.webp,71508,d8a80fc7b309e56cca978463c5de35e4dd8fdb8741ff3ea64c646147bf2c535e,local-only/original-project
20260917-开发资料/source/market/dist/assets/pets/jyn/thumb/bingjing-gongzhu-tsundere/jyn-bingjing-gongzhu-tsundere-39_40.webp,71256,e92139378aa12f0621fa9d4d5f27bf306dc1375fa2adbf1086d75ea75eb0a07d,local-only/original-project
20260917-开发资料/source/market/dist/assets/pets/jyn/thumb/bingjing-gongzhu-tsundere/jyn-bingjing-gongzhu-tsundere-3_40.webp,79258,d9f1b3353cc735b21aed6015b71bc0d7ce0b6288074fa78b87d15ea7e729c45b,local-only/original-project
20260917-开发资料/source/market/dist/assets/pets/jyn/thumb/bingjing-gongzhu-tsundere/jyn-bingjing-gongzhu-tsundere-40_40.webp,70686,a7a39c54d785e417c134cfb32e90b9ce2148de7bab24cfcf49a593eeaeb1d685,local-only/original-project
20260917-开发资料/source/market/dist/assets/pets/jyn/thumb/bingjing-gongzhu-tsundere/jyn-bingjing-gongzhu-tsundere-41_40.webp,70520,39a93a7dd0dda7fd85753d5c4c1ce059471464bc20a66e0c791ec1764ff5b47f,local-only/original-project
20260917-开发资料/source/market/dist/assets/pets/jyn/thumb/bingjing-gongzhu-tsundere/jyn-bingjing-gongzhu-tsundere-42_40.webp,70102,571b84a9aa3cff36deb0373606a1ac18855d7aa54704456bb0bc24b6d5e8d628,local-only/original-project
20260917-开发资料/source/market/dist/assets/pets/jyn/thumb/bingjing-gongzhu-tsundere/jyn-bingjing-gongzhu-tsundere-43_40.webp,70442,e941a2ec5c8c9b2cf3f6d48aec2c837f3ce2d5304a3baf8f4568c29077d2f25d,local-only/original-project
20260917-开发资料/source/market/dist/assets/pets/jyn/thumb/bingjing-gongzhu-tsundere/jyn-bingjing-gongzhu-tsundere-44_40.webp,69596,8cd1879a11d8cf2096cf126b5d90ac3292dbe73a3c1960a1220da126c7ae1e65,local-only/original-project
20260917-开发资料/source/market/dist/assets/pets/jyn/thumb/bingjing-gongzhu-tsundere/jyn-bingjing-gongzhu-tsundere-45_40.webp,69612,b9de2b5419afee76a2d1f9812677a014e35c932fa6321080417e0b971e1a32df,local-only/original-project
20260917-开发资料/source/market/dist/assets/pets/jyn/thumb/bingjing-gongzhu-tsundere/jyn-bingjing-gongzhu-tsundere-46_40.webp,69630,71ca586b634214b6d0839bb949024de2453a919a438ffa4d99d2e27e312864a6,local-only/original-project
20260917-开发资料/source/market/dist/assets/pets/jyn/thumb/bingjing-gongzhu-tsundere/jyn-bingjing-gongzhu-tsundere-47_40.webp,70188,843f9f2e2be2d9646f3ebf1b41b7ae394950c9698a46e60626ec0e6e4c4d6b05,local-only/original-project
20260917-开发资料/source/market/dist/assets/pets/jyn/thumb/bingjing-gongzhu-tsundere/jyn-bingjing-gongzhu-tsundere-48_40.webp,70054,b760d2717599c4553e961090afc1adf0046946f5a85a55509005b1b64775e816,local-only/original-project
20260917-开发资料/source/market/dist/assets/pets/jyn/thumb/bingjing-gongzhu-tsundere/jyn-bingjing-gongzhu-tsundere-49_40.webp,70926,aeb997f5dd24ef38765c7b677cf2e4972a143211484666383b1045c81b62bc01,local-only/original-project
20260917-开发资料/source/market/dist/assets/pets/jyn/thumb/bingjing-gongzhu-tsundere/jyn-bingjing-gongzhu-tsundere-4_40.webp,78964,af98866fc0e31c584135541f2ebba077c79acd30a586bda2e618944ba095f925,local-only/original-project
20260917-开发资料/source/market/dist/assets/pets/jyn/thumb/bingjing-gongzhu-tsundere/jyn-bingjing-gongzhu-tsundere-50_40.webp,71890,fe2a88cd2254cbaf17ce2c6b10b06b1bbd17d1b6f416fe3d761d642b816e4d41,local-only/original-project
20260917-开发资料/source/market/dist/assets/pets/jyn/thumb/bingjing-gongzhu-tsundere/jyn-bingjing-gongzhu-tsundere-51_40.webp,72804,fe1292c5db4dabd980bf540f6e83a337cf9b95a9e7e4729f1c10231682573e71,local-only/original-project
20260917-开发资料/source/market/dist/assets/pets/jyn/thumb/bingjing-gongzhu-tsundere/jyn-bingjing-gongzhu-tsundere-52_40.webp,73624,ca85cf630644c65fc3b6155dc871973fe961e556f5bd54f1917d7e35fcdef741,local-only/original-project
20260917-开发资料/source/market/dist/assets/pets/jyn/thumb/bingjing-gongzhu-tsundere/jyn-bingjing-gongzhu-tsundere-53_40.webp,73414,2553d4ac77f8bf1666f0f0cde16999c59a6c367156d0073cb03c5297be293cfc,local-only/original-project
20260917-开发资料/source/market/dist/assets/pets/jyn/thumb/bingjing-gongzhu-tsundere/jyn-bingjing-gongzhu-tsundere-54_40.webp,74206,919c23c4ea9d163912b169b8c8b8c7c750716bbf7363a1bd563a716cf5842a7f,local-only/original-project
20260917-开发资料/source/market/dist/assets/pets/jyn/thumb/bingjing-gongzhu-tsundere/jyn-bingjing-gongzhu-tsundere-55_40.webp,75534,f2c25a0239cadcca4e18789cac60adeb1afde941bcc50c00ac986e5c649463fd,local-only/original-project
20260917-开发资料/source/market/dist/assets/pets/jyn/thumb/bingjing-gongzhu-tsundere/jyn-bingjing-gongzhu-tsundere-56_40.webp,76302,df6f13fccb4e82604e42383d216a4ccbd82406da53adf2ddddbee60cfe5b0f07,local-only/original-project
20260917-开发资料/source/market/dist/assets/pets/jyn/thumb/bingjing-gongzhu-tsundere/jyn-bingjing-gongzhu-tsundere-57_40.webp,77540,3b37d30b16545493b465114c4e955f6c16fd244e82f3818eec20433f43907bce,local-only/original-project
20260917-开发资料/source/market/dist/assets/pets/jyn/thumb/bingjing-gongzhu-tsundere/jyn-bingjing-gongzhu-tsundere-58_40.webp,78330,7144ae9db451cb4540381eec5f8beaf455cf41d244b59b32fd49281f63d17dfd,local-only/original-project
20260917-开发资料/source/market/dist/assets/pets/jyn/thumb/bingjing-gongzhu-tsundere/jyn-bingjing-gongzhu-tsundere-59_40.webp,78512,dc19211fcf0d3f39edd1452dde890a71bdfa72a56dec54dde600203d7fc2e825,local-only/original-project
20260917-开发资料/source/market/dist/assets/pets/jyn/thumb/bingjing-gongzhu-tsundere/jyn-bingjing-gongzhu-tsundere-5_40.webp,79258,024ea5941c6967f5ea604a00ee18213e44c85cea40e94750e8ca5d1f31d001dc,local-only/original-project
20260917-开发资料/source/market/dist/assets/pets/jyn/thumb/bingjing-gongzhu-tsundere/jyn-bingjing-gongzhu-tsundere-60_40.webp,79072,a48bd8688c7a44d4f20daf6d0c48ad7f6eedd8fc6181554167f56de067533ab7,local-only/original-project
20260917-开发资料/source/market/dist/assets/pets/jyn/thumb/bingjing-gongzhu-tsundere/jyn-bingjing-gongzhu-tsundere-61_40.webp,79496,b0f63f1271e673aa75f4edf7458e83de28247115a073486b4ba3249069fc20b3,local-only/original-project
20260917-开发资料/source/market/dist/assets/pets/jyn/thumb/bingjing-gongzhu-tsundere/jyn-bingjing-gongzhu-tsundere-62_40.webp,79838,05ee9a5febcb0ee2cae663c73e4aae0a1ab87e9bcff6f3e576727b67b4da4c7d,local-only/original-project
20260917-开发资料/source/market/dist/assets/pets/jyn/thumb/bingjing-gongzhu-tsundere/jyn-bingjing-gongzhu-tsundere-63_40.webp,80080,f5906226da6f64f712f85c467414b9d7a8dec419f9d595b80374d77a61ce29a5,local-only/original-project
20260917-开发资料/source/market/dist/assets/pets/jyn/thumb/bingjing-gongzhu-tsundere/jyn-bingjing-gongzhu-tsundere-64_40.webp,80060,a66e111052bc3183e8a4bf99aafb3a5577c65e224f273d24569cf2952a245d76,local-only/original-project
20260917-开发资料/source/market/dist/assets/pets/jyn/thumb/bingjing-gongzhu-tsundere/jyn-bingjing-gongzhu-tsundere-65_40.webp,80332,6a1791869b5a4af863874ce5c50c5f7721b93d2530781e535bbdf07e1e4dd304,local-only/original-project
20260917-开发资料/source/market/dist/assets/pets/jyn/thumb/bingjing-gongzhu-tsundere/jyn-bingjing-gongzhu-tsundere-66_40.webp,80586,e161fafa16851807d7fe0d1ab09e61ec747e13b68ce118a3e6b975499004c0e9,local-only/original-project
20260917-开发资料/source/market/dist/assets/pets/jyn/thumb/bingjing-gongzhu-tsundere/jyn-bingjing-gongzhu-tsundere-6_40.webp,78748,caf790ad13e6c78ed7ec3e473cd8fa3c16b57e7c9c61dced082fd5de2796ca66,local-only/original-project
20260917-开发资料/source/market/dist/assets/pets/jyn/thumb/bingjing-gongzhu-tsundere/jyn-bingjing-gongzhu-tsundere-7_40.webp,78908,b90b9e20e64a8e5ff3ea124f358e9b303fb668413758abfadd6dd1baf51ecadc,local-only/original-project
20260917-开发资料/source/market/dist/assets/pets/jyn/thumb/bingjing-gongzhu-tsundere/jyn-bingjing-gongzhu-tsundere-8_40.webp,78852,5c21e40c103d744023cf9b52f2d96065c50c62e3c33c8e5b435b848c34afd8a9,local-only/original-project
20260917-开发资料/source/market/dist/assets/pets/jyn/thumb/bingjing-gongzhu-tsundere/jyn-bingjing-gongzhu-tsundere-9_40.webp,79276,c8b42e3059ae9decc22be01758d516d06003163a0e8507bba2fbff8edec3e565,local-only/original-project
20260917-开发资料/source/market/dist/assets/pets/jyn/thumb/bingjing-gongzhu-work/jyn-bingjing-gongzhu-work-10_40.webp,78194,5267a89cb67b8e5d551b52b5b3cff69ac08f18c446a25c713793e47ccc9030e8,local-only/original-project
20260917-开发资料/source/market/dist/assets/pets/jyn/thumb/bingjing-gongzhu-work/jyn-bingjing-gongzhu-work-11_40.webp,78400,bcb736354b0651280263e99f0e0df0e9df1ddf0adb8ab1e2de126521c16d8840,local-only/original-project
20260917-开发资料/source/market/dist/assets/pets/jyn/thumb/bingjing-gongzhu-work/jyn-bingjing-gongzhu-work-12_40.webp,78398,d8a31fe15da5f012bbf90a92fdec3d9ec59de144d8e846b09742e3f977a414a1,local-only/original-project
20260917-开发资料/source/market/dist/assets/pets/jyn/thumb/bingjing-gongzhu-work/jyn-bingjing-gongzhu-work-13_40.webp,78412,4f6978eb5b8436f8b2d98d23ea9222d3be868d7c6e265f4008146bdc3b84c3b3,local-only/original-project
20260917-开发资料/source/market/dist/assets/pets/jyn/thumb/bingjing-gongzhu-work/jyn-bingjing-gongzhu-work-14_40.webp,78476,d745e78d478ea54a200d54cf3c600ba4f907893292a39ce66011899b952e9fe8,local-only/original-project
20260917-开发资料/source/market/dist/assets/pets/jyn/thumb/bingjing-gongzhu-work/jyn-bingjing-gongzhu-work-15_40.webp,78674,1cbf35f858e21df3c71b0838efbafa6cbe0aeb189f2d119547c6384c8198b9da,local-only/original-project
20260917-开发资料/source/market/dist/assets/pets/jyn/thumb/bingjing-gongzhu-work/jyn-bingjing-gongzhu-work-16_40.webp,78760,f4aa843fdd70298454367ddefebb3ca00a467aa77af9e5311aaa34311c5f12c2,local-only/original-project
20260917-开发资料/source/market/dist/assets/pets/jyn/thumb/bingjing-gongzhu-work/jyn-bingjing-gongzhu-work-17_40.webp,78674,df532c0ca3658dfc98d78ed47369a59c32ae795d8077b8c1fea861b98329d925,local-only/original-project
20260917-开发资料/source/market/dist/assets/pets/jyn/thumb/bingjing-gongzhu-work/jyn-bingjing-gongzhu-work-18_40.webp,79966,25ae0e0a1901e4f439b286a432cd92749a6f79856869b9663b43309bb818e202,local-only/original-project
20260917-开发资料/source/market/dist/assets/pets/jyn/thumb/bingjing-gongzhu-work/jyn-bingjing-gongzhu-work-19_40.webp,78538,59e48776ab003188cc15a1871f5bca08c7bf30e7cb1938b13ef654a65a79b9f9,local-only/original-project
20260917-开发资料/source/market/dist/assets/pets/jyn/thumb/bingjing-gongzhu-work/jyn-bingjing-gongzhu-work-1_40.webp,79354,4a02e6e5b499e72aeb2dc2cc9cc2cf3c670cc9274463bf4365083d5558503f66,local-only/original-project
20260917-开发资料/source/market/dist/assets/pets/jyn/thumb/bingjing-gongzhu-work/jyn-bingjing-gongzhu-work-20_40.webp,78674,b15af7560d0b2136e6afa0ea9b7a2c3923a2d90e3021615bfddd5f8eba3f9e1e,local-only/original-project
20260917-开发资料/source/market/dist/assets/pets/jyn/thumb/bingjing-gongzhu-work/jyn-bingjing-gongzhu-work-21_40.webp,78662,86a5cb86e619050c69a721a0f145ed2e60c26eea37543dd735888873b24b0ee5,local-only/original-project
20260917-开发资料/source/market/dist/assets/pets/jyn/thumb/bingjing-gongzhu-work/jyn-bingjing-gongzhu-work-22_40.webp,78614,f99d46dc9f858577d450a9ca15d27443c8595242abb5e86c7fb1a0fb70d22bbb,local-only/original-project
20260917-开发资料/source/market/dist/assets/pets/jyn/thumb/bingjing-gongzhu-work/jyn-bingjing-gongzhu-work-23_40.webp,78394,1603bb8bfbcaeda55b530c2720ff2403d74f8f7378ba0d8d9b01b731e3de3f36,local-only/original-project
20260917-开发资料/source/market/dist/assets/pets/jyn/thumb/bingjing-gongzhu-work/jyn-bingjing-gongzhu-work-24_40.webp,78518,b1353cc51c9293606219d0659e2eef163dacae04d93ae11cc8f3e0433bf92a65,local-only/original-project
20260917-开发资料/source/market/dist/assets/pets/jyn/thumb/bingjing-gongzhu-work/jyn-bingjing-gongzhu-work-25_40.webp,78444,2d42e302490fce04bf8df757cfa8eb21fd8a044602bd59eeb76f685d090383d0,local-only/original-project
20260917-开发资料/source/market/dist/assets/pets/jyn/thumb/bingjing-gongzhu-work/jyn-bingjing-gongzhu-work-26_40.webp,78630,67787bd7af47c07064aabe2a136e6e5f57499ef4e1a09ae918350f749b53d776,local-only/original-project
20260917-开发资料/source/market/dist/assets/pets/jyn/thumb/bingjing-gongzhu-work/jyn-bingjing-gongzhu-work-27_40.webp,78208,6645b3145f5229885b73976f9cbfcb4d3da9351c5fadbf473b63b4c8d97efc47,local-only/original-project
20260917-开发资料/source/market/dist/assets/pets/jyn/thumb/bingjing-gongzhu-work/jyn-bingjing-gongzhu-work-28_40.webp,78318,00e73ff6c729c3598d43df8ce62418450227fc29f3823fcce55eb0fb8c704e13,local-only/original-project
20260917-开发资料/source/market/dist/assets/pets/jyn/thumb/bingjing-gongzhu-work/jyn-bingjing-gongzhu-work-29_40.webp,78278,2176d7b2cc0f163606ca692faa9449e2cf58e7f706ca7434370f01466c52755d,local-only/original-project
20260917-开发资料/source/market/dist/assets/pets/jyn/thumb/bingjing-gongzhu-work/jyn-bingjing-gongzhu-work-2_40.webp,78630,fae661655be2990b140ef0b0e7fbbbf621bd665a58fc66bceb691519e4c42e9e,local-only/original-project
20260917-开发资料/source/market/dist/assets/pets/jyn/thumb/bingjing-gongzhu-work/jyn-bingjing-gongzhu-work-30_40.webp,77918,edcec9dacbe085a8f9cb372f66a76cf699a79bf43a9a13f4519ccf0e00fe0a30,local-only/original-project
20260917-开发资料/source/market/dist/assets/pets/jyn/thumb/bingjing-gongzhu-work/jyn-bingjing-gongzhu-work-31_40.webp,77692,a4814d067c0feca82cefa4ef8a8455466614fd54a2e2c773954ef3cc9385eea3,local-only/original-project
20260917-开发资料/source/market/dist/assets/pets/jyn/thumb/bingjing-gongzhu-work/jyn-bingjing-gongzhu-work-32_40.webp,77266,50ce71aeeb933fc58075f3fbc401fbccb898943c50f1445ba7e9b45b9b3ab46d,local-only/original-project
20260917-开发资料/source/market/dist/assets/pets/jyn/thumb/bingjing-gongzhu-work/jyn-bingjing-gongzhu-work-33_40.webp,77032,3d805c7dff250f0e1fc68de412b53744585e0e2d1f43c693b5f2334661fd8727,local-only/original-project
20260917-开发资料/source/market/dist/assets/pets/jyn/thumb/bingjing-gongzhu-work/jyn-bingjing-gongzhu-work-34_40.webp,76846,dc27c87bffedd558a81fa84e95082efd60e260da162440244636d3a71ea635ca,local-only/original-project
20260917-开发资料/source/market/dist/assets/pets/jyn/thumb/bingjing-gongzhu-work/jyn-bingjing-gongzhu-work-35_40.webp,78742,576e3ed65d33117b149d4a5462fed0dd4ad520c796c4e21f4a7a5e548d1d6bea,local-only/original-project
20260917-开发资料/source/market/dist/assets/pets/jyn/thumb/bingjing-gongzhu-work/jyn-bingjing-gongzhu-work-36_40.webp,76744,5ae9f0921097999500019ab8dc4d4a97797b13ad8dbf5551913ea208e88f36ba,local-only/original-project
20260917-开发资料/source/market/dist/assets/pets/jyn/thumb/bingjing-gongzhu-work/jyn-bingjing-gongzhu-work-37_40.webp,76988,b77bb82a2c084d969e6c3b04921cab7e8a40917864184ed5c343d056f3b597c0,local-only/original-project
20260917-开发资料/source/market/dist/assets/pets/jyn/thumb/bingjing-gongzhu-work/jyn-bingjing-gongzhu-work-38_40.webp,76694,db5cfb57e105116eceaca719883b022a50fa8ca2e22c2c1f5be42b090af5fda9,local-only/original-project
20260917-开发资料/source/market/dist/assets/pets/jyn/thumb/bingjing-gongzhu-work/jyn-bingjing-gongzhu-work-39_40.webp,76988,6ef545abb98ff77545ff378191e9c0e5be1211e63a6ad3ea322aa6e5ababae21,local-only/original-project
20260917-开发资料/source/market/dist/assets/pets/jyn/thumb/bingjing-gongzhu-work/jyn-bingjing-gongzhu-work-3_40.webp,78692,1634935c915ea28721747e7ba7fd77a53d43bfd1374630cc6636d5597dee9033,local-only/original-project
20260917-开发资料/source/market/dist/assets/pets/jyn/thumb/bingjing-gongzhu-work/jyn-bingjing-gongzhu-work-40_40.webp,77782,40ffdf4d1b04a7538f236160f52e70d776c9e3d26ca1c76d96fe71da3abfb6e9,local-only/original-project
20260917-开发资料/source/market/dist/assets/pets/jyn/thumb/bingjing-gongzhu-work/jyn-bingjing-gongzhu-work-41_40.webp,77698,87659a182d061da84ad9b9786a0c654ff509afd6910cb04cae1d49bb8bfc3f7e,local-only/original-project
20260917-开发资料/source/market/dist/assets/pets/jyn/thumb/bingjing-gongzhu-work/jyn-bingjing-gongzhu-work-42_40.webp,77684,cff199cd86a68178d0ac1879d399e0fe8a0bd8828293160a821d8ba28b16efcf,local-only/original-project
20260917-开发资料/source/market/dist/assets/pets/jyn/thumb/bingjing-gongzhu-work/jyn-bingjing-gongzhu-work-43_40.webp,77636,bd20bef7a0b5f9bc74c0e7c9928f9062e74b774f8418f379ca59a116541d2568,local-only/original-project
20260917-开发资料/source/market/dist/assets/pets/jyn/thumb/bingjing-gongzhu-work/jyn-bingjing-gongzhu-work-44_40.webp,77728,2a2cbf9318ab4cfe41d424e7d93cda0fd28bf6aec3c668c677a64580d6753342,local-only/original-project
20260917-开发资料/source/market/dist/assets/pets/jyn/thumb/bingjing-gongzhu-work/jyn-bingjing-gongzhu-work-45_40.webp,77850,7ca54d6628e244d77798cf7557688c0bd5f446845287012139577a0101d3375c,local-only/original-project
20260917-开发资料/source/market/dist/assets/pets/jyn/thumb/bingjing-gongzhu-work/jyn-bingjing-gongzhu-work-46_40.webp,77730,999e0e626626b8b51614b5b383e9b27f398976e918342b93487778ccf45617a6,local-only/original-project
20260917-开发资料/source/market/dist/assets/pets/jyn/thumb/bingjing-gongzhu-work/jyn-bingjing-gongzhu-work-47_40.webp,77650,cadb182a11c5ba324aa3227c96d49090323775587be1365dd6c48500d4625af3,local-only/original-project
20260917-开发资料/source/market/dist/assets/pets/jyn/thumb/bingjing-gongzhu-work/jyn-bingjing-gongzhu-work-48_40.webp,77666,c3561c50ed3feb7250aa951a3dcf0bf17444dceab8754161e27fbfffe6f2caa8,local-only/original-project
20260917-开发资料/source/market/dist/assets/pets/jyn/thumb/bingjing-gongzhu-work/jyn-bingjing-gongzhu-work-49_40.webp,77892,08f708af7cbcd1f8beb85936321e360c05be287a8d1a7272ca65d74112b53a28,local-only/original-project
20260917-开发资料/source/market/dist/assets/pets/jyn/thumb/bingjing-gongzhu-work/jyn-bingjing-gongzhu-work-4_40.webp,78768,64a1692c7f9798046cf8c3e905344da45b0a7b4b92d75b51d3955e01957e43e4,local-only/original-project
20260917-开发资料/source/market/dist/assets/pets/jyn/thumb/bingjing-gongzhu-work/jyn-bingjing-gongzhu-work-50_40.webp,77902,41d205558c18b4d2d420140712aed2eebb2ec4954d11270b519052ad911f3346,local-only/original-project
20260917-开发资料/source/market/dist/assets/pets/jyn/thumb/bingjing-gongzhu-work/jyn-bingjing-gongzhu-work-51_40.webp,78090,c5d67a4e5b47d407fb59490325b741bff769d50c52469632756e5fdf69f95cdd,local-only/original-project
20260917-开发资料/source/market/dist/assets/pets/jyn/thumb/bingjing-gongzhu-work/jyn-bingjing-gongzhu-work-52_40.webp,78934,1b33a9f7669c600d72527ef93cecc2548f1c6281050703905759d33bc5ac14cb,local-only/original-project
20260917-开发资料/source/market/dist/assets/pets/jyn/thumb/bingjing-gongzhu-work/jyn-bingjing-gongzhu-work-53_40.webp,77738,f0cc645be7d19ef819231c05f4b234d1dbc5953678bf2097d7383529671674b6,local-only/original-project
20260917-开发资料/source/market/dist/assets/pets/jyn/thumb/bingjing-gongzhu-work/jyn-bingjing-gongzhu-work-54_40.webp,77766,a6a1e4897cdf22c1036df95f75d5b56aa21fcef379363dd956b8a5a3a9c11f72,local-only/original-project
20260917-开发资料/source/market/dist/assets/pets/jyn/thumb/bingjing-gongzhu-work/jyn-bingjing-gongzhu-work-55_40.webp,77862,a4559e328a2c2f9c44c77d243276175a5d8f7909ae8244d2bb95dfd9cf21a437,local-only/original-project
20260917-开发资料/source/market/dist/assets/pets/jyn/thumb/bingjing-gongzhu-work/jyn-bingjing-gongzhu-work-56_40.webp,78006,19f8b965b170605eb8257202c4720008cecd1407cf0e5c2c91a20a078f45bc5d,local-only/original-project
20260917-开发资料/source/market/dist/assets/pets/jyn/thumb/bingjing-gongzhu-work/jyn-bingjing-gongzhu-work-57_40.webp,77596,4aadd15c3fdf2403512a458c1e54240ad3e9ac04dadb00b2d4eced2877bef36e,local-only/original-project
20260917-开发资料/source/market/dist/assets/pets/jyn/thumb/bingjing-gongzhu-work/jyn-bingjing-gongzhu-work-58_40.webp,77700,2c59b0d2b2fb0b9037cec26c1e9a1a1bdbc424c3bf61358b0ddbcd9645fc770c,local-only/original-project
20260917-开发资料/source/market/dist/assets/pets/jyn/thumb/bingjing-gongzhu-work/jyn-bingjing-gongzhu-work-59_40.webp,77778,9395a80c4f8c94f27c3ce377160ab8947c5e59b9c54889338bd0e8447a5f1144,local-only/original-project
20260917-开发资料/source/market/dist/assets/pets/jyn/thumb/bingjing-gongzhu-work/jyn-bingjing-gongzhu-work-5_40.webp,78768,ab5e9ac483d7aea33fa1df30020fc971d38774af2359c4c61773af786f5c69cf,local-only/original-project
20260917-开发资料/source/market/dist/assets/pets/jyn/thumb/bingjing-gongzhu-work/jyn-bingjing-gongzhu-work-60_40.webp,77802,29efb1e0f6e902b773ab5e219904760f0bcda75a8b5ec5fff595c6f04aabef88,local-only/original-project
20260917-开发资料/source/market/dist/assets/pets/jyn/thumb/bingjing-gongzhu-work/jyn-bingjing-gongzhu-work-61_40.webp,77480,837eafa52468f49e7e7ec04d1410237b152c0aac5d3dbc496b3039b8027ed30b,local-only/original-project
20260917-开发资料/source/market/dist/assets/pets/jyn/thumb/bingjing-gongzhu-work/jyn-bingjing-gongzhu-work-62_40.webp,77698,fee2e625cec16179acd2f86e3c4953830431271504513df742cd301239454575,local-only/original-project
20260917-开发资料/source/market/dist/assets/pets/jyn/thumb/bingjing-gongzhu-work/jyn-bingjing-gongzhu-work-63_40.webp,77654,2d82d5242d868ba3090caf3431ec3dcd0dd03ee7e4b6a776b3abeea073660868,local-only/original-project
20260917-开发资料/source/market/dist/assets/pets/jyn/thumb/bingjing-gongzhu-work/jyn-bingjing-gongzhu-work-64_40.webp,78116,fdc9a7b86a79155ec41672946bf70e3ca75082792bf6ca75b1620ef160de4169,local-only/original-project
20260917-开发资料/source/market/dist/assets/pets/jyn/thumb/bingjing-gongzhu-work/jyn-bingjing-gongzhu-work-65_40.webp,78678,eb728b69b09f8dca0d7a5f2402b9952a583edd3169f7288da9d50b5481b05023,local-only/original-project
20260917-开发资料/source/market/dist/assets/pets/jyn/thumb/bingjing-gongzhu-work/jyn-bingjing-gongzhu-work-66_40.webp,79164,397699c0adf348632b11dc6b006b20c02b47cc464f2007573b6a357c1716d770,local-only/original-project
20260917-开发资料/source/market/dist/assets/pets/jyn/thumb/bingjing-gongzhu-work/jyn-bingjing-gongzhu-work-67_40.webp,78948,767d86a7a7908b721e7ab43a6a3a64e8025282ed5e547458d2ccd942e56de1d4,local-only/original-project
20260917-开发资料/source/market/dist/assets/pets/jyn/thumb/bingjing-gongzhu-work/jyn-bingjing-gongzhu-work-68_40.webp,78858,4dd97313dc035844707dbd2565868aa4ae66d5cba31154b319f81c1a28f47184,local-only/original-project
20260917-开发资料/source/market/dist/assets/pets/jyn/thumb/bingjing-gongzhu-work/jyn-bingjing-gongzhu-work-69_40.webp,80352,7a55248be3fa009c2fa7de722bb6b775f4ee98e2c912e0926da05211dcce5904,local-only/original-project
20260917-开发资料/source/market/dist/assets/pets/jyn/thumb/bingjing-gongzhu-work/jyn-bingjing-gongzhu-work-6_40.webp,78566,0161101c068a7767f0f4e5f44bd8079163191ec892cea03ef9b2ba135dee1466,local-only/original-project
20260917-开发资料/source/market/dist/assets/pets/jyn/thumb/bingjing-gongzhu-work/jyn-bingjing-gongzhu-work-70_40.webp,79438,f9e5cf080424f102540fddd64d90f7ef27b960a03f7c82c04434ec2a39d1006b,local-only/original-project
20260917-开发资料/source/market/dist/assets/pets/jyn/thumb/bingjing-gongzhu-work/jyn-bingjing-gongzhu-work-71_40.webp,230106,ff4ca45ff69fed935a2889d543e0b540ea27df7906e018fcfd66ccbc286c6e67,local-only/original-project
20260917-开发资料/source/market/dist/assets/pets/jyn/thumb/bingjing-gongzhu-work/jyn-bingjing-gongzhu-work-72_40.webp,228592,6ddff5b0e1297cfe88d1319e936e8b28a2ff149bf9150290b043a5b32c48ff91,local-only/original-project
20260917-开发资料/source/market/dist/assets/pets/jyn/thumb/bingjing-gongzhu-work/jyn-bingjing-gongzhu-work-73_40.webp,228872,3ff608a47a66e055a36b597ce9fb4e9f6c4f864159608c685d4e0a5c09a00536,local-only/original-project
20260917-开发资料/source/market/dist/assets/pets/jyn/thumb/bingjing-gongzhu-work/jyn-bingjing-gongzhu-work-74_40.webp,229722,d2f9193867769278bd18ff9ff7b2d19016b2e6c6a3dc53ac35ac140b0456989a,local-only/original-project
20260917-开发资料/source/market/dist/assets/pets/jyn/thumb/bingjing-gongzhu-work/jyn-bingjing-gongzhu-work-7_40.webp,78824,5390685def5e1f0eec1e49a6304def51268d039a7be170cea77fd90a66dcde65,local-only/original-project
20260917-开发资料/source/market/dist/assets/pets/jyn/thumb/bingjing-gongzhu-work/jyn-bingjing-gongzhu-work-8_40.webp,78578,e09e99ce86ae233c5500d3c07693a4284d6f9474ce5873f49a61fb2a5d3c2c90,local-only/original-project
20260917-开发资料/source/market/dist/assets/pets/jyn/thumb/bingjing-gongzhu-work/jyn-bingjing-gongzhu-work-9_40.webp,78446,81482be547f6314294a193ace53d8f3ed7f7b21eb5107cf51ec0ac2536640ccc,local-only/original-project
20260917-开发资料/source/market/dist/assets/pets/jyn/thumb/bingjing-gongzhu-work-fail/jyn-bingjing-gongzhu-work-fail-10_40.webp,72888,1435bec2b9f7e160ef760d41aa0cba700cf0c4159e59dfb8b156b466551857d0,local-only/original-project
20260917-开发资料/source/market/dist/assets/pets/jyn/thumb/bingjing-gongzhu-work-fail/jyn-bingjing-gongzhu-work-fail-11_40.webp,72838,211ca3907a6bbc46a8771da76127e6e5af6e23e8dcd9b42a7cdd0c605e1950ec,local-only/original-project
20260917-开发资料/source/market/dist/assets/pets/jyn/thumb/bingjing-gongzhu-work-fail/jyn-bingjing-gongzhu-work-fail-12_40.webp,72424,5e0562527f7f010f6fa708a672f628154a5094d6208f1a99eb1de06d45c05cbc,local-only/original-project
20260917-开发资料/source/market/dist/assets/pets/jyn/thumb/bingjing-gongzhu-work-fail/jyn-bingjing-gongzhu-work-fail-13_40.webp,72598,57c78318354e5f47164fe114f85b6cdf89ee51cfd93ac55c3ed52e91b278fd52,local-only/original-project
20260917-开发资料/source/market/dist/assets/pets/jyn/thumb/bingjing-gongzhu-work-fail/jyn-bingjing-gongzhu-work-fail-14_40.webp,72064,c742119c180bd7724534f274097b830a90afcccadd5d0ac95b15cab625fc48e0,local-only/original-project
20260917-开发资料/source/market/dist/assets/pets/jyn/thumb/bingjing-gongzhu-work-fail/jyn-bingjing-gongzhu-work-fail-15_40.webp,71754,0ff2bda38ed724fbdb35d2fe28092166b47c8175710a5077006499c32d439b7f,local-only/original-project
20260917-开发资料/source/market/dist/assets/pets/jyn/thumb/bingjing-gongzhu-work-fail/jyn-bingjing-gongzhu-work-fail-16_40.webp,71682,c65cf8b31fe0370e75195efe59fc0b1e39550e9a71ce0560f5a611c1355a46ed,local-only/original-project
20260917-开发资料/source/market/dist/assets/pets/jyn/thumb/bingjing-gongzhu-work-fail/jyn-bingjing-gongzhu-work-fail-17_40.webp,68600,a00e023ff95f5a88071bcb995c581cc5feda2fd8d9e167cc997d4618beea32ce,local-only/original-project
20260917-开发资料/source/market/dist/assets/pets/jyn/thumb/bingjing-gongzhu-work-fail/jyn-bingjing-gongzhu-work-fail-18_40.webp,71538,4fbab09896abf0bbef0e6a3a281011be5f6d14ef74ce9e02112e7fabf882a052,local-only/original-project
20260917-开发资料/source/market/dist/assets/pets/jyn/thumb/bingjing-gongzhu-work-fail/jyn-bingjing-gongzhu-work-fail-19_40.webp,70146,d0151d2c338a50755f38dbb3cb9fde94badfb99eb1c7886c18d7c12858128a3c,local-only/original-project
20260917-开发资料/source/market/dist/assets/pets/jyn/thumb/bingjing-gongzhu-work-fail/jyn-bingjing-gongzhu-work-fail-1_40.webp,76860,249845f3847945b328a8e67c1064204281b946faba029ca7379b9b21bd8a1bdc,local-only/original-project
20260917-开发资料/source/market/dist/assets/pets/jyn/thumb/bingjing-gongzhu-work-fail/jyn-bingjing-gongzhu-work-fail-20_40.webp,69774,85d5b6baa1b79e23ca2f15d81ad6438e71f906e0702bedd624661398ad49c82d,local-only/original-project
20260917-开发资料/source/market/dist/assets/pets/jyn/thumb/bingjing-gongzhu-work-fail/jyn-bingjing-gongzhu-work-fail-21_40.webp,67208,69b5f4a7b72882cce72163d18a4175e0d4c6bcd08976e56f3ffbec4d7b5098fd,local-only/original-project
20260917-开发资料/source/market/dist/assets/pets/jyn/thumb/bingjing-gongzhu-work-fail/jyn-bingjing-gongzhu-work-fail-22_40.webp,67188,d96a91b50636897814a28247b1ed3617a007528ad5a9bd5c9870218a82066136,local-only/original-project
20260917-开发资料/source/market/dist/assets/pets/jyn/thumb/bingjing-gongzhu-work-fail/jyn-bingjing-gongzhu-work-fail-23_40.webp,58372,9441ae93bfaedaf07707e917e569ea86cb0c1808700e7bd95bc3ca052ec5a8fc,local-only/original-project
20260917-开发资料/source/market/dist/assets/pets/jyn/thumb/bingjing-gongzhu-work-fail/jyn-bingjing-gongzhu-work-fail-24_40.webp,61116,cf150593af2d0ea6933429785a8754c89ff4ac521832e760e05c28fd6860aba6,local-only/original-project
20260917-开发资料/source/market/dist/assets/pets/jyn/thumb/bingjing-gongzhu-work-fail/jyn-bingjing-gongzhu-work-fail-25_40.webp,65252,d58dcf537d618e8efd8944fff4d5fb729e944b7f636aab817111f7c2063f1c25,local-only/original-project
20260917-开发资料/source/market/dist/assets/pets/jyn/thumb/bingjing-gongzhu-work-fail/jyn-bingjing-gongzhu-work-fail-26_40.webp,66680,d9034a4e28baa320d4a59a65d3a4e2618fa7ad2f3a171cbf3038dd63af0316b2,local-only/original-project
20260917-开发资料/source/market/dist/assets/pets/jyn/thumb/bingjing-gongzhu-work-fail/jyn-bingjing-gongzhu-work-fail-27_40.webp,66734,81e0216dfcd501e55c64f23ff4319eb336473a7ec7640f5b9162a2cfd8094cd2,local-only/original-project
20260917-开发资料/source/market/dist/assets/pets/jyn/thumb/bingjing-gongzhu-work-fail/jyn-bingjing-gongzhu-work-fail-28_40.webp,65306,10d552e143d9d5e53676c6ddf5ecd062cc8d50448585c8bef892236e17b3f0ae,local-only/original-project
20260917-开发资料/source/market/dist/assets/pets/jyn/thumb/bingjing-gongzhu-work-fail/jyn-bingjing-gongzhu-work-fail-29_40.webp,65094,218412c173dd10191e897082de7798a37990c3176197a5a9faea209ceb35c863,local-only/original-project
20260917-开发资料/source/market/dist/assets/pets/jyn/thumb/bingjing-gongzhu-work-fail/jyn-bingjing-gongzhu-work-fail-2_40.webp,76264,4607d7ec7da1a2ee65b5af4545a92bc760f560476f68d7d888a4d0ed1f5f4f05,local-only/original-project
20260917-开发资料/source/market/dist/assets/pets/jyn/thumb/bingjing-gongzhu-work-fail/jyn-bingjing-gongzhu-work-fail-30_40.webp,65126,17c5f5a04ea48855f700b1db212be7c901cefa5f2f0829e5c3dadb29272a5f65,local-only/original-project
20260917-开发资料/source/market/dist/assets/pets/jyn/thumb/bingjing-gongzhu-work-fail/jyn-bingjing-gongzhu-work-fail-31_40.webp,63668,1fdd818702914f85d900dfb7d101e57ed9c09ee20a840206ed87230a7f8f62f2,local-only/original-project
20260917-开发资料/source/market/dist/assets/pets/jyn/thumb/bingjing-gongzhu-work-fail/jyn-bingjing-gongzhu-work-fail-32_40.webp,65344,70beeb1078d60e10740d25b7500dfb832052b2480ad27478a0115f62add1c7b0,local-only/original-project
20260917-开发资料/source/market/dist/assets/pets/jyn/thumb/bingjing-gongzhu-work-fail/jyn-bingjing-gongzhu-work-fail-33_40.webp,66162,d6fbb56c5052a73205ed898ecc7d6ae39018d13a3a562c5b45697159c9dc2c33,local-only/original-project
20260917-开发资料/source/market/dist/assets/pets/jyn/thumb/bingjing-gongzhu-work-fail/jyn-bingjing-gongzhu-work-fail-34_40.webp,66826,2221673b0a1c9f0b7231d24839aa97753514c5df6ad26eb0e28d03e58b0e0019,local-only/original-project
20260917-开发资料/source/market/dist/assets/pets/jyn/thumb/bingjing-gongzhu-work-fail/jyn-bingjing-gongzhu-work-fail-35_40.webp,68300,25fbb89d2b8d211db9d3ef3e5ecfa0b895d862dab82e916fa7c11c193866a20f,local-only/original-project
20260917-开发资料/source/market/dist/assets/pets/jyn/thumb/bingjing-gongzhu-work-fail/jyn-bingjing-gongzhu-work-fail-36_40.webp,65678,b503540ce9e8a6ea5f50cb27b30c3bb3dfbecb2444482c88618bcc3bcbebb4b9,local-only/original-project
20260917-开发资料/source/market/dist/assets/pets/jyn/thumb/bingjing-gongzhu-work-fail/jyn-bingjing-gongzhu-work-fail-37_40.webp,63494,0666482bcf482b4619797c382e35571ad1705ddcad1dc0d0cca017edb629f393,local-only/original-project
20260917-开发资料/source/market/dist/assets/pets/jyn/thumb/bingjing-gongzhu-work-fail/jyn-bingjing-gongzhu-work-fail-38_40.webp,61638,8d8dbb6a6f2b1d6d4d511b25befe054dca7e5c7deeebc8a95dafcd1fe3a0cf72,local-only/original-project
20260917-开发资料/source/market/dist/assets/pets/jyn/thumb/bingjing-gongzhu-work-fail/jyn-bingjing-gongzhu-work-fail-39_40.webp,62294,7a174dd2f6879b6e5da30cfc4ef9282b20ebaca1db1074eb2137a10de5648050,local-only/original-project
20260917-开发资料/source/market/dist/assets/pets/jyn/thumb/bingjing-gongzhu-work-fail/jyn-bingjing-gongzhu-work-fail-3_40.webp,76344,f368afad3d1d4c5e3cdc03a347efe3a02f8e0c512fa2d0ede52b020a63efea45,local-only/original-project
20260917-开发资料/source/market/dist/assets/pets/jyn/thumb/bingjing-gongzhu-work-fail/jyn-bingjing-gongzhu-work-fail-40_40.webp,62756,94e76103af48d6c106171ffbe0c0873b5501cf5233c3edefc3aeff78e17ddd2e,local-only/original-project
20260917-开发资料/source/market/dist/assets/pets/jyn/thumb/bingjing-gongzhu-work-fail/jyn-bingjing-gongzhu-work-fail-41_40.webp,65096,d0723364868b2ebdefcddc1890c595dea66dbdfa457fd09a7ad5128374bb2462,local-only/original-project
20260917-开发资料/source/market/dist/assets/pets/jyn/thumb/bingjing-gongzhu-work-fail/jyn-bingjing-gongzhu-work-fail-42_40.webp,67520,f44657f7e99526684560ff80ab94c3dc971da9864bf2a35570c794ab103a97af,local-only/original-project
20260917-开发资料/source/market/dist/assets/pets/jyn/thumb/bingjing-gongzhu-work-fail/jyn-bingjing-gongzhu-work-fail-43_40.webp,70044,376cb9b28c3b1fef4af59ad536c154016980f368acdbc9b7957c360359dadf7d,local-only/original-project
20260917-开发资料/source/market/dist/assets/pets/jyn/thumb/bingjing-gongzhu-work-fail/jyn-bingjing-gongzhu-work-fail-44_40.webp,71104,0afab914459353c3107ef4a16e88c0dd30b4ae8df4ec8ccbbf7719ed178ed305,local-only/original-project
20260917-开发资料/source/market/dist/assets/pets/jyn/thumb/bingjing-gongzhu-work-fail/jyn-bingjing-gongzhu-work-fail-45_40.webp,72290,0f04cfc16d0090d3cd7ac01c776692ed4cebe1034d8d8985fb3169b54c033f15,local-only/original-project
20260917-开发资料/source/market/dist/assets/pets/jyn/thumb/bingjing-gongzhu-work-fail/jyn-bingjing-gongzhu-work-fail-46_40.webp,73548,fd5b0e5a4e50527e4d808407c87c09f839c28c37e7fdcc297f411ba6d4025f36,local-only/original-project
20260917-开发资料/source/market/dist/assets/pets/jyn/thumb/bingjing-gongzhu-work-fail/jyn-bingjing-gongzhu-work-fail-47_40.webp,74082,2a9f3d4f955dcab7ced15fc86de035cb83be56b9a01a5388d6950d9afb689ac5,local-only/original-project
20260917-开发资料/source/market/dist/assets/pets/jyn/thumb/bingjing-gongzhu-work-fail/jyn-bingjing-gongzhu-work-fail-48_40.webp,74760,c889e08a2724edf8898e91b4fe9dfb0f63f9ed5ca87e45c339d36409b61137b1,local-only/original-project
20260917-开发资料/source/market/dist/assets/pets/jyn/thumb/bingjing-gongzhu-work-fail/jyn-bingjing-gongzhu-work-fail-49_40.webp,75282,f6711a2de6da04137dee0ae3c435de9e7973ac1340cb08f9e1e3c92f6f8ff138,local-only/original-project
20260917-开发资料/source/market/dist/assets/pets/jyn/thumb/bingjing-gongzhu-work-fail/jyn-bingjing-gongzhu-work-fail-4_40.webp,76262,907e7d20db8a88d9178b3afa285f75c2e0fce95d6d2ae4beb874a06ca7404a50,local-only/original-project
20260917-开发资料/source/market/dist/assets/pets/jyn/thumb/bingjing-gongzhu-work-fail/jyn-bingjing-gongzhu-work-fail-50_40.webp,75488,b29a56ebad845cb5ffe69e83d922e9616bb36e5cdc81cd9ada3b2a7994e22275,local-only/original-project
20260917-开发资料/source/market/dist/assets/pets/jyn/thumb/bingjing-gongzhu-work-fail/jyn-bingjing-gongzhu-work-fail-51_40.webp,76114,69f6c074bf1ff4744b35416c97004255e96896740d9c5cac63e89ae881635c75,local-only/original-project
20260917-开发资料/source/market/dist/assets/pets/jyn/thumb/bingjing-gongzhu-work-fail/jyn-bingjing-gongzhu-work-fail-52_40.webp,76700,04d7eca0eb9f2eeed24de3726a003fad6807f0e59ff73c63d89c3c919ad973b1,local-only/original-project
20260917-开发资料/source/market/dist/assets/pets/jyn/thumb/bingjing-gongzhu-work-fail/jyn-bingjing-gongzhu-work-fail-53_40.webp,75376,85fb579c6583ac24ec1886c52796a86c4db6327bed59f0d6b1246a92974e2c40,local-only/original-project
20260917-开发资料/source/market/dist/assets/pets/jyn/thumb/bingjing-gongzhu-work-fail/jyn-bingjing-gongzhu-work-fail-54_40.webp,75654,a422838ebaa3243dcd1702e8dfb555a8ae4f52025af067e4ca3e15e4ac8dc545,local-only/original-project
20260917-开发资料/source/market/dist/assets/pets/jyn/thumb/bingjing-gongzhu-work-fail/jyn-bingjing-gongzhu-work-fail-55_40.webp,76168,4b5a6aa7f5e575190d681a2fa5401d1dbd2c8b05f63fda26d52a24fabbe2bff8,local-only/original-project
20260917-开发资料/source/market/dist/assets/pets/jyn/thumb/bingjing-gongzhu-work-fail/jyn-bingjing-gongzhu-work-fail-56_40.webp,76978,44309613362dcf0fbb2e4f21c9ca707e9bb96b0eca7987a84dde18b2289e08e0,local-only/original-project
20260917-开发资料/source/market/dist/assets/pets/jyn/thumb/bingjing-gongzhu-work-fail/jyn-bingjing-gongzhu-work-fail-57_40.webp,77400,4f31ae3a84e7eeb197a438031b67d16b429bc56be433aa5f448aadadb1fe9078,local-only/original-project
20260917-开发资料/source/market/dist/assets/pets/jyn/thumb/bingjing-gongzhu-work-fail/jyn-bingjing-gongzhu-work-fail-58_40.webp,77266,51632f44a615a794f0283d6c66598cd2d3e5c5981caae6701580174830eae73d,local-only/original-project
20260917-开发资料/source/market/dist/assets/pets/jyn/thumb/bingjing-gongzhu-work-fail/jyn-bingjing-gongzhu-work-fail-59_40.webp,77940,136aa90385c5519baf3caa3cd25b1d61b2b01e81ce50c771a80832af2f2b9526,local-only/original-project
20260917-开发资料/source/market/dist/assets/pets/jyn/thumb/bingjing-gongzhu-work-fail/jyn-bingjing-gongzhu-work-fail-5_40.webp,75998,eaeb4ccff115554a635c9358671aa44bd31dc2fddd720b6a2c61dbe6847dc54d,local-only/original-project
20260917-开发资料/source/market/dist/assets/pets/jyn/thumb/bingjing-gongzhu-work-fail/jyn-bingjing-gongzhu-work-fail-60_40.webp,78052,ee9e69a7d02ab0e2d2431a8f380aa42f1a07a5fca4be056233dda3673e6a879a,local-only/original-project
20260917-开发资料/source/market/dist/assets/pets/jyn/thumb/bingjing-gongzhu-work-fail/jyn-bingjing-gongzhu-work-fail-61_40.webp,77782,834d90731aaa9fed3d2496018d5d562e9d31b1c447655c7866e142e3dc9ab11e,local-only/original-project
20260917-开发资料/source/market/dist/assets/pets/jyn/thumb/bingjing-gongzhu-work-fail/jyn-bingjing-gongzhu-work-fail-62_40.webp,78280,f0fec56b5b45612b5b3dc4ec883d01ec8f39cba6c8535ead38d10c00b50b66c6,local-only/original-project
20260917-开发资料/source/market/dist/assets/pets/jyn/thumb/bingjing-gongzhu-work-fail/jyn-bingjing-gongzhu-work-fail-63_40.webp,78196,8668244b25fd791f91cc3d5974895b03f37c5ac68fffe6b441d372c2c39e259a,local-only/original-project
20260917-开发资料/source/market/dist/assets/pets/jyn/thumb/bingjing-gongzhu-work-fail/jyn-bingjing-gongzhu-work-fail-64_40.webp,78240,6566f4983ffb460793245f611715fe051135581f0c28490626faf00d9bbe9780,local-only/original-project
20260917-开发资料/source/market/dist/assets/pets/jyn/thumb/bingjing-gongzhu-work-fail/jyn-bingjing-gongzhu-work-fail-65_40.webp,78630,070e7bfec17e90325e704915b4bdeaccd8c5084af77f71cbeb903d8896077be0,local-only/original-project
20260917-开发资料/source/market/dist/assets/pets/jyn/thumb/bingjing-gongzhu-work-fail/jyn-bingjing-gongzhu-work-fail-66_40.webp,78930,53e1eac20b9c66d3c40c89d11314c7dcc6748d758ad88da4cf66c194524e077b,local-only/original-project
20260917-开发资料/source/market/dist/assets/pets/jyn/thumb/bingjing-gongzhu-work-fail/jyn-bingjing-gongzhu-work-fail-67_40.webp,78720,25dff60ff4dbefdd3e6e0473626ded845e0b5b6db20354e97aa214bd0cb32646,local-only/original-project
20260917-开发资料/source/market/dist/assets/pets/jyn/thumb/bingjing-gongzhu-work-fail/jyn-bingjing-gongzhu-work-fail-6_40.webp,74310,93c94a2f58a639de5c7805c1f1fd2581a8d92a9ab72d7030c85e2c2a1b747156,local-only/original-project
20260917-开发资料/source/market/dist/assets/pets/jyn/thumb/bingjing-gongzhu-work-fail/jyn-bingjing-gongzhu-work-fail-7_40.webp,73780,47aea2e3fdff23bcc45723832ed1a0613f13f821b8900df2f581505e7ebcff39,local-only/original-project
20260917-开发资料/source/market/dist/assets/pets/jyn/thumb/bingjing-gongzhu-work-fail/jyn-bingjing-gongzhu-work-fail-8_40.webp,73638,0eb83173ac9a5dfda8e5bf78ce7d5e2020734563cce2c25c3f1505f1391f01ce,local-only/original-project
20260917-开发资料/source/market/dist/assets/pets/jyn/thumb/bingjing-gongzhu-work-fail/jyn-bingjing-gongzhu-work-fail-9_40.webp,74828,b0a9dc272cd19710c25842b7aebd254c5ec3637cd0f0a1bb304a2ad09f0d3a7e,local-only/original-project
20260917-开发资料/source/market/dist/assets/pets/jyn/thumb/bingjing-gongzhu-work-success/jyn-bingjing-gongzhu-work-success-10_40.webp,77332,4ae091afaa265f88c62e3e08b390eb693dd4c421a4578c567146b49c4b63789d,local-only/original-project
20260917-开发资料/source/market/dist/assets/pets/jyn/thumb/bingjing-gongzhu-work-success/jyn-bingjing-gongzhu-work-success-11_40.webp,77536,008ead3b5873ee5b3f1ee9f1ce11eabc1a76c03c9b8a2d90fd6b201640c01326,local-only/original-project
20260917-开发资料/source/market/dist/assets/pets/jyn/thumb/bingjing-gongzhu-work-success/jyn-bingjing-gongzhu-work-success-12_40.webp,77466,ae4ed6ab1a784af47b1b0c6cf3c01259bbe3adb0e7a19723a2db0f6825575f7a,local-only/original-project
20260917-开发资料/source/market/dist/assets/pets/jyn/thumb/bingjing-gongzhu-work-success/jyn-bingjing-gongzhu-work-success-13_40.webp,77406,231909275cbe3e2e4d89def9a174d9656044a1bc45c175449be0a62dcf5afc75,local-only/original-project
20260917-开发资料/source/market/dist/assets/pets/jyn/thumb/bingjing-gongzhu-work-success/jyn-bingjing-gongzhu-work-success-14_40.webp,77438,b6f6f8acb750fe3940a32794d3a1358e60afdf225637431a02931ca60b69c8ed,local-only/original-project
20260917-开发资料/source/market/dist/assets/pets/jyn/thumb/bingjing-gongzhu-work-success/jyn-bingjing-gongzhu-work-success-15_40.webp,77684,f5086823ba347ac44d760ee3ecd41ab23f3cee6f7d3d6b0c589b57eb16ba084a,local-only/original-project
20260917-开发资料/source/market/dist/assets/pets/jyn/thumb/bingjing-gongzhu-work-success/jyn-bingjing-gongzhu-work-success-16_40.webp,77362,02854e2b102b7cbb5454d36ae4ac8ad207720128d53095458adce90117794f43,local-only/original-project
20260917-开发资料/source/market/dist/assets/pets/jyn/thumb/bingjing-gongzhu-work-success/jyn-bingjing-gongzhu-work-success-17_40.webp,77840,21e7f4e2aebf7b0a0ecf2f41c4f081d794ce8ea8db0cc5a82661d2f6ec2bbab1,local-only/original-project
20260917-开发资料/source/market/dist/assets/pets/jyn/thumb/bingjing-gongzhu-work-success/jyn-bingjing-gongzhu-work-success-18_40.webp,78580,9c160f767d0b7537e18d315f54acf6f982e5a0c95f48da3e68c65419f36b4686,local-only/original-project
20260917-开发资料/source/market/dist/assets/pets/jyn/thumb/bingjing-gongzhu-work-success/jyn-bingjing-gongzhu-work-success-19_40.webp,76986,195ec0577beb7ff117227ef2a07401a93e5910f2641b012cfca257909dc069c0,local-only/original-project
20260917-开发资料/source/market/dist/assets/pets/jyn/thumb/bingjing-gongzhu-work-success/jyn-bingjing-gongzhu-work-success-1_40.webp,79226,53cf0f131c6bc981a9ffc8c8e2f5b57934642ae38415b293451eb01b655858b3,local-only/original-project
20260917-开发资料/source/market/dist/assets/pets/jyn/thumb/bingjing-gongzhu-work-success/jyn-bingjing-gongzhu-work-success-20_40.webp,76732,076175041c54308b8269cef3764effc09ead8f5ef5bd37c09933b978fa875dd0,local-only/original-project
20260917-开发资料/source/market/dist/assets/pets/jyn/thumb/bingjing-gongzhu-work-success/jyn-bingjing-gongzhu-work-success-21_40.webp,76664,2aee38ff17952d9f20920374c2e911d69f8e00ff5b5cd4ad85b70614bdea579a,local-only/original-project
20260917-开发资料/source/market/dist/assets/pets/jyn/thumb/bingjing-gongzhu-work-success/jyn-bingjing-gongzhu-work-success-22_40.webp,76392,ce533ff73517b25bff234e2cf8f4db9bf7f6cab763b4c7254ec63157078fc833,local-only/original-project
20260917-开发资料/source/market/dist/assets/pets/jyn/thumb/bingjing-gongzhu-work-success/jyn-bingjing-gongzhu-work-success-23_40.webp,75652,3e6f93979fe706d72066a981c2e19d743d2941eb7faf677b4feea6d34a093edb,local-only/original-project
20260917-开发资料/source/market/dist/assets/pets/jyn/thumb/bingjing-gongzhu-work-success/jyn-bingjing-gongzhu-work-success-24_40.webp,75246,05702a3251a5ee9dfba395c2615125d65f975142ee0518398ac8e69e52081968,local-only/original-project
20260917-开发资料/source/market/dist/assets/pets/jyn/thumb/bingjing-gongzhu-work-success/jyn-bingjing-gongzhu-work-success-25_40.webp,75132,8aace16f28b21a5ce101106abd8e63b9a5af4a0ffcb9ebc1a199ad2389834088,local-only/original-project
20260917-开发资料/source/market/dist/assets/pets/jyn/thumb/bingjing-gongzhu-work-success/jyn-bingjing-gongzhu-work-success-26_40.webp,74898,283bf8791128dab1d47b816d6e95999af4230e8df721ffe9d5e190981a105932,local-only/original-project
20260917-开发资料/source/market/dist/assets/pets/jyn/thumb/bingjing-gongzhu-work-success/jyn-bingjing-gongzhu-work-success-27_40.webp,74190,59203bbd9981e1f266d127a7db01e35c3419a98567a30d34489e94a94b47ee40,local-only/original-project
20260917-开发资料/source/market/dist/assets/pets/jyn/thumb/bingjing-gongzhu-work-success/jyn-bingjing-gongzhu-work-success-28_40.webp,74500,98803a01a44b2bd401116243d9c8d6fa40b89eafc1169c558518bd0769f6f0e5,local-only/original-project
20260917-开发资料/source/market/dist/assets/pets/jyn/thumb/bingjing-gongzhu-work-success/jyn-bingjing-gongzhu-work-success-29_40.webp,74130,d5eaabd3ed9d9f80461f719f2361b99f2e259f3b87fb51771bdc935528352776,local-only/original-project
20260917-开发资料/source/market/dist/assets/pets/jyn/thumb/bingjing-gongzhu-work-success/jyn-bingjing-gongzhu-work-success-2_40.webp,78176,32472c08f64e56ea46fe28e7b22d6df79e3287456cc74f5b6ed451534f241b8e,local-only/original-project
20260917-开发资料/source/market/dist/assets/pets/jyn/thumb/bingjing-gongzhu-work-success/jyn-bingjing-gongzhu-work-success-30_40.webp,74120,748cd04d636f79cdc5c8ce82db3abf4738945f8329a4f623fa101aa1701f95b8,local-only/original-project
20260917-开发资料/source/market/dist/assets/pets/jyn/thumb/bingjing-gongzhu-work-success/jyn-bingjing-gongzhu-work-success-31_40.webp,74920,02cd13322bf963146a151179fa7453da1b9657a3f3e5fd0f714214eb3b052061,local-only/original-project
20260917-开发资料/source/market/dist/assets/pets/jyn/thumb/bingjing-gongzhu-work-success/jyn-bingjing-gongzhu-work-success-32_40.webp,75476,d024806d5407072472a1364827904cbd2c325d9c8fb29501181d8019b4846646,local-only/original-project
20260917-开发资料/source/market/dist/assets/pets/jyn/thumb/bingjing-gongzhu-work-success/jyn-bingjing-gongzhu-work-success-33_40.webp,75454,f5b5241bfe934e9885e48f8a0e69ae0b7b44119dc06703ec3137dbbc38e85a1f,local-only/original-project
20260917-开发资料/source/market/dist/assets/pets/jyn/thumb/bingjing-gongzhu-work-success/jyn-bingjing-gongzhu-work-success-34_40.webp,76232,a1f332fc8036fd4a20a702661ba10a8a7351d7b7a009cc03c045f94a9481690a,local-only/original-project
20260917-开发资料/source/market/dist/assets/pets/jyn/thumb/bingjing-gongzhu-work-success/jyn-bingjing-gongzhu-work-success-35_40.webp,78712,7ccdc1b3b0dec426e38a43b631ae0240246793c09876f6178c02413ee2d93756,local-only/original-project
20260917-开发资料/source/market/dist/assets/pets/jyn/thumb/bingjing-gongzhu-work-success/jyn-bingjing-gongzhu-work-success-36_40.webp,76824,6263c9bab0c9f51dde30509b75dfcec5adeb3e2b9c6f56c8c0e7365a4e3bd787,local-only/original-project
20260917-开发资料/source/market/dist/assets/pets/jyn/thumb/bingjing-gongzhu-work-success/jyn-bingjing-gongzhu-work-success-37_40.webp,78538,e950a764f5ecf8dd2a1e02cc474ac8ffe06c44b977aff1e1640482e4c30a0c24,local-only/original-project
20260917-开发资料/source/market/dist/assets/pets/jyn/thumb/bingjing-gongzhu-work-success/jyn-bingjing-gongzhu-work-success-38_40.webp,79194,be709f113d22d870dfc2cc9188cec2ec9b08269d434507c87930be6d5e518575,local-only/original-project
20260917-开发资料/source/market/dist/assets/pets/jyn/thumb/bingjing-gongzhu-work-success/jyn-bingjing-gongzhu-work-success-39_40.webp,79680,213f2ab76dfe1c4ba6c30b0786faeffbd3cf53551441fc256dcec2be266ca6f8,local-only/original-project
20260917-开发资料/source/market/dist/assets/pets/jyn/thumb/bingjing-gongzhu-work-success/jyn-bingjing-gongzhu-work-success-3_40.webp,78262,2d86d2c6575319bfeed11556a49be0b573c838acd3b1c04e0085f508199645b3,local-only/original-project
20260917-开发资料/source/market/dist/assets/pets/jyn/thumb/bingjing-gongzhu-work-success/jyn-bingjing-gongzhu-work-success-40_40.webp,77392,e79b41102518769ce772b95f6d682dc7983e6587126c96312c01bbcea09c1299,local-only/original-project
20260917-开发资料/source/market/dist/assets/pets/jyn/thumb/bingjing-gongzhu-work-success/jyn-bingjing-gongzhu-work-success-41_40.webp,77584,554faf0dd51d8eb75c22aae7b0a89f1fc3eec5a4fe76f065fb372d4130906ddb,local-only/original-project
20260917-开发资料/source/market/dist/assets/pets/jyn/thumb/bingjing-gongzhu-work-success/jyn-bingjing-gongzhu-work-success-42_40.webp,77724,54f0abcc95853525fefbc8a7b12174499bf2649cc39b49667fb5f890eb77c76c,local-only/original-project
20260917-开发资料/source/market/dist/assets/pets/jyn/thumb/bingjing-gongzhu-work-success/jyn-bingjing-gongzhu-work-success-43_40.webp,77010,07c40c2925cbdb3432f7991daa913a1441ed330e6c5045f1c2baf7d9da75722a,local-only/original-project
20260917-开发资料/source/market/dist/assets/pets/jyn/thumb/bingjing-gongzhu-work-success/jyn-bingjing-gongzhu-work-success-44_40.webp,76136,bc86ebae3919a1b1a79e30d8a4cb2660b86281f3a65179b09ec02ef0c46a10db,local-only/original-project
20260917-开发资料/source/market/dist/assets/pets/jyn/thumb/bingjing-gongzhu-work-success/jyn-bingjing-gongzhu-work-success-45_40.webp,75744,b8efaf5ba0ed0b4585ea53f8cb4b9b2107b953a08b0f025eb238c5ad6f4c135a,local-only/original-project
20260917-开发资料/source/market/dist/assets/pets/jyn/thumb/bingjing-gongzhu-work-success/jyn-bingjing-gongzhu-work-success-46_40.webp,75448,25334851b4b5b974abe8a2e656ef038a1d82fd6beda8e91f37a69dfc558e7a31,local-only/original-project
20260917-开发资料/source/market/dist/assets/pets/jyn/thumb/bingjing-gongzhu-work-success/jyn-bingjing-gongzhu-work-success-47_40.webp,76112,255aba98b53b625c7bcd56187bc32cb0f6d631418e8ec7bdd7570d78c02f8115,local-only/original-project
20260917-开发资料/source/market/dist/assets/pets/jyn/thumb/bingjing-gongzhu-work-success/jyn-bingjing-gongzhu-work-success-48_40.webp,75262,cf7b9b6da1ba123f0b69c7994dab2860d1af240565431e42cf2ad60fb77a0cff,local-only/original-project
20260917-开发资料/source/market/dist/assets/pets/jyn/thumb/bingjing-gongzhu-work-success/jyn-bingjing-gongzhu-work-success-49_40.webp,74774,8a67258dc7c17e17227723e906edb2ad2a75444845a4bd28801946a37bc359e7,local-only/original-project
20260917-开发资料/source/market/dist/assets/pets/jyn/thumb/bingjing-gongzhu-work-success/jyn-bingjing-gongzhu-work-success-4_40.webp,78412,a797e22798a6784efd2d2bf59bbe8e09147802698014c3cb49751741c4eac9ac,local-only/original-project
20260917-开发资料/source/market/dist/assets/pets/jyn/thumb/bingjing-gongzhu-work-success/jyn-bingjing-gongzhu-work-success-50_40.webp,75046,371dd74cde9efb61b27cbffcba3c21440e915f862ed473a94055cb7bcdac6376,local-only/original-project
20260917-开发资料/source/market/dist/assets/pets/jyn/thumb/bingjing-gongzhu-work-success/jyn-bingjing-gongzhu-work-success-51_40.webp,75526,e98493636fa6071c0619ecc5f979fa500b7ce5b20f7a85f47591a38faa6b386d,local-only/original-project
20260917-开发资料/source/market/dist/assets/pets/jyn/thumb/bingjing-gongzhu-work-success/jyn-bingjing-gongzhu-work-success-52_40.webp,77426,2a410ba660494dc7c179fd3d5431601732e31493327b99f403d9b89646afa847,local-only/original-project
20260917-开发资料/source/market/dist/assets/pets/jyn/thumb/bingjing-gongzhu-work-success/jyn-bingjing-gongzhu-work-success-53_40.webp,76320,f834cb7cb63350837c6bc6ff9bfba3bce309520ddeb8570ed91df89a156266c9,local-only/original-project
20260917-开发资料/source/market/dist/assets/pets/jyn/thumb/bingjing-gongzhu-work-success/jyn-bingjing-gongzhu-work-success-54_40.webp,76438,b9bc7c5a07f00acc35a0d2602391fb6157dc5a3b3a382d2d3ddb06fd82112391,local-only/original-project
20260917-开发资料/source/market/dist/assets/pets/jyn/thumb/bingjing-gongzhu-work-success/jyn-bingjing-gongzhu-work-success-55_40.webp,76768,6261c41b5d32028ed99bcf1e974fb30b043060ee533211dda136e34ffff2ff69,local-only/original-project
20260917-开发资料/source/market/dist/assets/pets/jyn/thumb/bingjing-gongzhu-work-success/jyn-bingjing-gongzhu-work-success-56_40.webp,78050,9b30b60a3301080669f97d0e711fda42986d5578815b13b82a9dcfa6d019ca15,local-only/original-project
20260917-开发资料/source/market/dist/assets/pets/jyn/thumb/bingjing-gongzhu-work-success/jyn-bingjing-gongzhu-work-success-57_40.webp,77920,56a5f05e50a83f2eea25ec0c5c03aa0e659cdcf42f642a67e3d9733b70a4e6b9,local-only/original-project
20260917-开发资料/source/market/dist/assets/pets/jyn/thumb/bingjing-gongzhu-work-success/jyn-bingjing-gongzhu-work-success-58_40.webp,78700,c7660b6ea53268385d1ae44e429ac4b33401bc949f31dd05b5095aab84a9c1b2,local-only/original-project
20260917-开发资料/source/market/dist/assets/pets/jyn/thumb/bingjing-gongzhu-work-success/jyn-bingjing-gongzhu-work-success-59_40.webp,78468,4be88a698ae9c82cae526a2e46bc39b18ec25194b8ba5cb937f22c3644bd629a,local-only/original-project
20260917-开发资料/source/market/dist/assets/pets/jyn/thumb/bingjing-gongzhu-work-success/jyn-bingjing-gongzhu-work-success-5_40.webp,78534,2b09daac4e70e9fd4b618586f6d383c07a5093889ad88c86d335001c3b8e336d,local-only/original-project
20260917-开发资料/source/market/dist/assets/pets/jyn/thumb/bingjing-gongzhu-work-success/jyn-bingjing-gongzhu-work-success-60_40.webp,78386,e640567e1877fdb895e389dd0374af7dbbb7bc22ca55fa961ccc246faf7aa82a,local-only/original-project
20260917-开发资料/source/market/dist/assets/pets/jyn/thumb/bingjing-gongzhu-work-success/jyn-bingjing-gongzhu-work-success-61_40.webp,78288,8cca30dfe9b760c7152805cd40cb946d03c9047c0d8f002ffe21ea0a5dea5795,local-only/original-project
20260917-开发资料/source/market/dist/assets/pets/jyn/thumb/bingjing-gongzhu-work-success/jyn-bingjing-gongzhu-work-success-62_40.webp,78458,fb97c60c643fc8c449c11e5d1446ae73de8a7a72aeb6e4d2cd51511f17c90134,local-only/original-project
20260917-开发资料/source/market/dist/assets/pets/jyn/thumb/bingjing-gongzhu-work-success/jyn-bingjing-gongzhu-work-success-63_40.webp,78262,6c3771f71a659d5ce76dd48876e5a12a80b0d54a4d7b1a8a4cf40f56158ddc4a,local-only/original-project
20260917-开发资料/source/market/dist/assets/pets/jyn/thumb/bingjing-gongzhu-work-success/jyn-bingjing-gongzhu-work-success-64_40.webp,78412,56091509e5f272e83e19bd2a2c57180273c1369350a42d9bddb18bc1a6f7a596,local-only/original-project
20260917-开发资料/source/market/dist/assets/pets/jyn/thumb/bingjing-gongzhu-work-success/jyn-bingjing-gongzhu-work-success-65_40.webp,78752,c3d0e27841b6415b955072e0d3a5d7d672641ca39159501088fe42bba91c1e30,local-only/original-project
20260917-开发资料/source/market/dist/assets/pets/jyn/thumb/bingjing-gongzhu-work-success/jyn-bingjing-gongzhu-work-success-66_40.webp,78926,b024797e43b42cda0ec983b13c68259c53c46cf2afdf40bbf8b56c7261419948,local-only/original-project
20260917-开发资料/source/market/dist/assets/pets/jyn/thumb/bingjing-gongzhu-work-success/jyn-bingjing-gongzhu-work-success-67_40.webp,78942,a67a3b8456f03c8fdc0c470094a49ec4551e8a5bd53114825143a372afc334d4,local-only/original-project
20260917-开发资料/source/market/dist/assets/pets/jyn/thumb/bingjing-gongzhu-work-success/jyn-bingjing-gongzhu-work-success-6_40.webp,77994,89250bb010557c1488ac7e00c1fb5bfc20807f6a8db5071f25b7b7e6d32255a8,local-only/original-project
20260917-开发资料/source/market/dist/assets/pets/jyn/thumb/bingjing-gongzhu-work-success/jyn-bingjing-gongzhu-work-success-7_40.webp,78276,a3800ea8544787619691aac981052fcd2c43797d51df3912fc0eb3503d3297bc,local-only/original-project
20260917-开发资料/source/market/dist/assets/pets/jyn/thumb/bingjing-gongzhu-work-success/jyn-bingjing-gongzhu-work-success-8_40.webp,77908,6da772482249d915cec9ec49a4e138a20fa1bdd64464e255aa852825f5b6e454,local-only/original-project
20260917-开发资料/source/market/dist/assets/pets/jyn/thumb/bingjing-gongzhu-work-success/jyn-bingjing-gongzhu-work-success-9_40.webp,78238,b64d4475a0d71a309abafab48ea4b7796f89b2b2fc25ab0e7c0a305493ad9122,local-only/original-project
20260917-开发资料/source/market/dist/assets/pets/jyn/thumb/idle/jyn-idle-10_40.webp,59188,85cdb21b14d8f846a6e930d00c3d2667a6a98578dcb0e633427bd9a2c032dd59,local-only/original-project
20260917-开发资料/source/market/dist/assets/pets/jyn/thumb/idle/jyn-idle-11_40.webp,59952,a96ea45b99650e5b4388e1baa7b02e5064995c1a75ae2abb6ce4b2719fe64342,local-only/original-project
20260917-开发资料/source/market/dist/assets/pets/jyn/thumb/idle/jyn-idle-12_40.webp,59528,0df5165c066788dbac3b33295fc298175f8a85cb56123aca6cb819d4dc879bdf,local-only/original-project
20260917-开发资料/source/market/dist/assets/pets/jyn/thumb/idle/jyn-idle-13_40.webp,59966,d45f63ee6044df24e8145f1dac17384e925b09c26a28e4b76e3609dc02e9eeb6,local-only/original-project
20260917-开发资料/source/market/dist/assets/pets/jyn/thumb/idle/jyn-idle-14_40.webp,60184,55e8f8e40e6f5ec608e25553c935194f2c4c9c94d8aa390fbb2e622092e98d7e,local-only/original-project
20260917-开发资料/source/market/dist/assets/pets/jyn/thumb/idle/jyn-idle-15_40.webp,60726,41014730acc91882e0eae34068e29ebf066df77a2e4220f7a49f745e6bda6eb4,local-only/original-project
20260917-开发资料/source/market/dist/assets/pets/jyn/thumb/idle/jyn-idle-16_40.webp,60606,f8ad6b25b593420363cc1ff475153cb0228e8f63235904620543ecf426e744fe,local-only/original-project
20260917-开发资料/source/market/dist/assets/pets/jyn/thumb/idle/jyn-idle-17_40.webp,60678,7a3cfb0571c3658f90bfb4a8a5a90672d145bf51b297c77ea5d4819aa12b39a6,local-only/original-project
20260917-开发资料/source/market/dist/assets/pets/jyn/thumb/idle/jyn-idle-18_40.webp,60468,19ea64f6ce52b436be32d75437117226a96ac5df5a58d1f32edf82488f03c6f8,local-only/original-project
20260917-开发资料/source/market/dist/assets/pets/jyn/thumb/idle/jyn-idle-19_40.webp,60336,6c1d8c56fc035cbfbe2f343cee64738eda8780c1a36f256ffc32290ff31977cb,local-only/original-project
20260917-开发资料/source/market/dist/assets/pets/jyn/thumb/idle/jyn-idle-1_40.webp,58478,157e41438149d7dad817579ebfea464bddf449ac81fcc5b584a32cff2ab5cc0c,local-only/original-project
20260917-开发资料/source/market/dist/assets/pets/jyn/thumb/idle/jyn-idle-20_40.webp,60132,b2b2cb6dd2138fd8dee6483e94c73f135b21b84f1173d26ba9cd6177877432b9,local-only/original-project
20260917-开发资料/source/market/dist/assets/pets/jyn/thumb/idle/jyn-idle-21_40.webp,60172,15fd646b6b566022caa7d4c55f7f0f4aa67b9e777f5a08a1a12620341c417211,local-only/original-project
20260917-开发资料/source/market/dist/assets/pets/jyn/thumb/idle/jyn-idle-22_40.webp,60156,e31b1764dc981c55a6b9ccd331184ab8899c380760b8f03f280ef6b46eeb7137,local-only/original-project
20260917-开发资料/source/market/dist/assets/pets/jyn/thumb/idle/jyn-idle-23_40.webp,60034,fa255e81e21f19e1fb866734c87dc4b2de5fa76f575fcb9614d3c02828186896,local-only/original-project
20260917-开发资料/source/market/dist/assets/pets/jyn/thumb/idle/jyn-idle-24_40.webp,60372,dd0216d61b29c560651c4e94e74d2b6ecd6d8f5bb0651a596d79c0ab54b49d4e,local-only/original-project
20260917-开发资料/source/market/dist/assets/pets/jyn/thumb/idle/jyn-idle-25_40.webp,59836,ebed5f934197f660fae6bd0e6bb71f13444839b7a8e261b41e1e284e847cd47f,local-only/original-project
20260917-开发资料/source/market/dist/assets/pets/jyn/thumb/idle/jyn-idle-26_40.webp,59658,9e7cdd7b46e5df6997c744eb393ad092d84d746357a792e8654b54f9e247fd01,local-only/original-project
20260917-开发资料/source/market/dist/assets/pets/jyn/thumb/idle/jyn-idle-27_40.webp,59504,13a5c02e0ccf6117457ed1d63b210a0c16dbb125c92de59132f4c7f2db454544,local-only/original-project
20260917-开发资料/source/market/dist/assets/pets/jyn/thumb/idle/jyn-idle-28_40.webp,59160,2ca0ee8d839564faf03529d9b4137372623c5e3e9bd4865b1d437b0f3ca6670a,local-only/original-project
20260917-开发资料/source/market/dist/assets/pets/jyn/thumb/idle/jyn-idle-29_40.webp,59020,90dac2dc1d070569fa16ffd6a65cca0678907c5547704fee29bcb8d87308674a,local-only/original-project
20260917-开发资料/source/market/dist/assets/pets/jyn/thumb/idle/jyn-idle-2_40.webp,58402,147296f4b131ea96ba98918211193aee4ab16d2e9819ffbc1c013e616c946d9a,local-only/original-project
20260917-开发资料/source/market/dist/assets/pets/jyn/thumb/idle/jyn-idle-30_40.webp,58840,67b7b273c6bf2d416b071659d539df2a37f70db4779a1aca931200987c86627e,local-only/original-project
20260917-开发资料/source/market/dist/assets/pets/jyn/thumb/idle/jyn-idle-31_40.webp,58620,3c481bc2af7c312da301ef6b12bc630134d315cc83741d64dfe2e2e34904e80d,local-only/original-project
20260917-开发资料/source/market/dist/assets/pets/jyn/thumb/idle/jyn-idle-32_40.webp,58860,5abd53463edd8d241ed45a63fb0d344a807f72f13e5892cf25a027d4d3dcc377,local-only/original-project
20260917-开发资料/source/market/dist/assets/pets/jyn/thumb/idle/jyn-idle-33_40.webp,58436,9cad9ca90729b5f1026a618575abfcbd171e77998fde5325ff26dfffad312e1c,local-only/original-project
20260917-开发资料/source/market/dist/assets/pets/jyn/thumb/idle/jyn-idle-34_40.webp,57988,be6f4d58c5b7ca563acca55412e4489c2ad78cac95290235458679c158532651,local-only/original-project
20260917-开发资料/source/market/dist/assets/pets/jyn/thumb/idle/jyn-idle-35_40.webp,57800,fb0295ac3f2c315f24ba449cb5d85ba80db8fbc5670df863aef7ee20f597c5cd,local-only/original-project
20260917-开发资料/source/market/dist/assets/pets/jyn/thumb/idle/jyn-idle-36_40.webp,57572,97b3e2aee9aba6325880a21c8d0806db2ec10b99a28952ad3e01da7eb937dbe8,local-only/original-project
20260917-开发资料/source/market/dist/assets/pets/jyn/thumb/idle/jyn-idle-37_40.webp,57830,f58b671b53bb6a19c650713cadbb79cbdc7016611edc5161ee73c25fd9f6ce30,local-only/original-project
20260917-开发资料/source/market/dist/assets/pets/jyn/thumb/idle/jyn-idle-38_40.webp,57422,3b5649fdf7c1a54e52caaf583a688a5a817eb23f3c8b9606cd0c732d82b919b4,local-only/original-project
20260917-开发资料/source/market/dist/assets/pets/jyn/thumb/idle/jyn-idle-39_40.webp,57680,b674b0eb405e1809783e1f6451cb39329440b6b37ecec5a09c6809a15f25d4f8,local-only/original-project
20260917-开发资料/source/market/dist/assets/pets/jyn/thumb/idle/jyn-idle-3_40.webp,58796,e693ac8fbb5d40a1f348d76d2eeb149848686c6913ad23d97e26fd29cfc81e8a,local-only/original-project
20260917-开发资料/source/market/dist/assets/pets/jyn/thumb/idle/jyn-idle-40_40.webp,57390,e884013428aba2b9f3f196c715101a8399d3edfbec47d32633e29a8adcdcda8f,local-only/original-project
20260917-开发资料/source/market/dist/assets/pets/jyn/thumb/idle/jyn-idle-41_40.webp,57602,6a2eab2c35ba443b749a96365736f6121a0450f2800186e56f646b953b1888d3,local-only/original-project
20260917-开发资料/source/market/dist/assets/pets/jyn/thumb/idle/jyn-idle-42_40.webp,57042,897c1b6aa3d38c4b5ca9742b1c279ccd065aa667daadd92a1e9bbb5cff99ffd9,local-only/original-project
20260917-开发资料/source/market/dist/assets/pets/jyn/thumb/idle/jyn-idle-43_40.webp,57196,99244140c01d97b95aa2f8b5b038454a3d286b1b42112db83ebc15d3e95f1b4d,local-only/original-project
20260917-开发资料/source/market/dist/assets/pets/jyn/thumb/idle/jyn-idle-44_40.webp,56458,2408e9eb5b65ffbc0ef09e444d1e8dd9ce85a2cc513f365956725590fe405c8e,local-only/original-project
20260917-开发资料/source/market/dist/assets/pets/jyn/thumb/idle/jyn-idle-45_40.webp,56736,f83a48b0bceebfa9554ded73d32fa8f539af2d6763152a3a77fc4501683abeab,local-only/original-project
20260917-开发资料/source/market/dist/assets/pets/jyn/thumb/idle/jyn-idle-46_40.webp,56644,3d3cfe913d102218bda0c0f3dcc3a5f1339045f25fe7710b6bcb1a2128dfb066,local-only/original-project
20260917-开发资料/source/market/dist/assets/pets/jyn/thumb/idle/jyn-idle-47_40.webp,56342,509f76ae7474989357448bdda1e2610f733e5f5a59297c8416427ed1f417c3c5,local-only/original-project
20260917-开发资料/source/market/dist/assets/pets/jyn/thumb/idle/jyn-idle-48_40.webp,56650,3272b2c41f41d38c18c75b1983dac6cd0797f874e792306c800017c19ba148de,local-only/original-project
20260917-开发资料/source/market/dist/assets/pets/jyn/thumb/idle/jyn-idle-49_40.webp,56914,64026cd4fffd199f082d820886747de99e976ff9fd4bd8274c05d76cd68bde2c,local-only/original-project
20260917-开发资料/source/market/dist/assets/pets/jyn/thumb/idle/jyn-idle-4_40.webp,58806,71cddd630629d5ad195de59e1be4fcc6e95165aab6e9c1227cce10000250be44,local-only/original-project
20260917-开发资料/source/market/dist/assets/pets/jyn/thumb/idle/jyn-idle-50_40.webp,57120,bb168460a9f1c4431192ba921d34b5d62be89f959da5dd45654b2799698abd7c,local-only/original-project
20260917-开发资料/source/market/dist/assets/pets/jyn/thumb/idle/jyn-idle-51_40.webp,57436,7bca9b2b5de5123e17b5120ee8304082166265cb0876832f277e3f4357898129,local-only/original-project
20260917-开发资料/source/market/dist/assets/pets/jyn/thumb/idle/jyn-idle-52_40.webp,57444,5f6a8186ec2e65a754baa31b872e34db5a2885891276ce0b5d2a7a252dbee2e8,local-only/original-project
20260917-开发资料/source/market/dist/assets/pets/jyn/thumb/idle/jyn-idle-53_40.webp,57416,feadab0b205b5d6690f0e6e26d4f2d50616019a3751c8f3a7de13733c61c920d,local-only/original-project
20260917-开发资料/source/market/dist/assets/pets/jyn/thumb/idle/jyn-idle-54_40.webp,57396,858aae715778230be36a3ffe8a972f4d868116531d3b8d2f0cd2721edbf5699d,local-only/original-project
20260917-开发资料/source/market/dist/assets/pets/jyn/thumb/idle/jyn-idle-55_40.webp,57888,12949863887cb97fd0e59552cd0e6173d33aaf9ab30c36b289bedaf84873ee96,local-only/original-project
20260917-开发资料/source/market/dist/assets/pets/jyn/thumb/idle/jyn-idle-56_40.webp,57850,b98cad764eca0b9569dfbb1113364e94f39a32e8a4d03af92dfcae252e194518,local-only/original-project
20260917-开发资料/source/market/dist/assets/pets/jyn/thumb/idle/jyn-idle-57_40.webp,58232,bc6998cb49aa96f5ecff6eadecfaae065d742cccf97d7a59db363f235daaebf7,local-only/original-project
20260917-开发资料/source/market/dist/assets/pets/jyn/thumb/idle/jyn-idle-58_40.webp,58564,0217fec23bc2c83f148b8130828fcedbcb823e07bafd764e070e1ce22146c4ee,local-only/original-project
20260917-开发资料/source/market/dist/assets/pets/jyn/thumb/idle/jyn-idle-59_40.webp,58492,d6cdd6403f8a47cd36a18e17e0b4963d6e8278fd984248a8b0a37765703d9af8,local-only/original-project
20260917-开发资料/source/market/dist/assets/pets/jyn/thumb/idle/jyn-idle-5_40.webp,58984,d43f70f0d67805053043674fcc3b705e2c795ddcbd108993d5a0880c0b5b6544,local-only/original-project
20260917-开发资料/source/market/dist/assets/pets/jyn/thumb/idle/jyn-idle-60_40.webp,58590,ae729ca73da7764da357f0fc8329cb67ecc9d1e1dfe80562868190765be610ac,local-only/original-project
20260917-开发资料/source/market/dist/assets/pets/jyn/thumb/idle/jyn-idle-61_40.webp,58852,1fb68f20389cf9ec4192e49d6beb8c98e8d23ffb99e86cce095e62ede53183af,local-only/original-project
20260917-开发资料/source/market/dist/assets/pets/jyn/thumb/idle/jyn-idle-62_40.webp,59042,8593d821477cfdf3395425d77e8365ea103b17a8a1f84711afa9311db2987f85,local-only/original-project
20260917-开发资料/source/market/dist/assets/pets/jyn/thumb/idle/jyn-idle-63_40.webp,59170,8e87e821e246c8d4e7bf3b42a10f48b3c89a25ac2792b27513858bfcb607d0fe,local-only/original-project
20260917-开发资料/source/market/dist/assets/pets/jyn/thumb/idle/jyn-idle-64_40.webp,59164,ce8cdbb5aeeba12b1b3b53dfcf0abfa410f65a03e3431d65d5d3b5a927619d22,local-only/original-project
20260917-开发资料/source/market/dist/assets/pets/jyn/thumb/idle/jyn-idle-65_40.webp,59318,fd5717cda8f630d38162de43f0f610a2dae95080bf8c774d5d34f4b9e31e03c2,local-only/original-project
20260917-开发资料/source/market/dist/assets/pets/jyn/thumb/idle/jyn-idle-66_40.webp,59386,33ac2d238d216f170b351957b74a121ab9229bfb8d95d2d87e3d278cbdab240e,local-only/original-project
20260917-开发资料/source/market/dist/assets/pets/jyn/thumb/idle/jyn-idle-67_40.webp,59264,8d7e1ae982e3936bdb19be87a38a3f652d618d1d9d83b081ddaceceb3b8f9492,local-only/original-project
20260917-开发资料/source/market/dist/assets/pets/jyn/thumb/idle/jyn-idle-68_40.webp,59110,d041ef32c097881b08b319fe6c5b16f11cee7966ededeeba3ab988c664ff9b80,local-only/original-project
20260917-开发资料/source/market/dist/assets/pets/jyn/thumb/idle/jyn-idle-69_40.webp,59384,24e1c0ca5c51f9ff50cee913f5e21c14710d04105f568a30a1ebe42944b256ea,local-only/original-project
20260917-开发资料/source/market/dist/assets/pets/jyn/thumb/idle/jyn-idle-6_40.webp,58558,3ae74e485eb305ba1cffe977ef37805076728d6dcd0aca4b3ec706b446a4287d,local-only/original-project
20260917-开发资料/source/market/dist/assets/pets/jyn/thumb/idle/jyn-idle-70_40.webp,59246,4e1e253aaa2cfee4e7eeed02a41b5933bfb347d0580c53adf9467fcb26c6c604,local-only/original-project
20260917-开发资料/source/market/dist/assets/pets/jyn/thumb/idle/jyn-idle-71_40.webp,59372,cb2649040306b2f5b49f9bec2ca1940be8fc987fe5128e3e74b80b05a09a6813,local-only/original-project
20260917-开发资料/source/market/dist/assets/pets/jyn/thumb/idle/jyn-idle-72_40.webp,59372,36d61177b3b028a098d76281ec0687134bd8d71f55b00f29740681ef35af9259,local-only/original-project
20260917-开发资料/source/market/dist/assets/pets/jyn/thumb/idle/jyn-idle-73_40.webp,59320,4d4cfc88f7ca57c890863a89f913a0d4340e7571aa343fe8930b426d4d3cd152,local-only/original-project
20260917-开发资料/source/market/dist/assets/pets/jyn/thumb/idle/jyn-idle-74_40.webp,59158,e262318bab0e05b00669d6a922eb03a4daef9634055eacd69c839d0f4e895d54,local-only/original-project
20260917-开发资料/source/market/dist/assets/pets/jyn/thumb/idle/jyn-idle-75_40.webp,58680,e092648040c2ee54e60344718bfd0e6c8665d67a82cd06bf71c396a5c8962844,local-only/original-project
20260917-开发资料/source/market/dist/assets/pets/jyn/thumb/idle/jyn-idle-76_40.webp,58284,6fc81a002f268eac901ecbe25efedf43ac35a432cc5989f9ec20d2f2287d9db9,local-only/original-project
20260917-开发资料/source/market/dist/assets/pets/jyn/thumb/idle/jyn-idle-77_40.webp,58638,def1e035cf0a07ecb1dd4eac16c628b90d7ef3619da734c904963748c5b2db1f,local-only/original-project
20260917-开发资料/source/market/dist/assets/pets/jyn/thumb/idle/jyn-idle-78_40.webp,58606,6ae6af1cc9744254c6f1e0fd1c818a26b1840571a4b683243a4e2815defbd57b,local-only/original-project
20260917-开发资料/source/market/dist/assets/pets/jyn/thumb/idle/jyn-idle-7_40.webp,58792,2b5570adf8d4a6c615996f47d3e9b80377c763b85c7b1e1542f0f358568a8514,local-only/original-project
20260917-开发资料/source/market/dist/assets/pets/jyn/thumb/idle/jyn-idle-8_40.webp,58956,da215fb8d8b6bff5f877376a1ae3d93ad6de5b3386750437eb85e7087be79965,local-only/original-project
20260917-开发资料/source/market/dist/assets/pets/jyn/thumb/idle/jyn-idle-9_40.webp,59436,d3f4ccadf721710dd383c8502284ece48990fc038db88eac2bc1f8aa3a303c3c,local-only/original-project
20260917-开发资料/source/market/dist/assets/pets/jyn/thumb/lanhainishang-idle/jyn-lanhainishang-idle-10_40.webp,76502,4637d3f17ff679ee49c7885ea2c810ee1b0676fb9d68f38dfbf03884f542e00b,local-only/original-project
20260917-开发资料/source/market/dist/assets/pets/jyn/thumb/lanhainishang-idle/jyn-lanhainishang-idle-11_40.webp,76682,e27e12f75319c4a47e96d48f0747e49ff5bec855dc4e5c6cbc0ddadb3e88dc88,local-only/original-project
20260917-开发资料/source/market/dist/assets/pets/jyn/thumb/lanhainishang-idle/jyn-lanhainishang-idle-12_40.webp,76242,6533448b22be52ff1af7b19b2ebeb5b3ce685ac9a705b85500bc5c9b1e79581b,local-only/original-project
20260917-开发资料/source/market/dist/assets/pets/jyn/thumb/lanhainishang-idle/jyn-lanhainishang-idle-13_40.webp,77338,37229888eb122c7b0713da6a123fb8fd33e6da9ac597ab7860f31277a5fc41c5,local-only/original-project
20260917-开发资料/source/market/dist/assets/pets/jyn/thumb/lanhainishang-idle/jyn-lanhainishang-idle-14_40.webp,77046,1b1ebb8f59b7ca1f0b3c3af576d287a45bd4b9e145e8018bf009d5a779b56aad,local-only/original-project
20260917-开发资料/source/market/dist/assets/pets/jyn/thumb/lanhainishang-idle/jyn-lanhainishang-idle-15_40.webp,76776,6eb78b203c4a5b612eab6e67d85def596901e11d32a84bb7c81688b266f1d567,local-only/original-project
20260917-开发资料/source/market/dist/assets/pets/jyn/thumb/lanhainishang-idle/jyn-lanhainishang-idle-16_40.webp,76772,95413d30d27b305e38200238443f7cf33f2d93599425867446399f6dda0459eb,local-only/original-project
20260917-开发资料/source/market/dist/assets/pets/jyn/thumb/lanhainishang-idle/jyn-lanhainishang-idle-17_40.webp,76808,ff75e462a91086a487afbdd0c52eb752efa121cf8757cecfa18b3d2fc9adb98b,local-only/original-project
20260917-开发资料/source/market/dist/assets/pets/jyn/thumb/lanhainishang-idle/jyn-lanhainishang-idle-18_40.webp,76272,ead7c4fda16e5e7350b3e7999d94843b94ee21a8e6cd0ee36de1bbb7a8ee9b4d,local-only/original-project
20260917-开发资料/source/market/dist/assets/pets/jyn/thumb/lanhainishang-idle/jyn-lanhainishang-idle-19_40.webp,75510,7ef82273e5529389c48e5f43963a0f958197a9d179796f3b50b9547d1869f325,local-only/original-project
20260917-开发资料/source/market/dist/assets/pets/jyn/thumb/lanhainishang-idle/jyn-lanhainishang-idle-1_40.webp,77136,ad9c65a30497fa23fab235a50f97c213f9b31d17c508ad41486be5b4db7f0b0c,local-only/original-project
20260917-开发资料/source/market/dist/assets/pets/jyn/thumb/lanhainishang-idle/jyn-lanhainishang-idle-20_40.webp,74940,171b3619af15beea116832ba97fc3d36840acef6629d8610f61db2d223ec281b,local-only/original-project
20260917-开发资料/source/market/dist/assets/pets/jyn/thumb/lanhainishang-idle/jyn-lanhainishang-idle-21_40.webp,74844,645620cd84c648c2c207f93f2ba2b000f77670d4b257a00da4854b5e71a15456,local-only/original-project
20260917-开发资料/source/market/dist/assets/pets/jyn/thumb/lanhainishang-idle/jyn-lanhainishang-idle-22_40.webp,74978,194ba543de19b29e3fcdc729ea754c6521f768c6761d08a26a7576f577ca3bca,local-only/original-project
20260917-开发资料/source/market/dist/assets/pets/jyn/thumb/lanhainishang-idle/jyn-lanhainishang-idle-23_40.webp,75054,164aa9f9d598a4705da57972039d6626b8220302ab9e4d0cc4afe402fe42cca4,local-only/original-project
20260917-开发资料/source/market/dist/assets/pets/jyn/thumb/lanhainishang-idle/jyn-lanhainishang-idle-24_40.webp,75014,dc38daac15dbd6b463607d6305b75c5033fe99c2be422f9464897941025343e8,local-only/original-project
20260917-开发资料/source/market/dist/assets/pets/jyn/thumb/lanhainishang-idle/jyn-lanhainishang-idle-25_40.webp,74794,1d1e8de5a18115d6203b99a117ca5b712944fd2a2c8aa4a5737bed3284eb865e,local-only/original-project
20260917-开发资料/source/market/dist/assets/pets/jyn/thumb/lanhainishang-idle/jyn-lanhainishang-idle-26_40.webp,74964,08376a0d29a0ec181e1087a38fe36c5d9e0e46d5b8bb5e2af68065ed07f97c5e,local-only/original-project
20260917-开发资料/source/market/dist/assets/pets/jyn/thumb/lanhainishang-idle/jyn-lanhainishang-idle-27_40.webp,74702,701067b069b9dfefecccb8cdefc51ebbb0c587996fb09037fda9c62ddcaf30cf,local-only/original-project
20260917-开发资料/source/market/dist/assets/pets/jyn/thumb/lanhainishang-idle/jyn-lanhainishang-idle-28_40.webp,74322,03969f62669cf5da2f1a5371f2d96b8e288aafa31759bd8eb17f6302fc5d6155,local-only/original-project
20260917-开发资料/source/market/dist/assets/pets/jyn/thumb/lanhainishang-idle/jyn-lanhainishang-idle-29_40.webp,74478,70b1dde6107af15b1c584fb558683018d24411ab825a35da84940a5de1f001eb,local-only/original-project
20260917-开发资料/source/market/dist/assets/pets/jyn/thumb/lanhainishang-idle/jyn-lanhainishang-idle-2_40.webp,75792,790ae7f72f9f6a5c1352cb3d826e822a563fff1aa5ed1b60ea4604a404fdd916,local-only/original-project
20260917-开发资料/source/market/dist/assets/pets/jyn/thumb/lanhainishang-idle/jyn-lanhainishang-idle-30_40.webp,74042,4ab9769aa2fdebff6ab615daa1057e075e9a77a4072f25a5f67969b83d1aab98,local-only/original-project
20260917-开发资料/source/market/dist/assets/pets/jyn/thumb/lanhainishang-idle/jyn-lanhainishang-idle-31_40.webp,74010,bf7a4efcc7f2c73875de058351b050f1f28e4ef8995c32f020547d6bdaa84e66,local-only/original-project
20260917-开发资料/source/market/dist/assets/pets/jyn/thumb/lanhainishang-idle/jyn-lanhainishang-idle-32_40.webp,73858,afdba6eb4e4654c72a631808438b1c086ce9fdfca0d4c231589b8393b5255116,local-only/original-project
20260917-开发资料/source/market/dist/assets/pets/jyn/thumb/lanhainishang-idle/jyn-lanhainishang-idle-33_40.webp,73828,7985deeadf677b2c52db93d1ba870373abe5f4421e6b6d070359c416ebecf9da,local-only/original-project
20260917-开发资料/source/market/dist/assets/pets/jyn/thumb/lanhainishang-idle/jyn-lanhainishang-idle-34_40.webp,73990,1fc71d1fb70e72cd8fa8a94ea64891e6b67f7cbf15fe2a3e307ede0bf42173bb,local-only/original-project
20260917-开发资料/source/market/dist/assets/pets/jyn/thumb/lanhainishang-idle/jyn-lanhainishang-idle-35_40.webp,74032,d3a191708109bcc06793f97103090a1bbb482936967ec356b11694696fea1e06,local-only/original-project
20260917-开发资料/source/market/dist/assets/pets/jyn/thumb/lanhainishang-idle/jyn-lanhainishang-idle-36_40.webp,72934,dec16d02b44e2c93584048d7953dd9b3e08315bd307820d8a8279f01f9f84dec,local-only/original-project
20260917-开发资料/source/market/dist/assets/pets/jyn/thumb/lanhainishang-idle/jyn-lanhainishang-idle-37_40.webp,73026,dc73759cf3da42f18714af152d8126a54ecaf2b2a202d397e262769ccdf33e17,local-only/original-project
20260917-开发资料/source/market/dist/assets/pets/jyn/thumb/lanhainishang-idle/jyn-lanhainishang-idle-38_40.webp,72046,2fb498871a05fd6943ac3defe4e525bd5ebc4c58cdf21c37cc83b677fe6003ef,local-only/original-project
20260917-开发资料/source/market/dist/assets/pets/jyn/thumb/lanhainishang-idle/jyn-lanhainishang-idle-39_40.webp,73334,6d9b23e9b160ead5a12d985b2433dfb5f0435430c563931efdb11f20e692613b,local-only/original-project
20260917-开发资料/source/market/dist/assets/pets/jyn/thumb/lanhainishang-idle/jyn-lanhainishang-idle-3_40.webp,76470,254a40827279d83b54b2b7ab81866907a0fb3f0e997ee5fbd66a5f1fdbc5e3f6,local-only/original-project
20260917-开发资料/source/market/dist/assets/pets/jyn/thumb/lanhainishang-idle/jyn-lanhainishang-idle-40_40.webp,73602,6168a2d29893b25738354b6c8bab9395e3e9450d44c50b5b60e22e56b87b4acb,local-only/original-project
20260917-开发资料/source/market/dist/assets/pets/jyn/thumb/lanhainishang-idle/jyn-lanhainishang-idle-41_40.webp,74456,da979c69b0131b841c34cda59bacb7eb1859ce2bcf96daf4ca1bf9200a6be151,local-only/original-project
20260917-开发资料/source/market/dist/assets/pets/jyn/thumb/lanhainishang-idle/jyn-lanhainishang-idle-42_40.webp,73964,800dbfc306d18f585e106d6214b5a956c1da8be3f17f270928115eb5a005314a,local-only/original-project
20260917-开发资料/source/market/dist/assets/pets/jyn/thumb/lanhainishang-idle/jyn-lanhainishang-idle-43_40.webp,74108,ebae1dd1d98ceb898705a7d353d36b0ec1a5974c25d9873847a2a68ff547c544,local-only/original-project
20260917-开发资料/source/market/dist/assets/pets/jyn/thumb/lanhainishang-idle/jyn-lanhainishang-idle-44_40.webp,74072,278b0d28ce4146ee593932fb70e95dff83e32720a255bfc1600be38658e1832c,local-only/original-project
20260917-开发资料/source/market/dist/assets/pets/jyn/thumb/lanhainishang-idle/jyn-lanhainishang-idle-45_40.webp,74636,74313b115b17ae0272ad1a01bde2a4d631c63a4d7aaa729cda960dad4311af3f,local-only/original-project
20260917-开发资料/source/market/dist/assets/pets/jyn/thumb/lanhainishang-idle/jyn-lanhainishang-idle-46_40.webp,73826,42a3301e55808285522ab874b1c4adb0aa0bb941eac4ed2534a1a49de534bd67,local-only/original-project
20260917-开发资料/source/market/dist/assets/pets/jyn/thumb/lanhainishang-idle/jyn-lanhainishang-idle-47_40.webp,73642,dc0c6c2dbedfeba5ec4fb0c9143a8582dc39d4313bea4a50b98ad5d81ee93a0d,local-only/original-project
20260917-开发资料/source/market/dist/assets/pets/jyn/thumb/lanhainishang-idle/jyn-lanhainishang-idle-48_40.webp,73480,348307835a29398606925e7a77d131c6d37726354e8c26dd8449751c7bc352b3,local-only/original-project
20260917-开发资料/source/market/dist/assets/pets/jyn/thumb/lanhainishang-idle/jyn-lanhainishang-idle-49_40.webp,74054,c6acc3b3560d901d299a525dd9e5b40ad5986f36e33c53990a7cdb574eda31d0,local-only/original-project
20260917-开发资料/source/market/dist/assets/pets/jyn/thumb/lanhainishang-idle/jyn-lanhainishang-idle-4_40.webp,76702,3dab135f82b09371d8710a6b46267d9f6ee7c87a45b914c836de7c97d89fddf3,local-only/original-project
20260917-开发资料/source/market/dist/assets/pets/jyn/thumb/lanhainishang-idle/jyn-lanhainishang-idle-50_40.webp,73760,6f4b873efc9b6a94134d6a418dca441ccefa35c4f348e5c6f8f17abe2715b37a,local-only/original-project
20260917-开发资料/source/market/dist/assets/pets/jyn/thumb/lanhainishang-idle/jyn-lanhainishang-idle-51_40.webp,74832,20e650687d9257585fd854789cafd44f8e43a76d4530e80be4ad3def4a1a637f,local-only/original-project
20260917-开发资料/source/market/dist/assets/pets/jyn/thumb/lanhainishang-idle/jyn-lanhainishang-idle-52_40.webp,74516,a39810e8c0aba0e7152f8aad0fde3db8a1f273da6116dcecf7ae3aec13bc1588,local-only/original-project
20260917-开发资料/source/market/dist/assets/pets/jyn/thumb/lanhainishang-idle/jyn-lanhainishang-idle-53_40.webp,74450,aee3fa49c6dec2bb17cf1896c98b04273a2430b1abc0cbde0dcb24b42535a6a3,local-only/original-project
20260917-开发资料/source/market/dist/assets/pets/jyn/thumb/lanhainishang-idle/jyn-lanhainishang-idle-54_40.webp,74824,63bb8f6f7ad1854973dfa86d50c511e074fe73c08fa0ecf22938682f2e107a1d,local-only/original-project
20260917-开发资料/source/market/dist/assets/pets/jyn/thumb/lanhainishang-idle/jyn-lanhainishang-idle-55_40.webp,74950,b02968a90720e45da04753bff4156ec2a098c2d40342b793966e95ed658c1a1b,local-only/original-project
20260917-开发资料/source/market/dist/assets/pets/jyn/thumb/lanhainishang-idle/jyn-lanhainishang-idle-56_40.webp,76002,baa61bf9b4500054403ecbc5486111005ff2dfd8e86c43f8e12f2ee901b783be,local-only/original-project
20260917-开发资料/source/market/dist/assets/pets/jyn/thumb/lanhainishang-idle/jyn-lanhainishang-idle-57_40.webp,76456,4c704af3a0c8a5104b58a3fef96b06b521fb4e41b714f4f8030af45970d62e43,local-only/original-project
20260917-开发资料/source/market/dist/assets/pets/jyn/thumb/lanhainishang-idle/jyn-lanhainishang-idle-58_40.webp,76432,4180fad63b3a38a3cf6da04527e72b70b3d0aae935c8892420376c181200e56a,local-only/original-project
20260917-开发资料/source/market/dist/assets/pets/jyn/thumb/lanhainishang-idle/jyn-lanhainishang-idle-59_40.webp,77010,8efdacefcc48852a3dffac6350c1fdd4f04947a9f222dc66b1d919018e230a7d,local-only/original-project
20260917-开发资料/source/market/dist/assets/pets/jyn/thumb/lanhainishang-idle/jyn-lanhainishang-idle-5_40.webp,77376,cc44c9e9d3775bca462131e13cf91e5433825c0393946695385800acd94db391,local-only/original-project
20260917-开发资料/source/market/dist/assets/pets/jyn/thumb/lanhainishang-idle/jyn-lanhainishang-idle-60_40.webp,77028,1a3b4229cafca6fec34e16bea8d8dade166d3e5265c26b2d15005171746c336a,local-only/original-project
20260917-开发资料/source/market/dist/assets/pets/jyn/thumb/lanhainishang-idle/jyn-lanhainishang-idle-61_40.webp,77046,ec8bbfd5e54116ff09410e252900927401361099c229febe529496d511f1ac9c,local-only/original-project
20260917-开发资料/source/market/dist/assets/pets/jyn/thumb/lanhainishang-idle/jyn-lanhainishang-idle-62_40.webp,76896,8e5d1b3ae6d8ea589c18df2064018b422d249d4dcc6ae998f0f0eeaa67378539,local-only/original-project
20260917-开发资料/source/market/dist/assets/pets/jyn/thumb/lanhainishang-idle/jyn-lanhainishang-idle-63_40.webp,77106,b9b85bd8df0625d71425201eb989ce7263bfb6cf4a4b0b689e2e8a1f22f3bdf5,local-only/original-project
20260917-开发资料/source/market/dist/assets/pets/jyn/thumb/lanhainishang-idle/jyn-lanhainishang-idle-64_40.webp,77122,e4e67e4d9e818b8e2961c85cfa7ed9f6b21012b383fe40f13fddd9bc39adcacb,local-only/original-project
20260917-开发资料/source/market/dist/assets/pets/jyn/thumb/lanhainishang-idle/jyn-lanhainishang-idle-65_40.webp,77432,30018ffaae771b06427d4bcf70e676bfc91eadf36af975079e0389183357ec6f,local-only/original-project
20260917-开发资料/source/market/dist/assets/pets/jyn/thumb/lanhainishang-idle/jyn-lanhainishang-idle-66_40.webp,77838,f7adfce2722f2a242e1072ef4ffe6bd59901d8e7a7d7e25d971ee0bdf8c9e813,local-only/original-project
20260917-开发资料/source/market/dist/assets/pets/jyn/thumb/lanhainishang-idle/jyn-lanhainishang-idle-67_40.webp,77766,a2e2b149a4060b7dd6289f2869d40f690ed53982535f64a6138eb772c5ffad0d,local-only/original-project
20260917-开发资料/source/market/dist/assets/pets/jyn/thumb/lanhainishang-idle/jyn-lanhainishang-idle-68_40.webp,77532,3816145fc83af3c7badf52d2237b8eadcb8146f692557710d84a219f4a08868e,local-only/original-project
20260917-开发资料/source/market/dist/assets/pets/jyn/thumb/lanhainishang-idle/jyn-lanhainishang-idle-69_40.webp,78398,5c5da9818a0ebb19db5e87779b9a58d2dd415953620e6be04b56e8eff9f46382,local-only/original-project
20260917-开发资料/source/market/dist/assets/pets/jyn/thumb/lanhainishang-idle/jyn-lanhainishang-idle-6_40.webp,76516,b565e3819c15f411c91e54d802863de40a6e9767f893c7545535ec5bd316b257,local-only/original-project
20260917-开发资料/source/market/dist/assets/pets/jyn/thumb/lanhainishang-idle/jyn-lanhainishang-idle-70_40.webp,78062,5fcdbb7d212472131b19ce4b1f00a4551c1118a943d35ba55e8de0e4367b348f,local-only/original-project
20260917-开发资料/source/market/dist/assets/pets/jyn/thumb/lanhainishang-idle/jyn-lanhainishang-idle-71_40.webp,77008,2b0347f4fdc02c1d60adf3316c148b8ffe89e33dd1dc6db3a05d11302f617bd3,local-only/original-project
20260917-开发资料/source/market/dist/assets/pets/jyn/thumb/lanhainishang-idle/jyn-lanhainishang-idle-72_40.webp,76606,e22880257ec778969fc5a09e4ed162ce40549fabdf5975020f8f388070451c54,local-only/original-project
20260917-开发资料/source/market/dist/assets/pets/jyn/thumb/lanhainishang-idle/jyn-lanhainishang-idle-73_40.webp,76704,0ea8b3c0956544ce30e1d858e010b9b346369dfa9b0d8151baf035fce298c30b,local-only/original-project
20260917-开发资料/source/market/dist/assets/pets/jyn/thumb/lanhainishang-idle/jyn-lanhainishang-idle-74_40.webp,76084,a4efad238374171af90344e7e7c313597561054c594e67ad2f8018d4113d9b6d,local-only/original-project
20260917-开发资料/source/market/dist/assets/pets/jyn/thumb/lanhainishang-idle/jyn-lanhainishang-idle-7_40.webp,76834,3af15a73f152984ebea2a9feaa581d578b8de05920ac9b247e18a90bc5d78dc5,local-only/original-project
20260917-开发资料/source/market/dist/assets/pets/jyn/thumb/lanhainishang-idle/jyn-lanhainishang-idle-8_40.webp,76864,2a4a011d4cb98e1f2e97e0c7b53efce603028c885bdb995753a8a4ca2d85971e,local-only/original-project
20260917-开发资料/source/market/dist/assets/pets/jyn/thumb/lanhainishang-idle/jyn-lanhainishang-idle-9_40.webp,77284,6e346aafcd9a79602b77f6cc88204ff35be89efde7980a5914cf43cfe2c1fa56,local-only/original-project
20260917-开发资料/source/market/dist/assets/pets/jyn/thumb/lanhainishang-lift-skirt/jyn-lanhainishang-lift-skirt-10_40.webp,72558,8a1ef38021ef145513c6e374e06605af06ae9856c22995746e56b27c7d3c240f,local-only/original-project
20260917-开发资料/source/market/dist/assets/pets/jyn/thumb/lanhainishang-lift-skirt/jyn-lanhainishang-lift-skirt-11_40.webp,72700,7218304c54508e76849acb02412312823278861e67815847fd858fe1713e3bd0,local-only/original-project
20260917-开发资料/source/market/dist/assets/pets/jyn/thumb/lanhainishang-lift-skirt/jyn-lanhainishang-lift-skirt-12_40.webp,72076,319501260ba77163994d1670822e20d46bf31cb0a901e256db67372f5fb4f05e,local-only/original-project
20260917-开发资料/source/market/dist/assets/pets/jyn/thumb/lanhainishang-lift-skirt/jyn-lanhainishang-lift-skirt-13_40.webp,72184,29c991b89e44cdaf096d4d2c593fa05beac9492d7dba7b16b936f6c5996a83a0,local-only/original-project
20260917-开发资料/source/market/dist/assets/pets/jyn/thumb/lanhainishang-lift-skirt/jyn-lanhainishang-lift-skirt-14_40.webp,70452,a1c4286e6d251ba2685919247b6f4e122fc5c1da3a6fddc13fd4c8da19bf377d,local-only/original-project
20260917-开发资料/source/market/dist/assets/pets/jyn/thumb/lanhainishang-lift-skirt/jyn-lanhainishang-lift-skirt-15_40.webp,71028,f1ba3c71538dffa3a7c163cf0ddd3ed2b4d43516b7bd38ce7eb834ef01e0e2a5,local-only/original-project
20260917-开发资料/source/market/dist/assets/pets/jyn/thumb/lanhainishang-lift-skirt/jyn-lanhainishang-lift-skirt-16_40.webp,69702,606b0a83b7cf77b54837cd6c10f8efd115b95893ac9a6e00809dfa5d24886b81,local-only/original-project
20260917-开发资料/source/market/dist/assets/pets/jyn/thumb/lanhainishang-lift-skirt/jyn-lanhainishang-lift-skirt-17_40.webp,70236,857bd7f466b5cafe5cb1290f76bbec61eb7d46c31ee7da349cf25d1d4cb56715,local-only/original-project
20260917-开发资料/source/market/dist/assets/pets/jyn/thumb/lanhainishang-lift-skirt/jyn-lanhainishang-lift-skirt-18_40.webp,69676,801d7328c65c513e786bf6da1645a0fa29d6dc5f9b077a8ba2c7e75e819dff2a,local-only/original-project
20260917-开发资料/source/market/dist/assets/pets/jyn/thumb/lanhainishang-lift-skirt/jyn-lanhainishang-lift-skirt-19_40.webp,67536,8cbfb1438b6d130c452cf93476b8d17e0ede3e32c2f05e17b72032627d0caf0b,local-only/original-project
20260917-开发资料/source/market/dist/assets/pets/jyn/thumb/lanhainishang-lift-skirt/jyn-lanhainishang-lift-skirt-1_40.webp,76744,00f9881138c9a7b687458b0804055a1e063f489d02c32779e39aad33a075bc88,local-only/original-project
20260917-开发资料/source/market/dist/assets/pets/jyn/thumb/lanhainishang-lift-skirt/jyn-lanhainishang-lift-skirt-20_40.webp,66874,f3181553133ce2f41c6a161dba1b3841e766c10ac6f86781f47fa048be4cc389,local-only/original-project
20260917-开发资料/source/market/dist/assets/pets/jyn/thumb/lanhainishang-lift-skirt/jyn-lanhainishang-lift-skirt-21_40.webp,66252,1a5642b3df064868de5b5e71ead7cd9e57e54e1d62a882a2ba6443f4bf40640e,local-only/original-project
20260917-开发资料/source/market/dist/assets/pets/jyn/thumb/lanhainishang-lift-skirt/jyn-lanhainishang-lift-skirt-22_40.webp,66322,8e1bdd8fa6d7cd30525020d2bcc21b95e3d42e1b5907e489663d278ec35d6d61,local-only/original-project
20260917-开发资料/source/market/dist/assets/pets/jyn/thumb/lanhainishang-lift-skirt/jyn-lanhainishang-lift-skirt-23_40.webp,65124,def6096078fa17c39787f49872ddcfb12fd3d07308257bb3d2aa15c2d81cfef7,local-only/original-project
20260917-开发资料/source/market/dist/assets/pets/jyn/thumb/lanhainishang-lift-skirt/jyn-lanhainishang-lift-skirt-24_40.webp,66316,1c86256d56a5c8934a3de9de2ca17da4140dfae4c79a5529ea08334c2529ff83,local-only/original-project
20260917-开发资料/source/market/dist/assets/pets/jyn/thumb/lanhainishang-lift-skirt/jyn-lanhainishang-lift-skirt-25_40.webp,65356,7c02bb4221a1880754401298de1590bc98421995f5c48910124bf9b41d0e5392,local-only/original-project
20260917-开发资料/source/market/dist/assets/pets/jyn/thumb/lanhainishang-lift-skirt/jyn-lanhainishang-lift-skirt-26_40.webp,68602,7854f91eca8cb637e68803d3aff6fd85c6b17615f886f52d6a2bcd56a032e894,local-only/original-project
20260917-开发资料/source/market/dist/assets/pets/jyn/thumb/lanhainishang-lift-skirt/jyn-lanhainishang-lift-skirt-27_40.webp,67712,512a3ab2a409e88cb2bf67bd5bbb349dd3232d9913e5c512369c3c455a5f442c,local-only/original-project
20260917-开发资料/source/market/dist/assets/pets/jyn/thumb/lanhainishang-lift-skirt/jyn-lanhainishang-lift-skirt-28_40.webp,67842,fcaff9731e21d0d53331c95c4f0d588d54d9d3f8f7e4c73e28ec7c41791f9887,local-only/original-project
20260917-开发资料/source/market/dist/assets/pets/jyn/thumb/lanhainishang-lift-skirt/jyn-lanhainishang-lift-skirt-29_40.webp,67284,85032d2b01a3c3356da6388d38be6532c07380fec5b54e68d261ffd05657c1aa,local-only/original-project
20260917-开发资料/source/market/dist/assets/pets/jyn/thumb/lanhainishang-lift-skirt/jyn-lanhainishang-lift-skirt-2_40.webp,76058,9b50242c50162a39fd901e9fcbb6f68ead422ce02087df64428161eed7df4923,local-only/original-project
20260917-开发资料/source/market/dist/assets/pets/jyn/thumb/lanhainishang-lift-skirt/jyn-lanhainishang-lift-skirt-30_40.webp,66378,24bb78261a4187cb4cd696ba0d55735b64b7cae8517567664aa82b69cca810b3,local-only/original-project
20260917-开发资料/source/market/dist/assets/pets/jyn/thumb/lanhainishang-lift-skirt/jyn-lanhainishang-lift-skirt-31_40.webp,66754,3740fa25fc5d9ef67dafe56f7e96c5446db88e7a7cd53bf264e23a32b0984ca3,local-only/original-project
20260917-开发资料/source/market/dist/assets/pets/jyn/thumb/lanhainishang-lift-skirt/jyn-lanhainishang-lift-skirt-32_40.webp,66144,974724a85dc54ef28c40dd950f5406356f9037c1f6f328da61712f40eb7ab1cf,local-only/original-project
20260917-开发资料/source/market/dist/assets/pets/jyn/thumb/lanhainishang-lift-skirt/jyn-lanhainishang-lift-skirt-33_40.webp,65658,91221150f9448a15ef9de8d956900278abbaa899195b50bc9e15dfe06ba450f7,local-only/original-project
20260917-开发资料/source/market/dist/assets/pets/jyn/thumb/lanhainishang-lift-skirt/jyn-lanhainishang-lift-skirt-34_40.webp,65644,0bb875f077549d66cefafd3feb43c909c0f6b1f6c3a1d2fc818d525552842af1,local-only/original-project
20260917-开发资料/source/market/dist/assets/pets/jyn/thumb/lanhainishang-lift-skirt/jyn-lanhainishang-lift-skirt-35_40.webp,65452,a1059d7a5b81378890fd862fc33339add7341d2eccd8dac88fd9bbb57ba9b7d8,local-only/original-project
20260917-开发资料/source/market/dist/assets/pets/jyn/thumb/lanhainishang-lift-skirt/jyn-lanhainishang-lift-skirt-36_40.webp,64590,cf701d6b0a55e461d68b7a3e855009a2d7604259cbb7a475e4e3201da89ffb7e,local-only/original-project
20260917-开发资料/source/market/dist/assets/pets/jyn/thumb/lanhainishang-lift-skirt/jyn-lanhainishang-lift-skirt-37_40.webp,64722,4556ef23315df70821d5dfa14fedc9c76d569c8c0129335bdad88afce848c98d,local-only/original-project
20260917-开发资料/source/market/dist/assets/pets/jyn/thumb/lanhainishang-lift-skirt/jyn-lanhainishang-lift-skirt-38_40.webp,64848,98cfdbcb22d449619c9a6bab5566783ea82d7f26a82f2945a392ecd6787ea09d,local-only/original-project
20260917-开发资料/source/market/dist/assets/pets/jyn/thumb/lanhainishang-lift-skirt/jyn-lanhainishang-lift-skirt-39_40.webp,65646,228553b7d72251d6ab48d1d745a470a98aa19d749cd7ca3ac9d5a94a1bcc6b5b,local-only/original-project
20260917-开发资料/source/market/dist/assets/pets/jyn/thumb/lanhainishang-lift-skirt/jyn-lanhainishang-lift-skirt-3_40.webp,76190,acd3af5a828527cb2375fa6654d9fb7d1ea421348476762de5aef7fa73f016b9,local-only/original-project
20260917-开发资料/source/market/dist/assets/pets/jyn/thumb/lanhainishang-lift-skirt/jyn-lanhainishang-lift-skirt-40_40.webp,64866,a648db7605386f3de8d4799fc3bafadea9231bca6b8db6431226e21c7739fea5,local-only/original-project
20260917-开发资料/source/market/dist/assets/pets/jyn/thumb/lanhainishang-lift-skirt/jyn-lanhainishang-lift-skirt-41_40.webp,65594,958eaae20cdf4c158f4f6a9a03bfd0162ef0f5077786749d617c9366c2cd71f6,local-only/original-project
20260917-开发资料/source/market/dist/assets/pets/jyn/thumb/lanhainishang-lift-skirt/jyn-lanhainishang-lift-skirt-42_40.webp,63238,5b4bc52cd4487f42a610002d67f8341a3aef35d54d273f243943da24662927b0,local-only/original-project
20260917-开发资料/source/market/dist/assets/pets/jyn/thumb/lanhainishang-lift-skirt/jyn-lanhainishang-lift-skirt-43_40.webp,64894,35747be525b8ee0ed3198716eb00c49eeb3bedee71629dd8748fa138c52a893e,local-only/original-project
20260917-开发资料/source/market/dist/assets/pets/jyn/thumb/lanhainishang-lift-skirt/jyn-lanhainishang-lift-skirt-44_40.webp,64188,cc6dc5eec6dc2ade17ef72826a902f236ca744d6c510b384525852274d5daa2c,local-only/original-project
20260917-开发资料/source/market/dist/assets/pets/jyn/thumb/lanhainishang-lift-skirt/jyn-lanhainishang-lift-skirt-45_40.webp,66698,d336625f0876e10c09927a4114f98859f6c47547d01403d1a8db9039eb8d107c,local-only/original-project
20260917-开发资料/source/market/dist/assets/pets/jyn/thumb/lanhainishang-lift-skirt/jyn-lanhainishang-lift-skirt-46_40.webp,65856,0c007106bdf7c5bd0f295160390221144dcf6be03644f9ba7193f8b1f4c39293,local-only/original-project
20260917-开发资料/source/market/dist/assets/pets/jyn/thumb/lanhainishang-lift-skirt/jyn-lanhainishang-lift-skirt-47_40.webp,66682,7cec825bc547f4b29e2b9532988b10ee686434f5eb204afd0a39cbf9cd04d44a,local-only/original-project
20260917-开发资料/source/market/dist/assets/pets/jyn/thumb/lanhainishang-lift-skirt/jyn-lanhainishang-lift-skirt-48_40.webp,66934,7f77becb175bbd056b871e89e11e923758fdbd042ecd9f5d6b076b3a3a9988a9,local-only/original-project
20260917-开发资料/source/market/dist/assets/pets/jyn/thumb/lanhainishang-lift-skirt/jyn-lanhainishang-lift-skirt-49_40.webp,68492,eb012b6673775173bcbcb712314732dd659b0268f74e0a197fb2ffb026ca6805,local-only/original-project
20260917-开发资料/source/market/dist/assets/pets/jyn/thumb/lanhainishang-lift-skirt/jyn-lanhainishang-lift-skirt-4_40.webp,76528,b741c79cde9083a83f26357ccd4009d825709be1a6186447f5e6ac05fea90d4f,local-only/original-project
20260917-开发资料/source/market/dist/assets/pets/jyn/thumb/lanhainishang-lift-skirt/jyn-lanhainishang-lift-skirt-50_40.webp,68882,390b458e42f59635582c3d7c1c4b3e89c55a6fbfb28680a61656c9d069b92116,local-only/original-project
20260917-开发资料/source/market/dist/assets/pets/jyn/thumb/lanhainishang-lift-skirt/jyn-lanhainishang-lift-skirt-51_40.webp,70630,b2e597a7d82183961cf72e79dcd6c1d8d076104060ea9b44e3d280818abc5a55,local-only/original-project
20260917-开发资料/source/market/dist/assets/pets/jyn/thumb/lanhainishang-lift-skirt/jyn-lanhainishang-lift-skirt-52_40.webp,71538,f3b0b36786e3d651033db476e18210214af7010b4b6897a83d5862a890a1152b,local-only/original-project
20260917-开发资料/source/market/dist/assets/pets/jyn/thumb/lanhainishang-lift-skirt/jyn-lanhainishang-lift-skirt-53_40.webp,71970,eef7fdb87ea7c1aa5d5e2e327539e075d262281fdba5557c6e0aea51af3b4428,local-only/original-project
20260917-开发资料/source/market/dist/assets/pets/jyn/thumb/lanhainishang-lift-skirt/jyn-lanhainishang-lift-skirt-54_40.webp,72462,9c0852a42c4ff5bea6745629ac9590509d4a62f2a7dbc935d5e679dc4367f089,local-only/original-project
20260917-开发资料/source/market/dist/assets/pets/jyn/thumb/lanhainishang-lift-skirt/jyn-lanhainishang-lift-skirt-55_40.webp,73478,e3325c6c7842390974a848da859e8f2717bbfeedfce929efa1067a502fa9d1f9,local-only/original-project
20260917-开发资料/source/market/dist/assets/pets/jyn/thumb/lanhainishang-lift-skirt/jyn-lanhainishang-lift-skirt-56_40.webp,74240,88a3518e78291a3c7d7290f1572333ae04909ed507db905ed01c10082137aac4,local-only/original-project
20260917-开发资料/source/market/dist/assets/pets/jyn/thumb/lanhainishang-lift-skirt/jyn-lanhainishang-lift-skirt-57_40.webp,77018,27f2f0449b4c69fc4a0c513e88a13d25944534378fc3d45182c04051a829900b,local-only/original-project
20260917-开发资料/source/market/dist/assets/pets/jyn/thumb/lanhainishang-lift-skirt/jyn-lanhainishang-lift-skirt-58_40.webp,76732,d5b1d4cd2358dd5e72d4fd7ebaee30e872e492d8e72d9eb446cc68c824066ecd,local-only/original-project
20260917-开发资料/source/market/dist/assets/pets/jyn/thumb/lanhainishang-lift-skirt/jyn-lanhainishang-lift-skirt-59_40.webp,77108,d1dabbe006cf42964ba733d1fde063d0fccd051fe9e3fd6adf3a30451ce57ef7,local-only/original-project
20260917-开发资料/source/market/dist/assets/pets/jyn/thumb/lanhainishang-lift-skirt/jyn-lanhainishang-lift-skirt-5_40.webp,75792,d34e89e6bd5409aff44ba9b1edcc88df5cbf7a532d18d66ac75daf87bf2e82b8,local-only/original-project
20260917-开发资料/source/market/dist/assets/pets/jyn/thumb/lanhainishang-lift-skirt/jyn-lanhainishang-lift-skirt-60_40.webp,77572,80d9ca9d103dfd3b78999008e58584185dac049c0aa825327da3472482af9d9b,local-only/original-project
20260917-开发资料/source/market/dist/assets/pets/jyn/thumb/lanhainishang-lift-skirt/jyn-lanhainishang-lift-skirt-61_40.webp,77390,72e6978f12a9b189ea208c9b5c160f72c813f20e38217152d8565613b4325d03,local-only/original-project
20260917-开发资料/source/market/dist/assets/pets/jyn/thumb/lanhainishang-lift-skirt/jyn-lanhainishang-lift-skirt-62_40.webp,77740,b2b89d61b6d67c96fd51672e4bbd87aba1ed97187b705cf3b5fd1634171d5532,local-only/original-project
20260917-开发资料/source/market/dist/assets/pets/jyn/thumb/lanhainishang-lift-skirt/jyn-lanhainishang-lift-skirt-63_40.webp,77672,5f3aa759a8709069ee898415265db228baed4c9c9eff312e35bbd650f734fe01,local-only/original-project
20260917-开发资料/source/market/dist/assets/pets/jyn/thumb/lanhainishang-lift-skirt/jyn-lanhainishang-lift-skirt-64_40.webp,77460,71cc01fc35468c158afb21a3a73c4f4fa57de351abd5caf3e62d064df7e759d4,local-only/original-project
20260917-开发资料/source/market/dist/assets/pets/jyn/thumb/lanhainishang-lift-skirt/jyn-lanhainishang-lift-skirt-65_40.webp,77688,a908aac64aab3ef6f0bbd5cdf68679167ee51ec6114c2e7a989e89b078153ad2,local-only/original-project
20260917-开发资料/source/market/dist/assets/pets/jyn/thumb/lanhainishang-lift-skirt/jyn-lanhainishang-lift-skirt-66_40.webp,78068,7823c0f95ab34dafac54fc743e3c3a39e66fadd4dfbf91927a9afe9a8035a0c6,local-only/original-project
20260917-开发资料/source/market/dist/assets/pets/jyn/thumb/lanhainishang-lift-skirt/jyn-lanhainishang-lift-skirt-67_40.webp,77806,9fcd46bdc0ca64cf2be8af750120ccbb254af9f2229ec202ae07f16353cc6e70,local-only/original-project
20260917-开发资料/source/market/dist/assets/pets/jyn/thumb/lanhainishang-lift-skirt/jyn-lanhainishang-lift-skirt-68_40.webp,77586,0ab8aa3098947c86a799deaf309e43a9b1a817a72563b65a013af7347ff80be9,local-only/original-project
20260917-开发资料/source/market/dist/assets/pets/jyn/thumb/lanhainishang-lift-skirt/jyn-lanhainishang-lift-skirt-69_40.webp,77864,82bf6e02f6a478ade5c572dde466c1ab970b3f45acb4b3b2ec199c64458f5e1c,local-only/original-project
20260917-开发资料/source/market/dist/assets/pets/jyn/thumb/lanhainishang-lift-skirt/jyn-lanhainishang-lift-skirt-6_40.webp,75418,ee0dce15f1ccdceed40e3634b96812e30144547c9bfcf51dd86e840095f1ebee,local-only/original-project
20260917-开发资料/source/market/dist/assets/pets/jyn/thumb/lanhainishang-lift-skirt/jyn-lanhainishang-lift-skirt-70_40.webp,77884,c525940c88105385e90a19a4993240e33807a402f693eeb58e7e44d6507f5bfe,local-only/original-project
20260917-开发资料/source/market/dist/assets/pets/jyn/thumb/lanhainishang-lift-skirt/jyn-lanhainishang-lift-skirt-71_40.webp,77924,d047db39598c1f162123e605c53b32690b0959c9ddbd8fa24cb752d0884258c5,local-only/original-project
20260917-开发资料/source/market/dist/assets/pets/jyn/thumb/lanhainishang-lift-skirt/jyn-lanhainishang-lift-skirt-72_40.webp,77892,7fe822d2a23cb68b9afcdc9ddfb23157d0b1ec8038e426a5a65849655aa3b487,local-only/original-project
20260917-开发资料/source/market/dist/assets/pets/jyn/thumb/lanhainishang-lift-skirt/jyn-lanhainishang-lift-skirt-73_40.webp,78232,c9dc490cc90eae0e86d97c71a8c35c9c692cb838ce59b613f2068e1c35900309,local-only/original-project
20260917-开发资料/source/market/dist/assets/pets/jyn/thumb/lanhainishang-lift-skirt/jyn-lanhainishang-lift-skirt-7_40.webp,75218,555e400304a6155c3a9eabc00be36fd06c0b5df87552785ece489142996a5a98,local-only/original-project
20260917-开发资料/source/market/dist/assets/pets/jyn/thumb/lanhainishang-lift-skirt/jyn-lanhainishang-lift-skirt-8_40.webp,73658,67f8ce4574e83284b7e586f6157d1ced0f10ba23891afbd099fa08f065ddbb53,local-only/original-project
20260917-开发资料/source/market/dist/assets/pets/jyn/thumb/lanhainishang-lift-skirt/jyn-lanhainishang-lift-skirt-9_40.webp,75030,7acb07b816863967bfe1b084a6eef3ee65447f94280f7776f3e1602954794e9e,local-only/original-project
20260917-开发资料/source/market/dist/assets/pets/jyn/thumb/shy/jyn-shy-10_40.webp,57216,342807b824a57ca482c257f0c01759e448f07bb703b22f3b6c61897e0b98c606,local-only/original-project
20260917-开发资料/source/market/dist/assets/pets/jyn/thumb/shy/jyn-shy-11_40.webp,56662,bf41ce980e1de8a391fe2f64be48a297d4cc7d6f159503c9a172621c391eb679,local-only/original-project
20260917-开发资料/source/market/dist/assets/pets/jyn/thumb/shy/jyn-shy-12_40.webp,55316,c1179182f4c0d00ed9a3a1f2b03e0b6ddbe952722335aa37947b5dc9e1a14458,local-only/original-project
20260917-开发资料/source/market/dist/assets/pets/jyn/thumb/shy/jyn-shy-13_40.webp,56138,16716c4ebc249e28040ecec85a22113916f06561949bf22ef40de95ced0229df,local-only/original-project
20260917-开发资料/source/market/dist/assets/pets/jyn/thumb/shy/jyn-shy-14_40.webp,55484,f4366643c9467fee69ee2dc40ebdae2fa87d2df8744bd6c129d57a3bcdaff786,local-only/original-project
20260917-开发资料/source/market/dist/assets/pets/jyn/thumb/shy/jyn-shy-15_40.webp,56836,73ae343b417fde2a8a171f4e7d89f01b09bf47b3e21827cb2bdca5aad272d177,local-only/original-project
20260917-开发资料/source/market/dist/assets/pets/jyn/thumb/shy/jyn-shy-16_40.webp,56288,2c7249277d41ae2a39f71a9511886116d1c1fd450c3a7f7cbebc003ab21760bd,local-only/original-project
20260917-开发资料/source/market/dist/assets/pets/jyn/thumb/shy/jyn-shy-17_40.webp,56496,d6a9c0655a034136ae448d2d665f996fb248a95ebae8d9fdb00c416b16a6227c,local-only/original-project
20260917-开发资料/source/market/dist/assets/pets/jyn/thumb/shy/jyn-shy-18_40.webp,55876,f390627744eae51ac49c705a6076f5cfcd70ecad556caf3bbf4fd5b2b3a1e764,local-only/original-project
20260917-开发资料/source/market/dist/assets/pets/jyn/thumb/shy/jyn-shy-19_40.webp,55352,416381652a06e83549d05a36fbeb08f12c6b5b84d555e688bba96190f3ea0113,local-only/original-project
20260917-开发资料/source/market/dist/assets/pets/jyn/thumb/shy/jyn-shy-1_40.webp,57772,74ad86a408fe35ef69ad810f8226a018a5209e926265320cdc4f5863511b8b7f,local-only/original-project
20260917-开发资料/source/market/dist/assets/pets/jyn/thumb/shy/jyn-shy-20_40.webp,54868,24a98481a3203106a68db8f0cb2af39fdeace11413e201e43e18ea095359f8c8,local-only/original-project
20260917-开发资料/source/market/dist/assets/pets/jyn/thumb/shy/jyn-shy-21_40.webp,55850,5fc61ff05d4220ad7957883c3ff39707d785b1d1e90bb0c7bc50fead3e480fd5,local-only/original-project
20260917-开发资料/source/market/dist/assets/pets/jyn/thumb/shy/jyn-shy-22_40.webp,55434,892dfbe978d0857c1023eadb730d5c50b63a830b5ef82a000b3eae257ed59d35,local-only/original-project
20260917-开发资料/source/market/dist/assets/pets/jyn/thumb/shy/jyn-shy-23_40.webp,54906,b6bea31a65f6f53b0d48519d88eb3a58fb3b6feb6927a4683bf11d098acffde0,local-only/original-project
20260917-开发资料/source/market/dist/assets/pets/jyn/thumb/shy/jyn-shy-24_40.webp,55362,32333e712e0e8a8b3506e6dda2ca4a9b4f236e046d0b2f98e4cc7c3213e14da3,local-only/original-project
20260917-开发资料/source/market/dist/assets/pets/jyn/thumb/shy/jyn-shy-25_40.webp,55634,8cefd31245db9e1aa0caee4eee545ca388d667047d301c28d4ab2756a2961c22,local-only/original-project
20260917-开发资料/source/market/dist/assets/pets/jyn/thumb/shy/jyn-shy-26_40.webp,56662,e822a36a9071d1030acb2e967f9bca2cb5d3914facf9c4d6245d3adb04642d4f,local-only/original-project
20260917-开发资料/source/market/dist/assets/pets/jyn/thumb/shy/jyn-shy-27_40.webp,56014,251599ec2889e37292c570230c8d5ac5e92dac6bdf7a8929417b9360dd2f777c,local-only/original-project
20260917-开发资料/source/market/dist/assets/pets/jyn/thumb/shy/jyn-shy-28_40.webp,55324,b1a098eac8b13fcdaf8ff69c3c3dcb8a637d96bca8acc683fdbcf3888922102d,local-only/original-project
20260917-开发资料/source/market/dist/assets/pets/jyn/thumb/shy/jyn-shy-29_40.webp,55496,b386460ee3842b7d8a02b1d95bf14c3eca8dfe6330de9e02a1174b5471eea40f,local-only/original-project
20260917-开发资料/source/market/dist/assets/pets/jyn/thumb/shy/jyn-shy-2_40.webp,57984,758d272a55cebdf6cab06c4dfe7e46bade94d32d4bdc66c63128bb56d97fc120,local-only/original-project
20260917-开发资料/source/market/dist/assets/pets/jyn/thumb/shy/jyn-shy-30_40.webp,55742,f038eed778301dc2a4eef54f577f2eeb5d34e0cf8f201c6b6973c304cbfba2be,local-only/original-project
20260917-开发资料/source/market/dist/assets/pets/jyn/thumb/shy/jyn-shy-31_40.webp,55074,3af10baa0a1b5ba31d1c7f5cdffd2c49c9e94fb72f7b9008732b605300506a24,local-only/original-project
20260917-开发资料/source/market/dist/assets/pets/jyn/thumb/shy/jyn-shy-32_40.webp,55394,b4fb02a0c7f377fc502a6b4fd2dbeadf43b1b5cf2ecf404a7fa1648535f5215e,local-only/original-project
20260917-开发资料/source/market/dist/assets/pets/jyn/thumb/shy/jyn-shy-33_40.webp,55506,9a5cc673cb0930d43e7986569d1a2f94ec3da329bdd0d7f0869110f511e3947b,local-only/original-project
20260917-开发资料/source/market/dist/assets/pets/jyn/thumb/shy/jyn-shy-34_40.webp,55918,4312b529714707d83675aad015697974c4b501417c813425dda58a73f32fc5e9,local-only/original-project
20260917-开发资料/source/market/dist/assets/pets/jyn/thumb/shy/jyn-shy-35_40.webp,55620,f45532885c10b1b57fcaf9a47c6a54ddb2ecb9957b5d1ae93d7ef01db96cb3ce,local-only/original-project
20260917-开发资料/source/market/dist/assets/pets/jyn/thumb/shy/jyn-shy-36_40.webp,55138,c278f6d4f11aea32819a395bae23542388efb3a6a0b50866d3de33044be6ca03,local-only/original-project
20260917-开发资料/source/market/dist/assets/pets/jyn/thumb/shy/jyn-shy-37_40.webp,55576,40614a47eeffca8a395d97fefefd663d304b65a96dce829d4e6bfa9a010e2075,local-only/original-project
20260917-开发资料/source/market/dist/assets/pets/jyn/thumb/shy/jyn-shy-38_40.webp,55236,a6bd1663d118dc32c6262688555016b09a6a6551d5bb4a85b18c2ac2d6aa6cd1,local-only/original-project
20260917-开发资料/source/market/dist/assets/pets/jyn/thumb/shy/jyn-shy-39_40.webp,55240,fa11c959be1e8510a55a71602244cc0cb85e3fa367d64be2a642b6907da16f71,local-only/original-project
20260917-开发资料/source/market/dist/assets/pets/jyn/thumb/shy/jyn-shy-3_40.webp,58202,680dac83924f030c651e036ab0884fc454d0ac94994c3e7f7c5618a14c2bbb21,local-only/original-project
20260917-开发资料/source/market/dist/assets/pets/jyn/thumb/shy/jyn-shy-40_40.webp,54856,be09fd6de36876e37402427b64407d9c383a039f176629f215a507da04178043,local-only/original-project
20260917-开发资料/source/market/dist/assets/pets/jyn/thumb/shy/jyn-shy-41_40.webp,54290,30c3823470f2b5928e3a8c3b910822e275a1c49cebf1cdbb04f0d7112f2b94dd,local-only/original-project
20260917-开发资料/source/market/dist/assets/pets/jyn/thumb/shy/jyn-shy-42_40.webp,54654,bf3ff619c81407c3a26ab38e746f69465262b89f2829c43ba364c2b6cb44ea81,local-only/original-project
20260917-开发资料/source/market/dist/assets/pets/jyn/thumb/shy/jyn-shy-43_40.webp,55430,b058473a8826c69887d484b632855aeac399a54056437d4e29b7422fab7adc75,local-only/original-project
20260917-开发资料/source/market/dist/assets/pets/jyn/thumb/shy/jyn-shy-44_40.webp,54784,ba88e063e4f6e6c49de66c5bb96bce7530bf857498e30ad490e50bc914d28e66,local-only/original-project
20260917-开发资料/source/market/dist/assets/pets/jyn/thumb/shy/jyn-shy-45_40.webp,54780,d03543433b386b6e1037041d461c69fc6826fb36129c148440cf910f7c090d54,local-only/original-project
20260917-开发资料/source/market/dist/assets/pets/jyn/thumb/shy/jyn-shy-46_40.webp,55082,09aa70eccc3631f4b80090f89cef7c811e3699a5a83354a208d1843e93cfe0f3,local-only/original-project
20260917-开发资料/source/market/dist/assets/pets/jyn/thumb/shy/jyn-shy-47_40.webp,54834,4b0233813531e6d2d9e534209fac4da45a0a2e866bf8c426a896a958162bd713,local-only/original-project
20260917-开发资料/source/market/dist/assets/pets/jyn/thumb/shy/jyn-shy-48_40.webp,55066,c2d64e65593b010fdfa951983b06c066caee56ad4261e180b6c200fcaefe03d1,local-only/original-project
20260917-开发资料/source/market/dist/assets/pets/jyn/thumb/shy/jyn-shy-49_40.webp,55250,822a4ee1f3be267b17b065f93394a9828e8416f6e91d95c17130d9ce33653d9e,local-only/original-project
20260917-开发资料/source/market/dist/assets/pets/jyn/thumb/shy/jyn-shy-4_40.webp,58156,b4459473cf4177ced7ae80d13e4792fdb4d8412b9257e8bb4cced476e5195b65,local-only/original-project
20260917-开发资料/source/market/dist/assets/pets/jyn/thumb/shy/jyn-shy-50_40.webp,55136,7a0e9cd84b83bd605a0f1092f114788c67c86f4aeff9d0a0414fe661837b5f72,local-only/original-project
20260917-开发资料/source/market/dist/assets/pets/jyn/thumb/shy/jyn-shy-51_40.webp,55468,f1013121b295c51f68244b9b3f40258d7a46c0d31e4bbe45108c71a375d08016,local-only/original-project
20260917-开发资料/source/market/dist/assets/pets/jyn/thumb/shy/jyn-shy-52_40.webp,55788,f99abb2e7da6e007f7385db167c2f77b953a54601032d573753527b426eb5081,local-only/original-project
20260917-开发资料/source/market/dist/assets/pets/jyn/thumb/shy/jyn-shy-53_40.webp,56088,7da2cc8f333c5225be0612b8f74415d4efff011daf35d44e898102ad6865e7e1,local-only/original-project
20260917-开发资料/source/market/dist/assets/pets/jyn/thumb/shy/jyn-shy-54_40.webp,56158,917421b10df26cb49aefa4d186fc80b3fe3f0bf0bb48a2476d0aa4ac97931eda,local-only/original-project
20260917-开发资料/source/market/dist/assets/pets/jyn/thumb/shy/jyn-shy-55_40.webp,55234,063a0c0cdd308098d91ee71f95a2d4dd80048b04b7074bb359368ada99f2d2c7,local-only/original-project
20260917-开发资料/source/market/dist/assets/pets/jyn/thumb/shy/jyn-shy-56_40.webp,55750,b0688e8d3374425d59a838cde61a5a5cb6cc01d0b61e5e567546821516341eb3,local-only/original-project
20260917-开发资料/source/market/dist/assets/pets/jyn/thumb/shy/jyn-shy-57_40.webp,56508,79347cd20a4c135cd5a3179b76860b29a229ba98aaf7bf68326c8a33648f69a9,local-only/original-project
20260917-开发资料/source/market/dist/assets/pets/jyn/thumb/shy/jyn-shy-58_40.webp,57310,c6690a121fb1d57139538cfd73f3a4d783cc4581f89bfee3c801c88d63a12e37,local-only/original-project
20260917-开发资料/source/market/dist/assets/pets/jyn/thumb/shy/jyn-shy-59_40.webp,57868,12376f84cc22b06186f9cad38c09c4565321b6a6939ea922b2cfa4122a59f741,local-only/original-project
20260917-开发资料/source/market/dist/assets/pets/jyn/thumb/shy/jyn-shy-5_40.webp,58034,e80a16344c7f107823ac57c4d068c14f221daa173d8f0ca4649279740440a21e,local-only/original-project
20260917-开发资料/source/market/dist/assets/pets/jyn/thumb/shy/jyn-shy-60_40.webp,57978,6208bf5076d746ff777e09a1bfeb5ad6e4f3a26a7155ad1f833e620779625938,local-only/original-project
20260917-开发资料/source/market/dist/assets/pets/jyn/thumb/shy/jyn-shy-61_40.webp,58202,5d81af3938972a886cfea832a552547fe76654affaf4c26fa0fc0028bc7d7f6d,local-only/original-project
20260917-开发资料/source/market/dist/assets/pets/jyn/thumb/shy/jyn-shy-62_40.webp,58314,e8d5d72240b040a783e864add16684565230fbb29ce2237a6f0646d30a0050a5,local-only/original-project
20260917-开发资料/source/market/dist/assets/pets/jyn/thumb/shy/jyn-shy-63_40.webp,58418,67705ba0ce14bf6db91556b370af9c36803413f9b08c8382ab99d04f50a0948e,local-only/original-project
20260917-开发资料/source/market/dist/assets/pets/jyn/thumb/shy/jyn-shy-64_40.webp,58608,0c793f9b2183b0920927e097a4022028106acf1db83962f7793cbb208def32ed,local-only/original-project
20260917-开发资料/source/market/dist/assets/pets/jyn/thumb/shy/jyn-shy-65_40.webp,58822,04c5978bc86d2c1f210d9adea0b677ca0853358697e2a54249371efeb994719d,local-only/original-project
20260917-开发资料/source/market/dist/assets/pets/jyn/thumb/shy/jyn-shy-66_40.webp,58786,26ad2bbc2acbbae910546244a5996db8cb6b8948f13b61b85294cabf97ba0562,local-only/original-project
20260917-开发资料/source/market/dist/assets/pets/jyn/thumb/shy/jyn-shy-67_40.webp,59248,f7a00ea6327a4bdf87310276b22344177be1530d6874086919a1a94ce2b5fd3a,local-only/original-project
20260917-开发资料/source/market/dist/assets/pets/jyn/thumb/shy/jyn-shy-68_40.webp,58704,2882693129e97db4b61cee97d8794e49702d7cff60bd351a6bd43680bc61ceb6,local-only/original-project
20260917-开发资料/source/market/dist/assets/pets/jyn/thumb/shy/jyn-shy-69_40.webp,58932,a28cfabdf25379dde6076e0d81203f1dfc6eb65436056c9900dd0d6b35ea9188,local-only/original-project
20260917-开发资料/source/market/dist/assets/pets/jyn/thumb/shy/jyn-shy-6_40.webp,57654,9b03c5b31edd986f9488c2d4f88abe01413e7ade94d2033977f69b82cf658bf0,local-only/original-project
20260917-开发资料/source/market/dist/assets/pets/jyn/thumb/shy/jyn-shy-70_40.webp,58838,b0fae6bec25b1487c46d819eea5cf3e98b7be7f720af81bdba9a650eefaa6ef2,local-only/original-project
20260917-开发资料/source/market/dist/assets/pets/jyn/thumb/shy/jyn-shy-71_40.webp,58696,24f38c83f37a2c0f01f1d462cd1add8ce404f4184f80ea1d37bcdfc525a24da7,local-only/original-project
20260917-开发资料/source/market/dist/assets/pets/jyn/thumb/shy/jyn-shy-72_40.webp,58802,598ae5dd14499b9280e119249a60915e458e437247281764570b2a7ffd7e1706,local-only/original-project
20260917-开发资料/source/market/dist/assets/pets/jyn/thumb/shy/jyn-shy-73_40.webp,58794,19250debdaf0e07840fe10b95c0e0758c14ccefe6d83dc98f7ebe54691e97eff,local-only/original-project
20260917-开发资料/source/market/dist/assets/pets/jyn/thumb/shy/jyn-shy-7_40.webp,57740,23a18e83a76a315c5dacffedf2ca971b0afc3f0b58191e12849662e2cb645d7e,local-only/original-project
20260917-开发资料/source/market/dist/assets/pets/jyn/thumb/shy/jyn-shy-8_40.webp,57520,a1d0402658669164b66eba99b6acbb2e33e12b42d2553b9d04ba21bfd3615c5e,local-only/original-project
20260917-开发资料/source/market/dist/assets/pets/jyn/thumb/shy/jyn-shy-9_40.webp,58552,f52a1580b6b41a3188a3f693a226ae579796d474d20e9b37b3fd9c492797cb27,local-only/original-project
20260917-开发资料/source/market/dist/assets/pets/jyn/thumb/shy2/jyn-shy2-10_40.webp,57464,78745c1df561d9ec17fb7df34ec92967aac356dc38bdca52685b84da8d82c973,local-only/original-project
20260917-开发资料/source/market/dist/assets/pets/jyn/thumb/shy2/jyn-shy2-11_40.webp,55978,524502d0162e885977452b4e33a7873b887500be276bc2454f3c3433952e2c29,local-only/original-project
20260917-开发资料/source/market/dist/assets/pets/jyn/thumb/shy2/jyn-shy2-12_40.webp,57000,ace159a0f867b7ee78b984e8c4a07cf5e79310cf67c88fa34801f0c78cfbd90a,local-only/original-project
20260917-开发资料/source/market/dist/assets/pets/jyn/thumb/shy2/jyn-shy2-13_40.webp,56992,2cd9bd28ad1fd3bc316a115b26eaaefff9acdef7e1df569d45ae56bc0204f756,local-only/original-project
20260917-开发资料/source/market/dist/assets/pets/jyn/thumb/shy2/jyn-shy2-14_40.webp,55640,920f9633ce192f43bf73d8570d6e20e7f728fcc43c60ad44ab55a4bcb29517d3,local-only/original-project
20260917-开发资料/source/market/dist/assets/pets/jyn/thumb/shy2/jyn-shy2-15_40.webp,55696,bfc955a1d29adfbbcdc53363beb0a4b03f56cec6a2df071604df974fb24988ae,local-only/original-project
20260917-开发资料/source/market/dist/assets/pets/jyn/thumb/shy2/jyn-shy2-16_40.webp,54796,30658ab4206f1291ef585eb9540e9ffa9074fd3149cfcbb68231b56604a88ea4,local-only/original-project
20260917-开发资料/source/market/dist/assets/pets/jyn/thumb/shy2/jyn-shy2-17_40.webp,54656,38e5f5753801265b25328eca95ec408aef2d865e8409cabbd43be8a6098d1e53,local-only/original-project
20260917-开发资料/source/market/dist/assets/pets/jyn/thumb/shy2/jyn-shy2-18_40.webp,54894,15a5c82d856cc898641a2d86165299a4963269cf196a46f38d1e2cf6b0beec99,local-only/original-project
20260917-开发资料/source/market/dist/assets/pets/jyn/thumb/shy2/jyn-shy2-19_40.webp,54290,2bc1d513fd1bc4ce7818ef047cdd2d6e63d8c8495147a441bb618fb0c146716a,local-only/original-project
20260917-开发资料/source/market/dist/assets/pets/jyn/thumb/shy2/jyn-shy2-1_40.webp,57672,eb06b024d9c3d6285793a542e702a6b276d9ccb9bd8b06774e5619604f0eae24,local-only/original-project
20260917-开发资料/source/market/dist/assets/pets/jyn/thumb/shy2/jyn-shy2-20_40.webp,53818,92f8dd974d381ce98619a29b7ab07a91eec02f078c023f7bcc5e3798f53af086,local-only/original-project
20260917-开发资料/source/market/dist/assets/pets/jyn/thumb/shy2/jyn-shy2-21_40.webp,54384,d914d65d8212a6a9058e74351623cb58621d073e00561447ebff4b1b8b179352,local-only/original-project
20260917-开发资料/source/market/dist/assets/pets/jyn/thumb/shy2/jyn-shy2-22_40.webp,53974,1c4b222a966f575420ec141d96dc8d46787cf2ed07772abf676686b55faa24ab,local-only/original-project
20260917-开发资料/source/market/dist/assets/pets/jyn/thumb/shy2/jyn-shy2-23_40.webp,52968,46b583916b3f366dbdb5c65c7a949c3ef25c33aa27c89dd5f2e34c64be3b0d7a,local-only/original-project
20260917-开发资料/source/market/dist/assets/pets/jyn/thumb/shy2/jyn-shy2-24_40.webp,52106,f4b502aee762da0b020746ad3aea182487e0a17d0d91aed236399fb4d3b70e2f,local-only/original-project
20260917-开发资料/source/market/dist/assets/pets/jyn/thumb/shy2/jyn-shy2-25_40.webp,52488,83b0a3e2ef9e57d76cd893ded3335e2194ce7956f8b4b829de711fa485561b4a,local-only/original-project
20260917-开发资料/source/market/dist/assets/pets/jyn/thumb/shy2/jyn-shy2-26_40.webp,53126,830578c39d5571e10d5e1fe7891a52b21605516ba75ae89091c0e78c5cee383e,local-only/original-project
20260917-开发资料/source/market/dist/assets/pets/jyn/thumb/shy2/jyn-shy2-27_40.webp,51878,d5cda17db36aadb630c6875e1ea8bda2e37203e8ca00418d36ee536e2b97985a,local-only/original-project
20260917-开发资料/source/market/dist/assets/pets/jyn/thumb/shy2/jyn-shy2-28_40.webp,51214,b898b7ae043bf08152035eb6b0d50ceab72f0b0a6b136d2755a713d466c65f13,local-only/original-project
20260917-开发资料/source/market/dist/assets/pets/jyn/thumb/shy2/jyn-shy2-29_40.webp,51604,2925de42e2559b762231fa81805e36f66ee406ae69ad6d05eb36d2c095a915a4,local-only/original-project
20260917-开发资料/source/market/dist/assets/pets/jyn/thumb/shy2/jyn-shy2-2_40.webp,57956,fb64bd55622b32755f1353c8aa7463872f740a39427e15d3dcde0010e6549a1d,local-only/original-project
20260917-开发资料/source/market/dist/assets/pets/jyn/thumb/shy2/jyn-shy2-30_40.webp,51460,29a3c0d5e03ce71ffa7c5fdc2ed1e653fe47e66ec991c2940cb3d1242bf86fc3,local-only/original-project
20260917-开发资料/source/market/dist/assets/pets/jyn/thumb/shy2/jyn-shy2-31_40.webp,50966,d3a9b950d94d84e672d404bf1dc3882d19d79203e9a1b02087f33a1d6f2e5c11,local-only/original-project
20260917-开发资料/source/market/dist/assets/pets/jyn/thumb/shy2/jyn-shy2-32_40.webp,50992,5058f48d458987dd6d9b7eeb2b001510044ec1cfdcf5721a95e001fa55d62093,local-only/original-project
20260917-开发资料/source/market/dist/assets/pets/jyn/thumb/shy2/jyn-shy2-33_40.webp,51262,2a87735663e5ab0d2abc19624aababee832cb92ebcc6700b479a30ae8e0a19bb,local-only/original-project
20260917-开发资料/source/market/dist/assets/pets/jyn/thumb/shy2/jyn-shy2-34_40.webp,51028,50fbba8297241e1cd172e56e542549f29722febcc858ea38b85b9c6bda58ee78,local-only/original-project
20260917-开发资料/source/market/dist/assets/pets/jyn/thumb/shy2/jyn-shy2-35_40.webp,50104,ccab18768a6751ca6ce45fabd6b7d0a296bb6dbcc73563d39cfe88b6916074d2,local-only/original-project
20260917-开发资料/source/market/dist/assets/pets/jyn/thumb/shy2/jyn-shy2-36_40.webp,49702,4a99d087d15a878540ae1550ec9759f3d233da205138cd9d1b1f082bac48f5b2,local-only/original-project
20260917-开发资料/source/market/dist/assets/pets/jyn/thumb/shy2/jyn-shy2-37_40.webp,49388,14a51f9b0696215f7a370483160c10de13cfa0be999585e0f88ba0576ace47d5,local-only/original-project
20260917-开发资料/source/market/dist/assets/pets/jyn/thumb/shy2/jyn-shy2-38_40.webp,49008,3223d7205d7fbe33c9ce1c84919b197d72f48f99dde73f69fef4636a842e62b4,local-only/original-project
20260917-开发资料/source/market/dist/assets/pets/jyn/thumb/shy2/jyn-shy2-39_40.webp,49774,d5d013467ac0554ef7cd530b8a055c199a46d48c12621246ea2d2e8d2cdd8736,local-only/original-project
20260917-开发资料/source/market/dist/assets/pets/jyn/thumb/shy2/jyn-shy2-3_40.webp,58018,56f3f9374561ae60444e3ea60b165bdf17b3ddbf99d017b1e8d5ef49cf834534,local-only/original-project
20260917-开发资料/source/market/dist/assets/pets/jyn/thumb/shy2/jyn-shy2-40_40.webp,49732,809a88f52ef5044558a8098101dec4a4175e0fae0eb753f89f22e7f2433104a4,local-only/original-project
20260917-开发资料/source/market/dist/assets/pets/jyn/thumb/shy2/jyn-shy2-41_40.webp,49930,51399b8990a5de1d73920a818c4816a75223dfcbce99be7c75ce9408d3429adc,local-only/original-project
20260917-开发资料/source/market/dist/assets/pets/jyn/thumb/shy2/jyn-shy2-42_40.webp,49774,2433074e935f4a8de7b2c12a311cf5d18ed5df94d25161f15260a293d52cb8e0,local-only/original-project
20260917-开发资料/source/market/dist/assets/pets/jyn/thumb/shy2/jyn-shy2-43_40.webp,50820,9cb9785464b3930d25af1ee8728e5c667504c94573eab422f7aa19950df6f5fc,local-only/original-project
20260917-开发资料/source/market/dist/assets/pets/jyn/thumb/shy2/jyn-shy2-44_40.webp,50934,55314219e1cc957a637e8c43a767b2ed1dd203d924c1820ce01d282e14a76783,local-only/original-project
20260917-开发资料/source/market/dist/assets/pets/jyn/thumb/shy2/jyn-shy2-45_40.webp,51208,761686e9a8a2341d7c0445eff3535008bf0addbd8d828503e57c58e06c10f4cb,local-only/original-project
20260917-开发资料/source/market/dist/assets/pets/jyn/thumb/shy2/jyn-shy2-46_40.webp,51846,e59dbe9f1cea0ff4304b267b3000580bd760503e84514961898fa5b3831066cb,local-only/original-project
20260917-开发资料/source/market/dist/assets/pets/jyn/thumb/shy2/jyn-shy2-47_40.webp,52274,e12069a1848323ec1bed38994c5fbfc8d745315073504f19d080a79fce8c448a,local-only/original-project
20260917-开发资料/source/market/dist/assets/pets/jyn/thumb/shy2/jyn-shy2-48_40.webp,52514,2d970be7275db2eabe3ce577cef81763db921b37083f488f4134dee5d0fde845,local-only/original-project
20260917-开发资料/source/market/dist/assets/pets/jyn/thumb/shy2/jyn-shy2-49_40.webp,53022,6393d696b4f519eb24b9884c548002dbbb80f4e5b31412e0911b02eb08f64fac,local-only/original-project
20260917-开发资料/source/market/dist/assets/pets/jyn/thumb/shy2/jyn-shy2-4_40.webp,58060,e1c1ee794048a75748a60ab4ca7135dbced6d32051c1262f89f710519d6842cb,local-only/original-project
20260917-开发资料/source/market/dist/assets/pets/jyn/thumb/shy2/jyn-shy2-50_40.webp,53146,e0bf5cd01810eb291064b0787a087768f7b790368fb9877a7441e1cd4d4e2641,local-only/original-project
20260917-开发资料/source/market/dist/assets/pets/jyn/thumb/shy2/jyn-shy2-51_40.webp,53630,02ff8f246d9ea6da687486dc044b1c89b13d53144f623a79433dbf1f7d02e9c2,local-only/original-project
20260917-开发资料/source/market/dist/assets/pets/jyn/thumb/shy2/jyn-shy2-52_40.webp,53572,f058534f0691209ef7c778655105deac2a0a0d3d55d6057cb81e1073231095af,local-only/original-project
20260917-开发资料/source/market/dist/assets/pets/jyn/thumb/shy2/jyn-shy2-53_40.webp,53526,7fca3350e5fe7083db08c72b04720a91a5d0f43f5ba775706e85e9e1a7ec0d4f,local-only/original-project
20260917-开发资料/source/market/dist/assets/pets/jyn/thumb/shy2/jyn-shy2-54_40.webp,53752,3f131103ccbbfd535cfd68333eaa9b1d6dcabfc807276a4f1d340383d9ea98c2,local-only/original-project
20260917-开发资料/source/market/dist/assets/pets/jyn/thumb/shy2/jyn-shy2-55_40.webp,54512,662767ef2074905ab387f166641d009a261da9a00e4c8210f5ae9ce1c3313a03,local-only/original-project
20260917-开发资料/source/market/dist/assets/pets/jyn/thumb/shy2/jyn-shy2-56_40.webp,55282,860ce18b3225323e8316366daf98dd5eb0aab55496a84b0d2444e465e6e5f793,local-only/original-project
20260917-开发资料/source/market/dist/assets/pets/jyn/thumb/shy2/jyn-shy2-57_40.webp,55898,a46e16cc7e3627d0221ae1eb8e3e2d059997bb3f66b8817fa6c822c1ecc33157,local-only/original-project
20260917-开发资料/source/market/dist/assets/pets/jyn/thumb/shy2/jyn-shy2-58_40.webp,55754,a5a7326bbb5850fc75169e31cd3c9710ff251e931eae816b36ab7ed0181f38e0,local-only/original-project
20260917-开发资料/source/market/dist/assets/pets/jyn/thumb/shy2/jyn-shy2-59_40.webp,55606,a99a1422997bb27b0ebd3160bb2e5997f9f44b06c09f6e12017ef0c41b1d7784,local-only/original-project
20260917-开发资料/source/market/dist/assets/pets/jyn/thumb/shy2/jyn-shy2-5_40.webp,58126,93bbbb3a025057da851254a68cf59406f2bd28ca93b50c1f83680f772ffddbf2,local-only/original-project
20260917-开发资料/source/market/dist/assets/pets/jyn/thumb/shy2/jyn-shy2-60_40.webp,55500,557302d084ada6679a107f649dc008ed9e5b4e213ac2f60d20ee3ed32c2495fd,local-only/original-project
20260917-开发资料/source/market/dist/assets/pets/jyn/thumb/shy2/jyn-shy2-61_40.webp,56732,39f75798f0215f4c682857227165fa3f2a92970fe43261dbd28444c1c9edd313,local-only/original-project
20260917-开发资料/source/market/dist/assets/pets/jyn/thumb/shy2/jyn-shy2-62_40.webp,57528,3f2a09cd2c47b7665a55820866c55f81f14d1995684865c92c393bb3f2bc9c28,local-only/original-project
20260917-开发资料/source/market/dist/assets/pets/jyn/thumb/shy2/jyn-shy2-63_40.webp,57682,08e496e27e612f96d409ce4cb9a077b50db73bea29ea7bda87243e016c5c6931,local-only/original-project
20260917-开发资料/source/market/dist/assets/pets/jyn/thumb/shy2/jyn-shy2-64_40.webp,57912,c9adfee2ba69132ee1e313e537dfb64bfeaca8aaeb6ff676475c2c8bc159353c,local-only/original-project
20260917-开发资料/source/market/dist/assets/pets/jyn/thumb/shy2/jyn-shy2-65_40.webp,58162,9aa96b217b03f9a44f24d43c7bfa3bed185b4c36c95b209e219ff6527de63a03,local-only/original-project
20260917-开发资料/source/market/dist/assets/pets/jyn/thumb/shy2/jyn-shy2-66_40.webp,58344,ff4004404c65879d40d5eb7ade1337dc3afca4a08278faa52e28ba01fa458735,local-only/original-project
20260917-开发资料/source/market/dist/assets/pets/jyn/thumb/shy2/jyn-shy2-67_40.webp,58684,c4ddf5d73cf16e2c36f7f784711122670282f76f8c75e74662ebab55955f71cf,local-only/original-project
20260917-开发资料/source/market/dist/assets/pets/jyn/thumb/shy2/jyn-shy2-68_40.webp,58658,5635b639449641c16588e17ae2d428efcbab37235c07a48bf0ee5acd20f8eb0b,local-only/original-project
20260917-开发资料/source/market/dist/assets/pets/jyn/thumb/shy2/jyn-shy2-69_40.webp,58820,2a3d9a10155f5bf6c0276f9dc6bc1c4e6f4fc9c4e029e868a44c42075641346b,local-only/original-project
20260917-开发资料/source/market/dist/assets/pets/jyn/thumb/shy2/jyn-shy2-6_40.webp,57976,88124e24c17f1f083fc83c9131eb22d70ac3ec6cfdafbecea06333dc466511f2,local-only/original-project
20260917-开发资料/source/market/dist/assets/pets/jyn/thumb/shy2/jyn-shy2-70_40.webp,58638,ffedf84c51f89cb40269fd68634e8fbd3863af8c8820e825f016e40778286228,local-only/original-project
20260917-开发资料/source/market/dist/assets/pets/jyn/thumb/shy2/jyn-shy2-71_40.webp,58730,6c402423a772daf94489dee654bc5f2762cdeb5b9e6f9f660fcafdd58d33610c,local-only/original-project
20260917-开发资料/source/market/dist/assets/pets/jyn/thumb/shy2/jyn-shy2-72_40.webp,58734,6fba8064aa50bd5984cd82ffcb813e3efcac7e4fe3ec4c4c4326754d19ce3c7c,local-only/original-project
20260917-开发资料/source/market/dist/assets/pets/jyn/thumb/shy2/jyn-shy2-73_40.webp,58690,7101eddd48a8394ede41173840484305f7998ce1abcc90c8840d17fd42019756,local-only/original-project
20260917-开发资料/source/market/dist/assets/pets/jyn/thumb/shy2/jyn-shy2-7_40.webp,58318,49666453c21d23e584d177d17dd26d8f945c62f336a4022cd7b6b228d8cb80b3,local-only/original-project
20260917-开发资料/source/market/dist/assets/pets/jyn/thumb/shy2/jyn-shy2-8_40.webp,57830,3877f42faf703592af6527b8d5aa8c011cf3e506d3786ebbf5846f1ccfeb101c,local-only/original-project
20260917-开发资料/source/market/dist/assets/pets/jyn/thumb/shy2/jyn-shy2-9_40.webp,58244,21abab91cf3cecb9463170227a0d1c6fcae98bc9d5c5dc360ff3bdd2d46a0c8b,local-only/original-project
20260917-开发资料/source/market/dist/assets/pets/jyn/thumb/shy3/jyn-shy3-10_40.webp,59372,2161383230ede39387a913acdb732cf19acaf424a4acb8abf2f9f5c58d06ddf3,local-only/original-project
20260917-开发资料/source/market/dist/assets/pets/jyn/thumb/shy3/jyn-shy3-11_40.webp,59302,a757135b237c2f13f6ace7d724d0826add7cc58a5bb6dac5c7796c93168ec9ba,local-only/original-project
20260917-开发资料/source/market/dist/assets/pets/jyn/thumb/shy3/jyn-shy3-12_40.webp,59438,368c2850d07ba16fd0b2232ea0aa55c61aef6d3cf93c611f2ea929f8c4398d4a,local-only/original-project
20260917-开发资料/source/market/dist/assets/pets/jyn/thumb/shy3/jyn-shy3-13_40.webp,59028,c281ad59a474f25d9d7f3f9374a3a031b852659892277efddf2cf0def1de3d37,local-only/original-project
20260917-开发资料/source/market/dist/assets/pets/jyn/thumb/shy3/jyn-shy3-14_40.webp,58868,3743f8b1d6fcb885ab3c07fb6986afc9159f13876de0379051679bdbedfe805a,local-only/original-project
20260917-开发资料/source/market/dist/assets/pets/jyn/thumb/shy3/jyn-shy3-15_40.webp,58608,aa2fce58dc167441ef02e8379b4bf65ecd3f4ecc708f18234831470d7170b71c,local-only/original-project
20260917-开发资料/source/market/dist/assets/pets/jyn/thumb/shy3/jyn-shy3-16_40.webp,58260,1828a3a6a26b57e13a5851f6d0ade40d166ebeb949a65ce06477de54ca9f78ee,local-only/original-project
20260917-开发资料/source/market/dist/assets/pets/jyn/thumb/shy3/jyn-shy3-17_40.webp,58704,25979ef7c9fabf103fed1165d92ca91c8c8f955d2ddfea5fdb8bcd621ec2cce5,local-only/original-project
20260917-开发资料/source/market/dist/assets/pets/jyn/thumb/shy3/jyn-shy3-18_40.webp,59672,77d716dde07a1e99b2bb0df7a98f6adfbdacf6abf4955ab4e44f49d5c11e993b,local-only/original-project
20260917-开发资料/source/market/dist/assets/pets/jyn/thumb/shy3/jyn-shy3-19_40.webp,58052,e3395352b3dfe1f95b1b7d955c950a511b5acb51d30a2f06b886a805ac6a30f2,local-only/original-project
20260917-开发资料/source/market/dist/assets/pets/jyn/thumb/shy3/jyn-shy3-1_40.webp,58120,5584b06802c6b2e994b944dea8e76f60d347b9762fcaf3af36209883643fa92f,local-only/original-project
20260917-开发资料/source/market/dist/assets/pets/jyn/thumb/shy3/jyn-shy3-20_40.webp,57956,745ab6791acd3036da5780c615436601a6e26e7aa27410540e583fc15a9d3304,local-only/original-project
20260917-开发资料/source/market/dist/assets/pets/jyn/thumb/shy3/jyn-shy3-21_40.webp,57590,36bcbfa3b11a18d2ee4b205e8c1d9a76dca1d8d7a00689e136a8571b09d9b015,local-only/original-project
20260917-开发资料/source/market/dist/assets/pets/jyn/thumb/shy3/jyn-shy3-22_40.webp,57552,c966f3fadf206d36d1aabb4940b1e782288cab54d94aa7949e64577601f3d345,local-only/original-project
20260917-开发资料/source/market/dist/assets/pets/jyn/thumb/shy3/jyn-shy3-23_40.webp,57110,15ce6e92ee5000064c94c14e98a624102dde71a7a898ab65693b21ba068d54fa,local-only/original-project
20260917-开发资料/source/market/dist/assets/pets/jyn/thumb/shy3/jyn-shy3-24_40.webp,57300,a4b35e258197a2d699f780ed4212f2dbe479aa9a9df7799c3430827595b15496,local-only/original-project
20260917-开发资料/source/market/dist/assets/pets/jyn/thumb/shy3/jyn-shy3-25_40.webp,56594,cf3849f16235a99d72bf64678eef2e73deed4a7ebf814810df5ebaea8852a69d,local-only/original-project
20260917-开发资料/source/market/dist/assets/pets/jyn/thumb/shy3/jyn-shy3-26_40.webp,56846,35d578043bf1991a44b4b57099333250c3c3f2803c8b49ae57516b1baa8aea05,local-only/original-project
20260917-开发资料/source/market/dist/assets/pets/jyn/thumb/shy3/jyn-shy3-27_40.webp,56334,1fe38b211f58de9a086cf36597b61d8d02c0963ed12ed99b728df778d7428eca,local-only/original-project
20260917-开发资料/source/market/dist/assets/pets/jyn/thumb/shy3/jyn-shy3-28_40.webp,56476,05b09d1265977c9de720ad70d048543c9c731df2202854b15bc64ead01ab72eb,local-only/original-project
20260917-开发资料/source/market/dist/assets/pets/jyn/thumb/shy3/jyn-shy3-29_40.webp,56516,22d3348602964fc8712277e863ed32334c21eea20d6f8b1d5f958b77992a08d0,local-only/original-project
20260917-开发资料/source/market/dist/assets/pets/jyn/thumb/shy3/jyn-shy3-2_40.webp,57870,99a296f6489e09a1110d0d88c82124104481ea891ed6dd7824c692619a5fba87,local-only/original-project
20260917-开发资料/source/market/dist/assets/pets/jyn/thumb/shy3/jyn-shy3-30_40.webp,56374,b8abb7086b081f9d5b7b9a578140099d676a5b9f53bc67b9d9694792df8890c1,local-only/original-project
20260917-开发资料/source/market/dist/assets/pets/jyn/thumb/shy3/jyn-shy3-31_40.webp,57268,5e0a79a658539fe5c505d881d2d277e8e1de34f59d96ae5511ed5a16f7054ecf,local-only/original-project
20260917-开发资料/source/market/dist/assets/pets/jyn/thumb/shy3/jyn-shy3-32_40.webp,57760,15ba4c581e8232bb883f3a42928345d28f8e92f39fb49df0f60721c408c51673,local-only/original-project
20260917-开发资料/source/market/dist/assets/pets/jyn/thumb/shy3/jyn-shy3-33_40.webp,57656,28cac9ee0c67d94ee369ac483f6a8f825a186f86c6634222a2978162fa1db1eb,local-only/original-project
20260917-开发资料/source/market/dist/assets/pets/jyn/thumb/shy3/jyn-shy3-34_40.webp,57780,abdde4547ba88eb4deef1a1f9e6f01f9c8b476d509cf458906aad7667d4ab7e7,local-only/original-project
20260917-开发资料/source/market/dist/assets/pets/jyn/thumb/shy3/jyn-shy3-35_40.webp,57990,c52606518d164c9f2194112040e90be418a1d2105adcb5b733b33bf130d2fb1d,local-only/original-project
20260917-开发资料/source/market/dist/assets/pets/jyn/thumb/shy3/jyn-shy3-36_40.webp,57986,dc5ccda0cf4181838f4c1f928a4d10c78d0e96ca79f58084b05c154f329f56bf,local-only/original-project
20260917-开发资料/source/market/dist/assets/pets/jyn/thumb/shy3/jyn-shy3-37_40.webp,57888,642342954a2b7676c19395e44bb0ac43646336a493e57fcd67fa9060a0b19461,local-only/original-project
20260917-开发资料/source/market/dist/assets/pets/jyn/thumb/shy3/jyn-shy3-38_40.webp,57370,25024cbdf4d33f28f11c650c96300c0273dbf196aca836c08cedc52f96e27a0d,local-only/original-project
20260917-开发资料/source/market/dist/assets/pets/jyn/thumb/shy3/jyn-shy3-39_40.webp,56930,8cab38d5fc60f2c488b1426475dde9539aef0c6f357885917528072f1f32a82d,local-only/original-project
20260917-开发资料/source/market/dist/assets/pets/jyn/thumb/shy3/jyn-shy3-3_40.webp,58032,0f6c158fae0752ece3143d1bc629f4ca22f72c727664f09fb4d96f23f9aad84c,local-only/original-project
20260917-开发资料/source/market/dist/assets/pets/jyn/thumb/shy3/jyn-shy3-40_40.webp,56946,4b59d993f3413a9986288fe2c4f508fd5f8a791f2a9417f2d00d1cad91580da4,local-only/original-project
20260917-开发资料/source/market/dist/assets/pets/jyn/thumb/shy3/jyn-shy3-41_40.webp,57188,94c356cc02f957d452fa4d6ad584d136ecc6fc7c0ebc083f3a34892c543d3fe7,local-only/original-project
20260917-开发资料/source/market/dist/assets/pets/jyn/thumb/shy3/jyn-shy3-42_40.webp,57106,cef19d07cec919c2098b91da2cf3ec6e8d750dd0904db84eb2236c20375f9561,local-only/original-project
20260917-开发资料/source/market/dist/assets/pets/jyn/thumb/shy3/jyn-shy3-43_40.webp,56594,6d1f9fb80fbf9cff0fbd7d82c21338626d31173bbed7c231fb00998e4334b43d,local-only/original-project
20260917-开发资料/source/market/dist/assets/pets/jyn/thumb/shy3/jyn-shy3-44_40.webp,56764,3f3294ea5afacb39038d60f82d032fdb519b1445fe7fc9e9690e6884dccc435d,local-only/original-project
20260917-开发资料/source/market/dist/assets/pets/jyn/thumb/shy3/jyn-shy3-45_40.webp,56870,812d2c26e16530aa8ec5e2c787269829d643c5893ac95b2e21e0c53aca6dc5e3,local-only/original-project
20260917-开发资料/source/market/dist/assets/pets/jyn/thumb/shy3/jyn-shy3-46_40.webp,57108,f3bc231581ff5290bc24c913b802f363b9e9fcb6eb0552219d4a590dc90a1308,local-only/original-project
20260917-开发资料/source/market/dist/assets/pets/jyn/thumb/shy3/jyn-shy3-47_40.webp,57344,3b908bfd7de2a8fa212346918a422d3c3703b5f8b191f1bb864c6eafa57ab18a,local-only/original-project
20260917-开发资料/source/market/dist/assets/pets/jyn/thumb/shy3/jyn-shy3-48_40.webp,57604,3f9eb5e469fa072e7d1fffc9786559921614a370a62d0660c6489f92bfdb1326,local-only/original-project
20260917-开发资料/source/market/dist/assets/pets/jyn/thumb/shy3/jyn-shy3-49_40.webp,57960,c63b9b149f13d02d522fb40c7a4d085d8717ba8ce0b590b6f535819110cc5d4a,local-only/original-project
20260917-开发资料/source/market/dist/assets/pets/jyn/thumb/shy3/jyn-shy3-4_40.webp,58102,6e5a798de99d81e481946485b5d64f185999e03039aafb008643934f8beb1c70,local-only/original-project
20260917-开发资料/source/market/dist/assets/pets/jyn/thumb/shy3/jyn-shy3-50_40.webp,57628,05606ee011e7384e202efb202a192d2bdd9f0686fa5bc7e729599b910344c69e,local-only/original-project
20260917-开发资料/source/market/dist/assets/pets/jyn/thumb/shy3/jyn-shy3-51_40.webp,57924,0046975631b38feafa8aed3d14aa25874de49ad7386214727bd0094ec62dbf10,local-only/original-project
20260917-开发资料/source/market/dist/assets/pets/jyn/thumb/shy3/jyn-shy3-52_40.webp,57842,793423e757736a1f26c94099fb1f4ebe1ed5333b4f83f5ec655164b2ab1f5142,local-only/original-project
20260917-开发资料/source/market/dist/assets/pets/jyn/thumb/shy3/jyn-shy3-53_40.webp,56918,d3ddb4d3ffe8ac17737e11f517bda4e0e468ccca38fbe6ad2a5dfbe211d6a60e,local-only/original-project
20260917-开发资料/source/market/dist/assets/pets/jyn/thumb/shy3/jyn-shy3-54_40.webp,57016,bb11530b411d71ff72c8ed05c6407045ea0ed3ff57e93b9d7fa9a35923e95aed,local-only/original-project
20260917-开发资料/source/market/dist/assets/pets/jyn/thumb/shy3/jyn-shy3-55_40.webp,57080,4bb74d25ae3e4018c0fcf964d3fb77206eb941e5fe777462ba2d5607eca7850c,local-only/original-project
20260917-开发资料/source/market/dist/assets/pets/jyn/thumb/shy3/jyn-shy3-56_40.webp,56882,64b976bf97e4eae4e7de1fd81a8d4570fb7a3b548bb2e3e2471cd301771a2f2c,local-only/original-project
20260917-开发资料/source/market/dist/assets/pets/jyn/thumb/shy3/jyn-shy3-57_40.webp,56306,6e01e6577a743e1ed5029205fb744115ca7d3c077bb857727493aa633102f9c6,local-only/original-project
20260917-开发资料/source/market/dist/assets/pets/jyn/thumb/shy3/jyn-shy3-58_40.webp,56464,bb8b69643d5de8bc129c2e71687b85d83befe0666c5fe6f6eae64ac69d7bf9a3,local-only/original-project
20260917-开发资料/source/market/dist/assets/pets/jyn/thumb/shy3/jyn-shy3-59_40.webp,57194,dea743e15624978916359099323e31888a77c2060a63e02243915f61be655299,local-only/original-project
20260917-开发资料/source/market/dist/assets/pets/jyn/thumb/shy3/jyn-shy3-5_40.webp,57660,ec6c26f6d434e8ebb43a6c7baa82834e3fdceac326f4608bdf22c931843972de,local-only/original-project
20260917-开发资料/source/market/dist/assets/pets/jyn/thumb/shy3/jyn-shy3-60_40.webp,57080,47f8fd0e53ae76259634aa81f82d344e73a0462c78e8ac180afc555c3e46eb62,local-only/original-project
20260917-开发资料/source/market/dist/assets/pets/jyn/thumb/shy3/jyn-shy3-61_40.webp,55462,5f5246c29b399871d92fa1415a1434043fd63f29d0affb08842327072e874583,local-only/original-project
20260917-开发资料/source/market/dist/assets/pets/jyn/thumb/shy3/jyn-shy3-62_40.webp,55346,d30ebd7d3d10b5ec5672c9dd8e2f2d31e3678df4d06c35f5e36fed53b8f67de9,local-only/original-project
20260917-开发资料/source/market/dist/assets/pets/jyn/thumb/shy3/jyn-shy3-63_40.webp,56878,e8e13e380b175c38907e8a6470a1e4c054a20c4c04797699f1ee5d68f5863e16,local-only/original-project
20260917-开发资料/source/market/dist/assets/pets/jyn/thumb/shy3/jyn-shy3-64_40.webp,56878,4fbc8d28561ed686ba993bcc9d207bb51aff1018e3ffdca23283344ca58fe542,local-only/original-project
20260917-开发资料/source/market/dist/assets/pets/jyn/thumb/shy3/jyn-shy3-65_40.webp,56784,7938cab910a00c56767f8f168ff07438f9d3277c59b68007f55c2db6be39ec2c,local-only/original-project
20260917-开发资料/source/market/dist/assets/pets/jyn/thumb/shy3/jyn-shy3-66_40.webp,57044,587fc1762b08cc320c23ffdef173e2533a9ed2008f9db341dd10fd90d0015fcc,local-only/original-project
20260917-开发资料/source/market/dist/assets/pets/jyn/thumb/shy3/jyn-shy3-67_40.webp,58444,8be22cab0c2145641e5f2dd39db1864db27693152df0f7b271870233aa9c064f,local-only/original-project
20260917-开发资料/source/market/dist/assets/pets/jyn/thumb/shy3/jyn-shy3-68_40.webp,57920,ef85bf8a7bbb75054235af0ee531fbd0bd35ff886c8522c5ea20437c7ecfe72c,local-only/original-project
20260917-开发资料/source/market/dist/assets/pets/jyn/thumb/shy3/jyn-shy3-69_40.webp,58788,e2197fa2549a6d5d9b36b08aebb7a6d95f89822cca50d50a9e77f4f67ed1690e,local-only/original-project
20260917-开发资料/source/market/dist/assets/pets/jyn/thumb/shy3/jyn-shy3-6_40.webp,58050,ced16436a625c7771e693a2cb312cb88e0d47f4421b45f69197b23b6766fcb3f,local-only/original-project
20260917-开发资料/source/market/dist/assets/pets/jyn/thumb/shy3/jyn-shy3-70_40.webp,58790,3a97997c51186e88d403af9dee1fc14d767a40896a34b93795e129256656c1c5,local-only/original-project
20260917-开发资料/source/market/dist/assets/pets/jyn/thumb/shy3/jyn-shy3-71_40.webp,59240,a2b7d556fc39d56a469c76f8270c7d514e053f981f60ce385fc2cc50d9dcacbd,local-only/original-project
20260917-开发资料/source/market/dist/assets/pets/jyn/thumb/shy3/jyn-shy3-72_40.webp,58962,fb174d82bd5b20ad6c66dcd90681dd6e9ab46800d1c09938f3ea46d67c0f1f5b,local-only/original-project
20260917-开发资料/source/market/dist/assets/pets/jyn/thumb/shy3/jyn-shy3-73_40.webp,59054,356bbe30c8d1f08fe219cd2d238ce095c60d1e2c41b2cf84646611a0fc2c576b,local-only/original-project
20260917-开发资料/source/market/dist/assets/pets/jyn/thumb/shy3/jyn-shy3-7_40.webp,58534,68cf06e31e2357ecf4d2d30364efc1bae63815e55c626d48e984acc3ce99593b,local-only/original-project
20260917-开发资料/source/market/dist/assets/pets/jyn/thumb/shy3/jyn-shy3-8_40.webp,58240,ce3d2d02eb14c673740787449ce068acd489bf94a0d8edeec1593dbc34a24ae8,local-only/original-project
20260917-开发资料/source/market/dist/assets/pets/jyn/thumb/shy3/jyn-shy3-9_40.webp,58850,61ad83a8df86e2d1a8dd3c0651ca1eab7283246b6b1ad713a4e582490f7e5aa2,local-only/original-project
20260917-开发资料/source/market/dist/assets/pets/jyn/thumb/sleep/jyn-sleep-10_40.webp,92222,aea7e2671120c0a4c15ef5d27235087ec0f16639bd99657941c3a66fecac3e68,local-only/original-project
20260917-开发资料/source/market/dist/assets/pets/jyn/thumb/sleep/jyn-sleep-11_40.webp,91996,0e6cd9b12e1bf5fd8183fff67a52244dd8b7e7439a67c1288176257f24d799d0,local-only/original-project
20260917-开发资料/source/market/dist/assets/pets/jyn/thumb/sleep/jyn-sleep-12_40.webp,92160,0a1a870f5926d4a4beba5ee36abd431097b17e557476a4d51902dbd3897afe56,local-only/original-project
20260917-开发资料/source/market/dist/assets/pets/jyn/thumb/sleep/jyn-sleep-13_40.webp,91456,11d4d5a1310ecc9fadc7f28117bde8038881a3bde80d4a9b030728188eaa1b1c,local-only/original-project
20260917-开发资料/source/market/dist/assets/pets/jyn/thumb/sleep/jyn-sleep-14_40.webp,91998,78cfd0e8e11732ab96444204991ea656fc2b437adb09875304c8ed1426f2aef8,local-only/original-project
20260917-开发资料/source/market/dist/assets/pets/jyn/thumb/sleep/jyn-sleep-15_40.webp,91972,5833747819aa9838a23df6e66fe89719b9653642017610c56bc3829707868327,local-only/original-project
20260917-开发资料/source/market/dist/assets/pets/jyn/thumb/sleep/jyn-sleep-16_40.webp,92706,582cddffef1607f5cbda5ffa5d25e4b460d2b2d8e58491141b1ab63710735bad,local-only/original-project
20260917-开发资料/source/market/dist/assets/pets/jyn/thumb/sleep/jyn-sleep-17_40.webp,92958,9da79ab1bb9b0ca506192930ca4926e72ec4a4015fe49979d1f63a077ea2b456,local-only/original-project
20260917-开发资料/source/market/dist/assets/pets/jyn/thumb/sleep/jyn-sleep-18_40.webp,93570,357c436f691bec6d9bce1d6d5cf34433c42f97f6d65f06e09f47d4e4d3a1d8c9,local-only/original-project
20260917-开发资料/source/market/dist/assets/pets/jyn/thumb/sleep/jyn-sleep-19_40.webp,92516,df3c755d32f339fd03674207eb50d478317f3fe7d1a7a4bdc9ff5b90659e459c,local-only/original-project
20260917-开发资料/source/market/dist/assets/pets/jyn/thumb/sleep/jyn-sleep-1_40.webp,92492,e55415888409f43177e6fa044e83f6b3656d6792cb24ccf19cc2418b73b00295,local-only/original-project
20260917-开发资料/source/market/dist/assets/pets/jyn/thumb/sleep/jyn-sleep-20_40.webp,92100,17445df6c72fa92c15f403c7412bc3a5b5cae800f895504745b7454d80eb673c,local-only/original-project
20260917-开发资料/source/market/dist/assets/pets/jyn/thumb/sleep/jyn-sleep-21_40.webp,92654,49b942e70db0331c9e588b93d0ee9d97d6497dd898402e3630bc7f49d69ec585,local-only/original-project
20260917-开发资料/source/market/dist/assets/pets/jyn/thumb/sleep/jyn-sleep-22_40.webp,92514,0a537a27eb7e8ebad700864c99adc85ce93dedf7761a2bcd5a7685dce720b9bf,local-only/original-project
20260917-开发资料/source/market/dist/assets/pets/jyn/thumb/sleep/jyn-sleep-23_40.webp,92748,74859548bf4499d9386719ab9f71dac7dba2815f468990ed98eacb3105a2b4a8,local-only/original-project
20260917-开发资料/source/market/dist/assets/pets/jyn/thumb/sleep/jyn-sleep-24_40.webp,93334,4f18a1586414c79990324a411ad6aafcfb94aee266c4d8d841ae9f3b5f3170ff,local-only/original-project
20260917-开发资料/source/market/dist/assets/pets/jyn/thumb/sleep/jyn-sleep-25_40.webp,92936,a37e876633a1551fee3f603636f315f2a84e5840f86f5401b49b7f606a8deb8e,local-only/original-project
20260917-开发资料/source/market/dist/assets/pets/jyn/thumb/sleep/jyn-sleep-26_40.webp,92736,f81a77c47cef334ef3b6d30963adcbcbc0021e2735f18878a9a001f7b6834c7e,local-only/original-project
20260917-开发资料/source/market/dist/assets/pets/jyn/thumb/sleep/jyn-sleep-27_40.webp,91722,18104be87850309c8f389b344c7c4b771d00e572be05032c0204a5d5e701e552,local-only/original-project
20260917-开发资料/source/market/dist/assets/pets/jyn/thumb/sleep/jyn-sleep-28_40.webp,92022,e9e1e270cedba801b03e40164029dcd3f2cdca64c721c630c355697dbfa590bd,local-only/original-project
20260917-开发资料/source/market/dist/assets/pets/jyn/thumb/sleep/jyn-sleep-29_40.webp,92456,db4b230df49e28ec4d3b0d91cc078804105ba28e8ae9e499e76e8f32b042774e,local-only/original-project
20260917-开发资料/source/market/dist/assets/pets/jyn/thumb/sleep/jyn-sleep-2_40.webp,92444,0d1d5c7b2715b268fb95a6dda0e3a23b7444056c8bdc30f19cf07bd8a1b7ede7,local-only/original-project
20260917-开发资料/source/market/dist/assets/pets/jyn/thumb/sleep/jyn-sleep-30_40.webp,92414,96e19c9a9fedfbc4bbc59bf9aea370209a425a310af03f606c0152421c118475,local-only/original-project
20260917-开发资料/source/market/dist/assets/pets/jyn/thumb/sleep/jyn-sleep-31_40.webp,92302,d7d6c63b6e349c4f51b487bc70f9f7856c49876de7a2e0d9f60c42231a75fb76,local-only/original-project
20260917-开发资料/source/market/dist/assets/pets/jyn/thumb/sleep/jyn-sleep-32_40.webp,93022,29f465785e2ff9ba324997fb2e7f2b349f3ee8aad34e8c11a1d4bb34884e7f33,local-only/original-project
20260917-开发资料/source/market/dist/assets/pets/jyn/thumb/sleep/jyn-sleep-33_40.webp,92830,678a3f52df9ca53288e92a3f6c44d77dbb79b59b3f35e7411230d3c434d4fa51,local-only/original-project
20260917-开发资料/source/market/dist/assets/pets/jyn/thumb/sleep/jyn-sleep-34_40.webp,92624,b6202bcacdcd0b1edad9c262227f1312d83095c7169c7d2a55d1ae25e2a50ad8,local-only/original-project
20260917-开发资料/source/market/dist/assets/pets/jyn/thumb/sleep/jyn-sleep-35_40.webp,93620,aec6b57e5984894db780b7efc7599597d59d76a7208d1804a8070546c3901581,local-only/original-project
20260917-开发资料/source/market/dist/assets/pets/jyn/thumb/sleep/jyn-sleep-36_40.webp,92340,62b9c31c300b0b1d1e74c9415fa15e068f3e022f777a2a96554b14a580accb32,local-only/original-project
20260917-开发资料/source/market/dist/assets/pets/jyn/thumb/sleep/jyn-sleep-37_40.webp,92782,89bf428df8e6fa38fa52fc13f4c91c004b251abf4ce4b115f1a1ceb6d55864d5,local-only/original-project
20260917-开发资料/source/market/dist/assets/pets/jyn/thumb/sleep/jyn-sleep-38_40.webp,92716,43189d9ca8f56d6360e45e4296a6a1455e98046a96c24383941c467dd0ffd89e,local-only/original-project
20260917-开发资料/source/market/dist/assets/pets/jyn/thumb/sleep/jyn-sleep-39_40.webp,92768,be424f4ff86f85c5f4a2ebf064b0a18ec69bf1cb8fac841ab3f39cb8336b7d58,local-only/original-project
20260917-开发资料/source/market/dist/assets/pets/jyn/thumb/sleep/jyn-sleep-3_40.webp,92706,a9846552822c4a7d66cc39bc624459ff6af92a50aa44aef05ab1bc07f90af17e,local-only/original-project
20260917-开发资料/source/market/dist/assets/pets/jyn/thumb/sleep/jyn-sleep-40_40.webp,92688,5db4499c3d24888301fcec99b2c2fe7c1e04699904cc0c476174525415d5bfe7,local-only/original-project
20260917-开发资料/source/market/dist/assets/pets/jyn/thumb/sleep/jyn-sleep-41_40.webp,93120,a9ebc18b3e8cae71fa1fbfd39d5169c98233ac098737a15124df93bf59a89c32,local-only/original-project
20260917-开发资料/source/market/dist/assets/pets/jyn/thumb/sleep/jyn-sleep-42_40.webp,92410,dc62700ea46c4f4b31b349fa1c365cea30db39aeaacb2a5aab98a066bd434c82,local-only/original-project
20260917-开发资料/source/market/dist/assets/pets/jyn/thumb/sleep/jyn-sleep-43_40.webp,92632,dcdd48a2a7e51369a4fe007b38d2853b9dedd7f9c81e4ccecb672945fe19b4dd,local-only/original-project
20260917-开发资料/source/market/dist/assets/pets/jyn/thumb/sleep/jyn-sleep-44_40.webp,92378,7d207eb6b9492b39a6c94feea0d02a7031ed60127b45ea4edc4fdc33af02ff08,local-only/original-project
20260917-开发资料/source/market/dist/assets/pets/jyn/thumb/sleep/jyn-sleep-45_40.webp,92574,e09a8eb6a3cd213ddccdd4802c3e1c0cd7c2b63075c361d55a0e946c1873a65e,local-only/original-project
20260917-开发资料/source/market/dist/assets/pets/jyn/thumb/sleep/jyn-sleep-46_40.webp,92880,4d507424d4698b9a093f33f3256bde5e845d2b6869b3027f49bf49bea0a016ea,local-only/original-project
20260917-开发资料/source/market/dist/assets/pets/jyn/thumb/sleep/jyn-sleep-47_40.webp,93100,cf004246db699e0697e5015a58634b06fee54944cf8bc4529d037508276c974b,local-only/original-project
20260917-开发资料/source/market/dist/assets/pets/jyn/thumb/sleep/jyn-sleep-48_40.webp,92696,6f540413f9da6ddea4ef4855777a937b2f3b3ac70246e86e2562064493750212,local-only/original-project
20260917-开发资料/source/market/dist/assets/pets/jyn/thumb/sleep/jyn-sleep-49_40.webp,91926,986675def7ee859381deb7a2bd6af73886f774c22796952b5e9a6450eebaab77,local-only/original-project
20260917-开发资料/source/market/dist/assets/pets/jyn/thumb/sleep/jyn-sleep-4_40.webp,92916,f7fcb10c3ecc4ec75aa5352736031c895211955c9bd80f8d61e9cc029087fd02,local-only/original-project
20260917-开发资料/source/market/dist/assets/pets/jyn/thumb/sleep/jyn-sleep-50_40.webp,92408,0729923909f1274a629decb0b618c714d5be938416bc4ac447227dc0eb9f3b77,local-only/original-project
20260917-开发资料/source/market/dist/assets/pets/jyn/thumb/sleep/jyn-sleep-51_40.webp,91960,7a1ffcb1e436455c02f24ce02e294f73bb22cc9f17be8c43df09851f0d1b56c4,local-only/original-project
20260917-开发资料/source/market/dist/assets/pets/jyn/thumb/sleep/jyn-sleep-5_40.webp,92662,e9c68e97c19c8b2c650b3db1806dd9ef2f2baa5d251d045d510bc9f1eea7038a,local-only/original-project
20260917-开发资料/source/market/dist/assets/pets/jyn/thumb/sleep/jyn-sleep-6_40.webp,92186,9e947149ca14f0d97ca05090faca430c6ba6289258a6e17df56ad1236817ad7f,local-only/original-project
20260917-开发资料/source/market/dist/assets/pets/jyn/thumb/sleep/jyn-sleep-7_40.webp,92816,71e010bbb3141cf5c54b5e7c3543a761f894ed076b52fffa45c018637834faa3,local-only/original-project
20260917-开发资料/source/market/dist/assets/pets/jyn/thumb/sleep/jyn-sleep-8_40.webp,92700,8df63b52ce9edeb9bc088b9e45c05edfff26d9f239bc130d93ff00f0796b60fd,local-only/original-project
20260917-开发资料/source/market/dist/assets/pets/jyn/thumb/sleep/jyn-sleep-9_40.webp,92368,108bdbaa9beec77db5c860380f5b8dd3b2707e21c4c856d892b33a304d887d99,local-only/original-project
20260917-开发资料/source/market/dist/assets/pets/jyn/thumb/sleeping/jyn-sleeping-10_40.webp,92852,89dcb27864f085867b4ba3b60036fddf060734f6af41bdee7b36ebfe1c979bd0,local-only/original-project
20260917-开发资料/source/market/dist/assets/pets/jyn/thumb/sleeping/jyn-sleeping-11_40.webp,92754,f63311523c2b43c062a4517e46223b82c7659bc53e4f48ed461302278e08d585,local-only/original-project
20260917-开发资料/source/market/dist/assets/pets/jyn/thumb/sleeping/jyn-sleeping-12_40.webp,92634,a8d79fa3e779cacbf18e2ea9e393491b43bd4443d1729a787a40e61b2ec80012,local-only/original-project
20260917-开发资料/source/market/dist/assets/pets/jyn/thumb/sleeping/jyn-sleeping-13_40.webp,92696,e87e5ee7cd904f41402df16cfcad49b3e3e1d601ef522703d6aa38ec32f269d4,local-only/original-project
20260917-开发资料/source/market/dist/assets/pets/jyn/thumb/sleeping/jyn-sleeping-14_40.webp,92562,6eb9bb5b451c9c2d00e3aa86b4104b038eb7a49cc192b76b880223fe43958dcc,local-only/original-project
20260917-开发资料/source/market/dist/assets/pets/jyn/thumb/sleeping/jyn-sleeping-15_40.webp,92470,fd2f7c32a0f6c7d4a78568985ee07f8f3fd943b3b662150ca7b67d3623fbf1a3,local-only/original-project
20260917-开发资料/source/market/dist/assets/pets/jyn/thumb/sleeping/jyn-sleeping-16_40.webp,91448,6e7682199edc2898960b8db3135baef1fd0ef402aa0be19915ea57778c3c501e,local-only/original-project
20260917-开发资料/source/market/dist/assets/pets/jyn/thumb/sleeping/jyn-sleeping-17_40.webp,91352,060352b0461723ee6b784a67453900b5653bd10ca8bdaf542b83080e358118c0,local-only/original-project
20260917-开发资料/source/market/dist/assets/pets/jyn/thumb/sleeping/jyn-sleeping-18_40.webp,91908,e503dab27cc7562a26b1dd7d36deb85d2423662910cfb21d258a8e0273673f5a,local-only/original-project
20260917-开发资料/source/market/dist/assets/pets/jyn/thumb/sleeping/jyn-sleeping-19_40.webp,90982,9ba7e986899f5cc5972cac5b8e90a4ea427ebb36a57305e59ddb33c88de218f4,local-only/original-project
20260917-开发资料/source/market/dist/assets/pets/jyn/thumb/sleeping/jyn-sleeping-1_40.webp,92768,0ba635cd09aa4a504620def27e98236f9ea3cd020c71153f0268d479c2d0d405,local-only/original-project
20260917-开发资料/source/market/dist/assets/pets/jyn/thumb/sleeping/jyn-sleeping-20_40.webp,91676,5d99d79e2e3bb669a8347bd613a80198678985535e3f1f620f5c40438408dc6a,local-only/original-project
20260917-开发资料/source/market/dist/assets/pets/jyn/thumb/sleeping/jyn-sleeping-21_40.webp,92536,6edfac23c04ea337da36c24fec9f4594b07e8ba846f75e1c612701ab6aac7c91,local-only/original-project
20260917-开发资料/source/market/dist/assets/pets/jyn/thumb/sleeping/jyn-sleeping-22_40.webp,92542,33a52ec89d5e2478ba1102764cab8bad9ab59944914dfaa41e04c446e29271cf,local-only/original-project
20260917-开发资料/source/market/dist/assets/pets/jyn/thumb/sleeping/jyn-sleeping-23_40.webp,92218,25c1cb8a848740b4d6e4b5f04cbb5138b14e3e9040bc6fdf760496f55d3b0722,local-only/original-project
20260917-开发资料/source/market/dist/assets/pets/jyn/thumb/sleeping/jyn-sleeping-24_40.webp,93220,15dcf42d62463d09e72b5fbe145dba78ee337334b9fd40792e03a45257c66a74,local-only/original-project
20260917-开发资料/source/market/dist/assets/pets/jyn/thumb/sleeping/jyn-sleeping-25_40.webp,92388,5507fd71a9f40f6f4dc990e2da5f2e9c40d533b4e6a686052deac3636d6fe63b,local-only/original-project
20260917-开发资料/source/market/dist/assets/pets/jyn/thumb/sleeping/jyn-sleeping-26_40.webp,92570,eaca76965b8aeb40b34ad49e82a7e1a0dd3dcf5a54d4eef89505f20aa0b6f5b8,local-only/original-project
20260917-开发资料/source/market/dist/assets/pets/jyn/thumb/sleeping/jyn-sleeping-27_40.webp,92592,b2f60640897d5b2126017e90585d851020507a2f1ce0c0afa59b5cd0e9e02d51,local-only/original-project
20260917-开发资料/source/market/dist/assets/pets/jyn/thumb/sleeping/jyn-sleeping-28_40.webp,92558,9f10aa05b20fb8a21382533611bcbeecc12540cf9615e6fd939ce0c44cc4d3fd,local-only/original-project
20260917-开发资料/source/market/dist/assets/pets/jyn/thumb/sleeping/jyn-sleeping-29_40.webp,92878,e587b39f4bacb91e2eb466b6ecbad5dcc2391ebf1fe26ec663b08aa4f988f681,local-only/original-project
20260917-开发资料/source/market/dist/assets/pets/jyn/thumb/sleeping/jyn-sleeping-2_40.webp,92732,96c45ef37edcfdc0b0ba998666c3356d78d47cc6fd7597c0622e634762eebe98,local-only/original-project
20260917-开发资料/source/market/dist/assets/pets/jyn/thumb/sleeping/jyn-sleeping-30_40.webp,92460,b27b351f8e25d1aa0338f4f039575658e58f4ee8745338ceff088220ae38f321,local-only/original-project
20260917-开发资料/source/market/dist/assets/pets/jyn/thumb/sleeping/jyn-sleeping-31_40.webp,93166,e72e689663284c4ad8faf4b30d153cdf6c7600d703254ef27b1286a40f4fc933,local-only/original-project
20260917-开发资料/source/market/dist/assets/pets/jyn/thumb/sleeping/jyn-sleeping-32_40.webp,92858,ca2dc72703632b45dd572a67db9e86a329604ea26acb3c2c20f8ebdff2bc8464,local-only/original-project
20260917-开发资料/source/market/dist/assets/pets/jyn/thumb/sleeping/jyn-sleeping-33_40.webp,92002,66161efa1972fcd4d0e61d9357d8da069ac03f7f336f17d9fed6756021dacb21,local-only/original-project
20260917-开发资料/source/market/dist/assets/pets/jyn/thumb/sleeping/jyn-sleeping-34_40.webp,92952,c8edfb8a7283b1b599f4532f4552a23c9d28b91d939d715089c6c049265d89af,local-only/original-project
20260917-开发资料/source/market/dist/assets/pets/jyn/thumb/sleeping/jyn-sleeping-35_40.webp,93252,e2e9b948a4fe5954a0e304f7709e6c49c9cceaf50bc16816a46c056efd00321d,local-only/original-project
20260917-开发资料/source/market/dist/assets/pets/jyn/thumb/sleeping/jyn-sleeping-36_40.webp,93350,bde01e5dcf16673783f167732935602503d78e734c8d1f12581ccb2176a09994,local-only/original-project
20260917-开发资料/source/market/dist/assets/pets/jyn/thumb/sleeping/jyn-sleeping-37_40.webp,92766,b06a5f7552bce40a2aac283e28b071be8e8ff32319eded20dbfd093316a1c790,local-only/original-project
20260917-开发资料/source/market/dist/assets/pets/jyn/thumb/sleeping/jyn-sleeping-38_40.webp,92724,1783ee45c9026cccfcdb360ef185e4a83b61fe220886f07bfe5324fe40e72164,local-only/original-project
20260917-开发资料/source/market/dist/assets/pets/jyn/thumb/sleeping/jyn-sleeping-39_40.webp,93518,c5aa27b2f732c893069b1a5409f5dbae1f87e7d85739ae4823732d0239a0d36c,local-only/original-project
20260917-开发资料/source/market/dist/assets/pets/jyn/thumb/sleeping/jyn-sleeping-3_40.webp,92836,b381de0b6f0d7ee1e2191a7ecb072271be2fe70e2586866dc8e007c813cbbe3c,local-only/original-project
20260917-开发资料/source/market/dist/assets/pets/jyn/thumb/sleeping/jyn-sleeping-40_40.webp,93814,37fe9d173dc4033131211a1a9321ab0408590aefe7f80927597b0f56774c7e4b,local-only/original-project
20260917-开发资料/source/market/dist/assets/pets/jyn/thumb/sleeping/jyn-sleeping-41_40.webp,93894,c3eac6ab48c02d6f0a11c3880d000780359fcfb4afd6f687a9322ab9029b994f,local-only/original-project
20260917-开发资料/source/market/dist/assets/pets/jyn/thumb/sleeping/jyn-sleeping-42_40.webp,95682,517295ce6145591de083cab3ae41aea3445ef91e00b9341557506e084cd31f94,local-only/original-project
20260917-开发资料/source/market/dist/assets/pets/jyn/thumb/sleeping/jyn-sleeping-43_40.webp,97890,bfc85c22dd82edf1b3ccbd9e46a7cc3aeda8e1e1eae0d168c72ac6a68404525a,local-only/original-project
20260917-开发资料/source/market/dist/assets/pets/jyn/thumb/sleeping/jyn-sleeping-44_40.webp,97082,e89ea4f8abb76bfbabc1a48f0ec24e2323c011150ab7ed75888853bf264e3415,local-only/original-project
20260917-开发资料/source/market/dist/assets/pets/jyn/thumb/sleeping/jyn-sleeping-45_40.webp,97128,8eb25595c8aea9430b68466331a33a931fa0edb11718cc75a43a4b7b10e6edcd,local-only/original-project
20260917-开发资料/source/market/dist/assets/pets/jyn/thumb/sleeping/jyn-sleeping-46_40.webp,95064,1380248ba19c0859ed45d625547092cb436096c24e7dfb26d0650d0bee831299,local-only/original-project
20260917-开发资料/source/market/dist/assets/pets/jyn/thumb/sleeping/jyn-sleeping-47_40.webp,94532,6983efdcae245a29bf3df040fbaeec0a51f89d9cb7b9d5755891b3b79a276cfd,local-only/original-project
20260917-开发资料/source/market/dist/assets/pets/jyn/thumb/sleeping/jyn-sleeping-48_40.webp,93080,2a792bb7a0a603e73034553389e29fabafcb799fb826f729b813e19073217d69,local-only/original-project
20260917-开发资料/source/market/dist/assets/pets/jyn/thumb/sleeping/jyn-sleeping-49_40.webp,93152,e27877109bbbe1a71b3702c8801d901ee8a03a35bc11da9ddf3740fe61ed81ad,local-only/original-project
20260917-开发资料/source/market/dist/assets/pets/jyn/thumb/sleeping/jyn-sleeping-4_40.webp,92234,9ca7783abe9c4426995e3e7d08015970612a53b2fca397b061a1d56b364917c5,local-only/original-project
20260917-开发资料/source/market/dist/assets/pets/jyn/thumb/sleeping/jyn-sleeping-50_40.webp,92078,58ae3b2d96145f0088f0c1cb6c1bbd98739cad0686a516ae1854787741de80ac,local-only/original-project
20260917-开发资料/source/market/dist/assets/pets/jyn/thumb/sleeping/jyn-sleeping-51_40.webp,92448,f46f0180eee9f4c82bbdab543aaac6b712fd2fc1c9043797f41bc1865e8c2580,local-only/original-project
20260917-开发资料/source/market/dist/assets/pets/jyn/thumb/sleeping/jyn-sleeping-52_40.webp,92170,b740d78f7bf721da78ec4ad24c65773fd682642751c5d7942add3a1a871b0b09,local-only/original-project
20260917-开发资料/source/market/dist/assets/pets/jyn/thumb/sleeping/jyn-sleeping-53_40.webp,92368,e1653e7ee734a6079410612465dcfc9c9c40dffb824dcefe23d4ce9e8a4c9f96,local-only/original-project
20260917-开发资料/source/market/dist/assets/pets/jyn/thumb/sleeping/jyn-sleeping-54_40.webp,92446,0769e9a23121e793365f793b8a3eaab9bfa5329dccecf76bc264e1b68822750d,local-only/original-project
20260917-开发资料/source/market/dist/assets/pets/jyn/thumb/sleeping/jyn-sleeping-55_40.webp,92488,fb7556a25afb80f887d72b69e8827058ba6d709556257f38e8d648a4fe677f8e,local-only/original-project
20260917-开发资料/source/market/dist/assets/pets/jyn/thumb/sleeping/jyn-sleeping-56_40.webp,91636,db8ba5c8a59f7f0fc0c2eaa4daaea756c93c150cb503a3adc9d7a3f5b7f9b9d9,local-only/original-project
20260917-开发资料/source/market/dist/assets/pets/jyn/thumb/sleeping/jyn-sleeping-57_40.webp,92940,e074514c2bb60d4426a2fdeef39322ee25e45f2417574d2567a659ec00d63d5c,local-only/original-project
20260917-开发资料/source/market/dist/assets/pets/jyn/thumb/sleeping/jyn-sleeping-58_40.webp,92400,7d0134cf60de100de59b8dff25099a3e68bf20bb88342eff063ab83e9a41d8c0,local-only/original-project
20260917-开发资料/source/market/dist/assets/pets/jyn/thumb/sleeping/jyn-sleeping-59_40.webp,92930,555b4b144bffe4b74222d143866fec8aa04d2311124e49ed4a68d6e9037ad40f,local-only/original-project
20260917-开发资料/source/market/dist/assets/pets/jyn/thumb/sleeping/jyn-sleeping-5_40.webp,92418,74acfc31cc7b1e6f538cb32237def13aa828c6ada2467203bc8e1f030e25f3b0,local-only/original-project
20260917-开发资料/source/market/dist/assets/pets/jyn/thumb/sleeping/jyn-sleeping-60_40.webp,92514,ef66d48d064bddc6c55d337aeff72f2c63e788fba26277598c1045d415e18e64,local-only/original-project
20260917-开发资料/source/market/dist/assets/pets/jyn/thumb/sleeping/jyn-sleeping-61_40.webp,92430,d55f7be150b86f1e4ad405e86788e5b02135dc183b3053799af307c1916373e3,local-only/original-project
20260917-开发资料/source/market/dist/assets/pets/jyn/thumb/sleeping/jyn-sleeping-62_40.webp,92362,a2a5e9c306d10aa110bf126e20f5359586b68ca17f80520b8959544be856bedf,local-only/original-project
20260917-开发资料/source/market/dist/assets/pets/jyn/thumb/sleeping/jyn-sleeping-63_40.webp,92140,150f9b4be02a0255d40c2d7d086655fc19c12f1dda3cde21c9846731314f2477,local-only/original-project
20260917-开发资料/source/market/dist/assets/pets/jyn/thumb/sleeping/jyn-sleeping-64_40.webp,91884,18dcd58f791adc2eb0ae98492706cd37dacadbafda358cb325b88a530c6e1312,local-only/original-project
20260917-开发资料/source/market/dist/assets/pets/jyn/thumb/sleeping/jyn-sleeping-65_40.webp,92402,03c38b67b8252cc2b07f24e2c545b25cad8fc35c2efed25ee69a843d2f1baae7,local-only/original-project
20260917-开发资料/source/market/dist/assets/pets/jyn/thumb/sleeping/jyn-sleeping-66_40.webp,91834,a7ccb22b7ea129dc57b1b58a5239d555387f863f0c260f6a0c67d42c65e9d589,local-only/original-project
20260917-开发资料/source/market/dist/assets/pets/jyn/thumb/sleeping/jyn-sleeping-67_40.webp,92820,ba9a42962296af9755ac8d91fc902374a5fd30e67eb20f5b42a2fe8ad766f746,local-only/original-project
20260917-开发资料/source/market/dist/assets/pets/jyn/thumb/sleeping/jyn-sleeping-68_40.webp,93298,48c0a052c149cbdab0f6e2c517c0c38028e8558924a4305c99de08e39cf2c144,local-only/original-project
20260917-开发资料/source/market/dist/assets/pets/jyn/thumb/sleeping/jyn-sleeping-69_40.webp,93498,6e338f52cbb06e6feabfd79acdecec3e4c6540d2eb83772085d4cf16524e592b,local-only/original-project
20260917-开发资料/source/market/dist/assets/pets/jyn/thumb/sleeping/jyn-sleeping-6_40.webp,92268,0fa76c42e53be992171a95161999ee16a2d3139c61df99594faf2ad58a416464,local-only/original-project
20260917-开发资料/source/market/dist/assets/pets/jyn/thumb/sleeping/jyn-sleeping-70_40.webp,93110,c3ab876e1ed05e2677fcb5c6308747a00f9beb622d8c83f78ff21dd8a7100956,local-only/original-project
20260917-开发资料/source/market/dist/assets/pets/jyn/thumb/sleeping/jyn-sleeping-71_40.webp,93616,1ae8fccaab58b9891a53c592db7189b55709d6ead60d396cba859d85bab6a19e,local-only/original-project
20260917-开发资料/source/market/dist/assets/pets/jyn/thumb/sleeping/jyn-sleeping-72_40.webp,93788,e3ecc55df2a6f70e6da50a144e4b03991e76b67f5765182c7ed67e1cbcc8b903,local-only/original-project
20260917-开发资料/source/market/dist/assets/pets/jyn/thumb/sleeping/jyn-sleeping-73_40.webp,93744,c246f43001751f7b1a9610ad440e820ecef00bf8a80c7da1a5bd675c68ff7279,local-only/original-project
20260917-开发资料/source/market/dist/assets/pets/jyn/thumb/sleeping/jyn-sleeping-74_40.webp,93520,73dfe35b4b52ecdbca8ec42858a473c42625ff84ece2679673044a728668b931,local-only/original-project
20260917-开发资料/source/market/dist/assets/pets/jyn/thumb/sleeping/jyn-sleeping-75_40.webp,92826,1c0ea565a9cb96bb58e85ec95c6fd68500b15192364926aef5736ae9e3932ace,local-only/original-project
20260917-开发资料/source/market/dist/assets/pets/jyn/thumb/sleeping/jyn-sleeping-76_40.webp,92146,7ef2f2332dedb899e34e075f182a9f9b06bbbf8e753122de78f19bc710c82d0a,local-only/original-project
20260917-开发资料/source/market/dist/assets/pets/jyn/thumb/sleeping/jyn-sleeping-77_40.webp,92248,0df9c4bbc47cf8dc9941cf76c9dc7a7b981c1899b95a9ead0ae7d9c354c9fdee,local-only/original-project
20260917-开发资料/source/market/dist/assets/pets/jyn/thumb/sleeping/jyn-sleeping-7_40.webp,93282,b3adb37ae6c5307733e36cd23f98cf1adb82b56d70180b0040613addc7bf45f9,local-only/original-project
20260917-开发资料/source/market/dist/assets/pets/jyn/thumb/sleeping/jyn-sleeping-8_40.webp,92984,0d1f59152c51e4f609ee6f8f0f86c84871f7248da47ccb2e1815e53b75fded6d,local-only/original-project
20260917-开发资料/source/market/dist/assets/pets/jyn/thumb/sleeping/jyn-sleeping-9_40.webp,93660,59d4b8f6a4e0ff8ddbe2fdf3a25f0a30eea2345e7dced5f40da6a27f43fb9db0,local-only/original-project
20260917-开发资料/source/market/dist/assets/pets/jyn/thumb/work/jyn-work-10_40.webp,71742,da046578ccebebafbecac527a549c63509ab1f7bde0348d2eaf756f3cadc0fc1,local-only/original-project
20260917-开发资料/source/market/dist/assets/pets/jyn/thumb/work/jyn-work-11_40.webp,71792,a80c241020e7dce237ea20801cdd2a5006bb021a3c64384ba49105cf29b0cb20,local-only/original-project
20260917-开发资料/source/market/dist/assets/pets/jyn/thumb/work/jyn-work-12_40.webp,72084,2038242e8e985162e9a59401dd3d9e3b726e2d549d9d81b37a13bf032e35bb96,local-only/original-project
20260917-开发资料/source/market/dist/assets/pets/jyn/thumb/work/jyn-work-13_40.webp,72718,b05326fd24c5293dc53993c91cd2b17d15c943592097ddd61d28b390cb529618,local-only/original-project
20260917-开发资料/source/market/dist/assets/pets/jyn/thumb/work/jyn-work-14_40.webp,72332,0ef603a3f9b4c9f4997323d4fb8ff8c642040e36846d9d088a03308a66191467,local-only/original-project
20260917-开发资料/source/market/dist/assets/pets/jyn/thumb/work/jyn-work-15_40.webp,72378,960cc4d2c2d8b3a6b393d435b5d7be56c323135bbccdd49fec36c7009c0e446c,local-only/original-project
20260917-开发资料/source/market/dist/assets/pets/jyn/thumb/work/jyn-work-16_40.webp,70454,6352d184fc23a92a4797283e31f244efe3d2484a2ec885de781e37969ffc719f,local-only/original-project
20260917-开发资料/source/market/dist/assets/pets/jyn/thumb/work/jyn-work-17_40.webp,71162,06dc7f8f96148190b324ec463308bcdf79b1ff7d93ab5511f5b3843bd7008438,local-only/original-project
20260917-开发资料/source/market/dist/assets/pets/jyn/thumb/work/jyn-work-18_40.webp,71506,b6e8c36bedea3e3e4bf84330d041943f486cd2609a3fd3c2778166c54f39946c,local-only/original-project
20260917-开发资料/source/market/dist/assets/pets/jyn/thumb/work/jyn-work-19_40.webp,71202,f505b896fc67b22633e9b52751e3e48c0973d97217281bb5910377151042718a,local-only/original-project
20260917-开发资料/source/market/dist/assets/pets/jyn/thumb/work/jyn-work-1_40.webp,76050,cd95dad2872fd0ac8753e9c2225cc7a79b9f1072997eaa32cfd60b69a95ad453,local-only/original-project
20260917-开发资料/source/market/dist/assets/pets/jyn/thumb/work/jyn-work-20_40.webp,71232,b20ffaa67d3f1f1775d326e2c58544e1749ccb4f5a042075eb83c08602e7f8a4,local-only/original-project
20260917-开发资料/source/market/dist/assets/pets/jyn/thumb/work/jyn-work-21_40.webp,70442,18a54e960e0467803ca137c50e3ce7a72e3218e0ac9cfe4f778bafc40ccd965e,local-only/original-project
20260917-开发资料/source/market/dist/assets/pets/jyn/thumb/work/jyn-work-22_40.webp,69030,664c30c965f6494e9cf0a95a8723e294e7729566f9f4de2fb02246a479466f44,local-only/original-project
20260917-开发资料/source/market/dist/assets/pets/jyn/thumb/work/jyn-work-23_40.webp,67888,0b69233d62bc2b7496eb80ed23c9338bb28e1058bdf27db1f9b4a3c66bc91a6d,local-only/original-project
20260917-开发资料/source/market/dist/assets/pets/jyn/thumb/work/jyn-work-24_40.webp,68322,46ec23f2802f28da195566cfab98a27adb9c1f1b3f9ca84d0b7fdae740f0342c,local-only/original-project
20260917-开发资料/source/market/dist/assets/pets/jyn/thumb/work/jyn-work-25_40.webp,68202,df11757236d9ee924fa23f599cb375d6cd1f87a8fd16d1d14eac262c5e157f00,local-only/original-project
20260917-开发资料/source/market/dist/assets/pets/jyn/thumb/work/jyn-work-26_40.webp,69018,703d41015b8219c367b9aa3887aa8d05a14669fc1015967a9e3f9be01c556954,local-only/original-project
20260917-开发资料/source/market/dist/assets/pets/jyn/thumb/work/jyn-work-27_40.webp,69732,dcb588ee16987e2768151d2ec8f93db5731cf9208a08393e78a8de5555440837,local-only/original-project
20260917-开发资料/source/market/dist/assets/pets/jyn/thumb/work/jyn-work-28_40.webp,72182,15b98bb47d6567ffdc053a9854d2d4eaa6cdce1b7eda9347ea9623621041b03a,local-only/original-project
20260917-开发资料/source/market/dist/assets/pets/jyn/thumb/work/jyn-work-29_40.webp,73242,603a7e19ebca41905e2ecb7a61a267ae34f0b8fd83a683ecbedf545d004d2714,local-only/original-project
20260917-开发资料/source/market/dist/assets/pets/jyn/thumb/work/jyn-work-2_40.webp,76084,e3527ce7b7d2fb73237931d9016dd7cb3c325098bf3dff29f1a19e822922164a,local-only/original-project
20260917-开发资料/source/market/dist/assets/pets/jyn/thumb/work/jyn-work-30_40.webp,73826,b5d7ab49fd40471091736d137d05211c2647e0e31d0cca195cef708afc856afa,local-only/original-project
20260917-开发资料/source/market/dist/assets/pets/jyn/thumb/work/jyn-work-31_40.webp,73994,fc0d4648a03c90e2b168ec2c56854bd12e7b7ab2b14d569a4c324d0b2b0ccc29,local-only/original-project
20260917-开发资料/source/market/dist/assets/pets/jyn/thumb/work/jyn-work-32_40.webp,75092,87294ba77ef721ecb8d36710fa61cf747fdd1613e7568adf20df0b57c4a7e72a,local-only/original-project
20260917-开发资料/source/market/dist/assets/pets/jyn/thumb/work/jyn-work-33_40.webp,75106,8d5dd1352f1e5aeaa67e789a5fd2675cdbaabd98c7bce4c7d1d90e37a5b3edc7,local-only/original-project
20260917-开发资料/source/market/dist/assets/pets/jyn/thumb/work/jyn-work-34_40.webp,75590,1b35effbb84cece94c266dfbf2c37d6085b61e4c9352ce1643810fe146ee13eb,local-only/original-project
20260917-开发资料/source/market/dist/assets/pets/jyn/thumb/work/jyn-work-35_40.webp,75558,9a11746dc2b69f17c6d8b1c89024306f65687aa9ccaf293ed10b4963fb7b3fef,local-only/original-project
20260917-开发资料/source/market/dist/assets/pets/jyn/thumb/work/jyn-work-36_40.webp,75298,3d8f65a941000cc34974654b3ec108eb0f588f38a0c22764f5af84c24c5bf5e3,local-only/original-project
20260917-开发资料/source/market/dist/assets/pets/jyn/thumb/work/jyn-work-37_40.webp,75178,03603f023a39361df9532e7fb527040464addefabed806241f813afe94c4344e,local-only/original-project
20260917-开发资料/source/market/dist/assets/pets/jyn/thumb/work/jyn-work-38_40.webp,75170,198eb862a4cb162467e7a3a47e1ad864f2e3cdcf6670920604d06e1cf178c6ca,local-only/original-project
20260917-开发资料/source/market/dist/assets/pets/jyn/thumb/work/jyn-work-39_40.webp,75754,834149b1705870844d6f3b5f06cc2115785863715fa420a4888d6eee31f69217,local-only/original-project
20260917-开发资料/source/market/dist/assets/pets/jyn/thumb/work/jyn-work-3_40.webp,75870,6260e6a4de7cb6fac9844b4ea155213b98ab248540addc6061f5b6daa278d2da,local-only/original-project
20260917-开发资料/source/market/dist/assets/pets/jyn/thumb/work/jyn-work-40_40.webp,75622,be168356a19268f84874eb40df4d44698e186460f9df735602f88c25967800ee,local-only/original-project
20260917-开发资料/source/market/dist/assets/pets/jyn/thumb/work/jyn-work-41_40.webp,75786,0c08c3b9e250593d72eeff6a55cc9c1b0ccc909e1d7bd2fb75321ce8b0cd3658,local-only/original-project
20260917-开发资料/source/market/dist/assets/pets/jyn/thumb/work/jyn-work-42_40.webp,75914,fabcc5bb515c6d9cd0550cb09bcc966973a66d1d50946c410971526680ece079,local-only/original-project
20260917-开发资料/source/market/dist/assets/pets/jyn/thumb/work/jyn-work-43_40.webp,75830,47812502e1a0822e31e1fc610f74cbcf918a03880017a43c6d1186909c9707c7,local-only/original-project
20260917-开发资料/source/market/dist/assets/pets/jyn/thumb/work/jyn-work-44_40.webp,75140,97a539e1b1cbb946726c5a63ce5046f35a1f6e1dbb680204d2725102e2a23c91,local-only/original-project
20260917-开发资料/source/market/dist/assets/pets/jyn/thumb/work/jyn-work-45_40.webp,74694,c8aa50970f235e3e41465c2f6804cc7c19b24a06f5a0560a95fcaa32923086b0,local-only/original-project
20260917-开发资料/source/market/dist/assets/pets/jyn/thumb/work/jyn-work-46_40.webp,74202,e2f64c59f9f2849098922c8a88edbf57513ebcca13f51fb0540590dc91388f5d,local-only/original-project
20260917-开发资料/source/market/dist/assets/pets/jyn/thumb/work/jyn-work-47_40.webp,72850,21ceaa45ea0cd87ce522c7d2598b321c8815a75437c309b4be7442cb018c4be9,local-only/original-project
20260917-开发资料/source/market/dist/assets/pets/jyn/thumb/work/jyn-work-48_40.webp,72602,ebaad7d340cba2e21a4b67e4069099424920645600f6c56f9c67246b80d8ea0b,local-only/original-project
20260917-开发资料/source/market/dist/assets/pets/jyn/thumb/work/jyn-work-49_40.webp,72176,46348821a35df28e1716af9437361e14cec582a75f09b6cb907474e4511ff6c6,local-only/original-project
20260917-开发资料/source/market/dist/assets/pets/jyn/thumb/work/jyn-work-4_40.webp,75902,fed56b38e846e7d6333f2b60ce6d3b91ce7795f089ec76693f8e3aaddd4e7c4c,local-only/original-project
20260917-开发资料/source/market/dist/assets/pets/jyn/thumb/work/jyn-work-50_40.webp,72200,dc623525fb69b2b493eb2467562e307bf4f759a6e10a8b30276737fa5050806b,local-only/original-project
20260917-开发资料/source/market/dist/assets/pets/jyn/thumb/work/jyn-work-51_40.webp,72372,8f9c55904155cfa97700e71dc46a445b5d6d99534a817d9f8c392eb67b02200f,local-only/original-project
20260917-开发资料/source/market/dist/assets/pets/jyn/thumb/work/jyn-work-52_40.webp,72106,061df1d471cd95ff4ff1a781391cea0b27b2d11a530d6bfecd61b2a06177a257,local-only/original-project
20260917-开发资料/source/market/dist/assets/pets/jyn/thumb/work/jyn-work-53_40.webp,71854,fd28ce0479146f41e102eb5fd15f6e3f064983df220bb69ef459c5c2adf21903,local-only/original-project
20260917-开发资料/source/market/dist/assets/pets/jyn/thumb/work/jyn-work-54_40.webp,68866,2cd873511fabb44362566314aa05ba2fcbe61f2d02301ed51d4c5511a861f2eb,local-only/original-project
20260917-开发资料/source/market/dist/assets/pets/jyn/thumb/work/jyn-work-55_40.webp,68692,591a9b0e21110663ad50b8ba54f159eec004c59a4e0cabe3537b691ecbdb9f47,local-only/original-project
20260917-开发资料/source/market/dist/assets/pets/jyn/thumb/work/jyn-work-56_40.webp,68906,bb9fea612ae973d7d06839bff5ba82aefd062400246c2abb88dccc1b319f915a,local-only/original-project
20260917-开发资料/source/market/dist/assets/pets/jyn/thumb/work/jyn-work-57_40.webp,69094,1ce6b6625b98a3c1e75decdd5c57aafbbc722808350bce37cb01ebec95631a77,local-only/original-project
20260917-开发资料/source/market/dist/assets/pets/jyn/thumb/work/jyn-work-58_40.webp,69414,4e1ff876781854aec1c533e45252cf94f6bed959300715be7853ebf14eb39a79,local-only/original-project
20260917-开发资料/source/market/dist/assets/pets/jyn/thumb/work/jyn-work-59_40.webp,70812,214f324236022b7022da87f11ed7f54c35d9b32bb655b11d6c9df93a6e7bfa07,local-only/original-project
20260917-开发资料/source/market/dist/assets/pets/jyn/thumb/work/jyn-work-5_40.webp,75494,926c067a0bc8cb4428bab12e362e44f33651fc63f3d36caf5324eed2e621d2a0,local-only/original-project
20260917-开发资料/source/market/dist/assets/pets/jyn/thumb/work/jyn-work-60_40.webp,72994,bb8cfe07ab719ac51738ced89b4546f31ee331acdb771e57ed6355609b68847e,local-only/original-project
20260917-开发资料/source/market/dist/assets/pets/jyn/thumb/work/jyn-work-61_40.webp,73964,c6a7226cbfc66ef7e387f7db7c98f24a8a37964f8b3f6e1cf7728682ac42eadd,local-only/original-project
20260917-开发资料/source/market/dist/assets/pets/jyn/thumb/work/jyn-work-62_40.webp,74372,f3dea769e80053a8a52c51e539520ad3b2cb40420481f4f2de5458f67fbc5a4e,local-only/original-project
20260917-开发资料/source/market/dist/assets/pets/jyn/thumb/work/jyn-work-63_40.webp,75390,dd0ebc10f926df7377c080ccc214aef949c0fbeab169365143a6441e06393088,local-only/original-project
20260917-开发资料/source/market/dist/assets/pets/jyn/thumb/work/jyn-work-64_40.webp,75532,b25689570683de39c074bab71141bb1b14e2bdecc48a55edeedd1bbfc23318fa,local-only/original-project
20260917-开发资料/source/market/dist/assets/pets/jyn/thumb/work/jyn-work-65_40.webp,76172,2ac29c30339250c29eaa85ac2957a15bd5b60619e5e706708022766e7cede898,local-only/original-project
20260917-开发资料/source/market/dist/assets/pets/jyn/thumb/work/jyn-work-66_40.webp,76636,3c813900940192f59d791cb6217c0eead17e5a8e5c36000b09269fcf4f579425,local-only/original-project
20260917-开发资料/source/market/dist/assets/pets/jyn/thumb/work/jyn-work-67_40.webp,76606,d97fb9f8a6959526009bf69099504adeda2a4d5fe33eed88c201a0b776ff3a78,local-only/original-project
20260917-开发资料/source/market/dist/assets/pets/jyn/thumb/work/jyn-work-68_40.webp,76948,f41a5e1e77f42440487d3cad54c01e01ff096e613ed30129f3c765c9a841c42b,local-only/original-project
20260917-开发资料/source/market/dist/assets/pets/jyn/thumb/work/jyn-work-69_40.webp,76972,fc559da1712b19e70589728f5f38d75d58c38a40797296e70d0ef14ce0c4d609,local-only/original-project
20260917-开发资料/source/market/dist/assets/pets/jyn/thumb/work/jyn-work-6_40.webp,74732,f779b311e3a43920e9891b6aff6274a05352ff2f2ce29d3692fe71025fe8cf59,local-only/original-project
20260917-开发资料/source/market/dist/assets/pets/jyn/thumb/work/jyn-work-70_40.webp,76670,39cd40713222cb55242f7b63e4b463a8afe51b3d7b447186d8cfba675a25eec4,local-only/original-project
20260917-开发资料/source/market/dist/assets/pets/jyn/thumb/work/jyn-work-7_40.webp,72892,919ad115ff90697e3ac5ebbf6485fa0f468673b1b06e392c6fa95d11e54d2869,local-only/original-project
20260917-开发资料/source/market/dist/assets/pets/jyn/thumb/work/jyn-work-8_40.webp,72052,7a1a5fd8a657e41e3311654c86870c3af4ba33078b424e7347a8f8824b34cb59,local-only/original-project
20260917-开发资料/source/market/dist/assets/pets/jyn/thumb/work/jyn-work-9_40.webp,72660,8083cf61936ba6452da1e6809381a4d3dfb1f84f83b460b750b363bcf9727e71,local-only/original-project
20260917-开发资料/source/market/dist/assets/pets/jyn/thumb/work-fail/jyn-work-fail-10_40.webp,68844,2e93b63e2315fdb7d307447d0be945a3f345abbecc88ad6d3307fa9753470d54,local-only/original-project
20260917-开发资料/source/market/dist/assets/pets/jyn/thumb/work-fail/jyn-work-fail-11_40.webp,59436,b66362d81aaa6d3fde0cc76804b6c6b3beb3c5cc6a6ac67b1e752b51e89aa0a8,local-only/original-project
20260917-开发资料/source/market/dist/assets/pets/jyn/thumb/work-fail/jyn-work-fail-12_40.webp,57104,05b4c523b408f061fc5f811da5572f76eb51d6e34c389ed45db32143efa123ca,local-only/original-project
20260917-开发资料/source/market/dist/assets/pets/jyn/thumb/work-fail/jyn-work-fail-13_40.webp,58060,5efa2c019ec1cc4e3281324e8f9602d2ed55735282dc5d44df2a46bac02b2e0e,local-only/original-project
20260917-开发资料/source/market/dist/assets/pets/jyn/thumb/work-fail/jyn-work-fail-14_40.webp,55272,9da3ca0daa09a10b36702915df996848efa7fe38bebbd7321854493069532db7,local-only/original-project
20260917-开发资料/source/market/dist/assets/pets/jyn/thumb/work-fail/jyn-work-fail-15_40.webp,53308,a0354af8ceb9b79f513e503907285b725f7457be1e097b8126ef7e64ff3d419a,local-only/original-project
20260917-开发资料/source/market/dist/assets/pets/jyn/thumb/work-fail/jyn-work-fail-16_40.webp,56058,4c300104be08c2ef2c2b6a7afb4ee76e8f3d03a6d4be673c776c2043789cf2a4,local-only/original-project
20260917-开发资料/source/market/dist/assets/pets/jyn/thumb/work-fail/jyn-work-fail-17_40.webp,60120,291e4b21c4b5a1461069fa91d103a0493a73f4476da2815dfadbe721045e88c6,local-only/original-project
20260917-开发资料/source/market/dist/assets/pets/jyn/thumb/work-fail/jyn-work-fail-18_40.webp,61208,d881aa937cce8c0f05f582a0a5056027cc6aeca28366e34aacff7f5f845c6275,local-only/original-project
20260917-开发资料/source/market/dist/assets/pets/jyn/thumb/work-fail/jyn-work-fail-19_40.webp,57478,53faa6d1f5fcbaf7783c98323dc1cfe353674b04de0b8949801e09231278c5e2,local-only/original-project
20260917-开发资料/source/market/dist/assets/pets/jyn/thumb/work-fail/jyn-work-fail-1_40.webp,73602,17acaa3abfcd64d8b0663c933e54c48650af9d5d922ffccd4ef479a3c3cd5490,local-only/original-project
20260917-开发资料/source/market/dist/assets/pets/jyn/thumb/work-fail/jyn-work-fail-20_40.webp,54392,153dabb7d32b063a599a8008ae2f98c877b63ac2acbfaeb3703c1ee8c032129a,local-only/original-project
20260917-开发资料/source/market/dist/assets/pets/jyn/thumb/work-fail/jyn-work-fail-21_40.webp,58368,7e88a0182188cd9b14344201bcf807e0e3f6df3e0eeac24262d43c782ef69864,local-only/original-project
20260917-开发资料/source/market/dist/assets/pets/jyn/thumb/work-fail/jyn-work-fail-22_40.webp,61560,841197eeba3a2e81584ac4bc530dfe1d626f481f1d46602875adcc389a547dd2,local-only/original-project
20260917-开发资料/source/market/dist/assets/pets/jyn/thumb/work-fail/jyn-work-fail-23_40.webp,71924,ca719a14d810d1579cb973339363fff3d97a3c03e1bc2dfcd3f6f9dfed390173,local-only/original-project
20260917-开发资料/source/market/dist/assets/pets/jyn/thumb/work-fail/jyn-work-fail-24_40.webp,72736,3066a3427c44ec45a4759d4dc111cccfcfcdaff1fb8f3245d1d3054d55580da5,local-only/original-project
20260917-开发资料/source/market/dist/assets/pets/jyn/thumb/work-fail/jyn-work-fail-25_40.webp,76794,015272b1f2881e076cee53a0c19d3442d71adba42f94c83895ece16136086a9b,local-only/original-project
20260917-开发资料/source/market/dist/assets/pets/jyn/thumb/work-fail/jyn-work-fail-26_40.webp,76938,36cd73d77c20b4855039fd4db2b0bf4d627b3668782c3f21434c7481232ab05b,local-only/original-project
20260917-开发资料/source/market/dist/assets/pets/jyn/thumb/work-fail/jyn-work-fail-27_40.webp,73000,4bfda540257ab03a98976d37e377e7c9a15317715a413cc66f9809c3a8f30757,local-only/original-project
20260917-开发资料/source/market/dist/assets/pets/jyn/thumb/work-fail/jyn-work-fail-28_40.webp,71344,2be1f117146cdf2d9e266a46fdeee4e19c2647608dc314b27e4e73457f02d1b1,local-only/original-project
20260917-开发资料/source/market/dist/assets/pets/jyn/thumb/work-fail/jyn-work-fail-29_40.webp,73368,b5123b788911f9c48cda7b32c4cfdf23d80ed5c00d8557a2896a616a848a3e7d,local-only/original-project
20260917-开发资料/source/market/dist/assets/pets/jyn/thumb/work-fail/jyn-work-fail-2_40.webp,73858,fef4dcbf9f4465f87adc67eca283d46d7c28666a80709c9d7618731009ae87ec,local-only/original-project
20260917-开发资料/source/market/dist/assets/pets/jyn/thumb/work-fail/jyn-work-fail-30_40.webp,73338,3c9c1f400c0b862408eeccd0003cafb4aa66a9488fe8a072203c74bff97c7647,local-only/original-project
20260917-开发资料/source/market/dist/assets/pets/jyn/thumb/work-fail/jyn-work-fail-31_40.webp,71582,931e3134f9a42987d718bc32c26ed6f39cc0b72c7fadb7d828048e78f79ce593,local-only/original-project
20260917-开发资料/source/market/dist/assets/pets/jyn/thumb/work-fail/jyn-work-fail-32_40.webp,72616,152a433ed70c2757fe39120154b0697b7c30b5931793eea6c2b4bbc55b57f613,local-only/original-project
20260917-开发资料/source/market/dist/assets/pets/jyn/thumb/work-fail/jyn-work-fail-33_40.webp,72926,a57adff2d01de9e872009e0a14d6b1361062480c519a5d4234dd0892ce4428a9,local-only/original-project
20260917-开发资料/source/market/dist/assets/pets/jyn/thumb/work-fail/jyn-work-fail-34_40.webp,73736,4f6ef0fd9a0b8b046fd35eff27ac88370d8840fce962a984d9810e35569d67d9,local-only/original-project
20260917-开发资料/source/market/dist/assets/pets/jyn/thumb/work-fail/jyn-work-fail-35_40.webp,73994,fbf04a33c60663c499207b4bd9db68ee76faa93941ce71c40e5b05319819ad32,local-only/original-project
20260917-开发资料/source/market/dist/assets/pets/jyn/thumb/work-fail/jyn-work-fail-36_40.webp,73008,554b6bc5eba2ae5b9f926367a4ae62c221ef28a750781f54e8b2fda634d1bb1f,local-only/original-project
20260917-开发资料/source/market/dist/assets/pets/jyn/thumb/work-fail/jyn-work-fail-37_40.webp,73046,a0d4ede84734bcac0b58cecba502c09119b104bfeace3388f78bffa8cff53eb2,local-only/original-project
20260917-开发资料/source/market/dist/assets/pets/jyn/thumb/work-fail/jyn-work-fail-38_40.webp,72924,8982450ef65e1c5e2021cb27b5347cf9d068af06e41cf94c0595452c853ad1c3,local-only/original-project
20260917-开发资料/source/market/dist/assets/pets/jyn/thumb/work-fail/jyn-work-fail-39_40.webp,72414,0e1c9fb01aef4298ac1174a33d799808d1a3106e492c19f52783ad26effed5c8,local-only/original-project
20260917-开发资料/source/market/dist/assets/pets/jyn/thumb/work-fail/jyn-work-fail-3_40.webp,73874,d4470e4db9a0d367d1b520493b11a7eacc51be172a40c3171e0646c0ca57e477,local-only/original-project
20260917-开发资料/source/market/dist/assets/pets/jyn/thumb/work-fail/jyn-work-fail-40_40.webp,69792,a073b96a3874d4a727b41c1b4c27de787ea877c39877db240c1880bae4c0403d,local-only/original-project
20260917-开发资料/source/market/dist/assets/pets/jyn/thumb/work-fail/jyn-work-fail-41_40.webp,69192,24eb4e3d7ca982aab4a23bd9cf64c954f9551a15d5acb5a385ad9d7857ed2460,local-only/original-project
20260917-开发资料/source/market/dist/assets/pets/jyn/thumb/work-fail/jyn-work-fail-42_40.webp,68538,6db179fec17bdf273da3e2997fd603a33f8c7f1f2e0f056e027a7eb5fb60a003,local-only/original-project
20260917-开发资料/source/market/dist/assets/pets/jyn/thumb/work-fail/jyn-work-fail-43_40.webp,66846,a35302cf9bac5ed0d02d1b4722b56c7490b8f09ea320ff669bbcf519de22c8b9,local-only/original-project
20260917-开发资料/source/market/dist/assets/pets/jyn/thumb/work-fail/jyn-work-fail-44_40.webp,65836,065904b87d00a9793d92162bc5b46a2206e9c4eb161a726b2710551cb538948b,local-only/original-project
20260917-开发资料/source/market/dist/assets/pets/jyn/thumb/work-fail/jyn-work-fail-45_40.webp,68556,ac38cbe92e70803d2dfae7a3162b0e6d9b94fedbc5d80a192afef0292edfcab9,local-only/original-project
20260917-开发资料/source/market/dist/assets/pets/jyn/thumb/work-fail/jyn-work-fail-46_40.webp,71714,4d641e051ccec8bdc3d5157602dd4d1dbd4454b1969e73fdaedd3b42b54ea32a,local-only/original-project
20260917-开发资料/source/market/dist/assets/pets/jyn/thumb/work-fail/jyn-work-fail-47_40.webp,73328,401bb3c83d9044d2163b0063f80b6a547c135caaa128768aef0239bebcc44e42,local-only/original-project
20260917-开发资料/source/market/dist/assets/pets/jyn/thumb/work-fail/jyn-work-fail-48_40.webp,73878,7dedb7e54493b83c1390979cb24984976ae2857316b9ef0d670904cfda168d5d,local-only/original-project
20260917-开发资料/source/market/dist/assets/pets/jyn/thumb/work-fail/jyn-work-fail-49_40.webp,75640,c0d5672735426025926484a88b2b46d6d86b7c7d27f1756d29d444f1a75af641,local-only/original-project
20260917-开发资料/source/market/dist/assets/pets/jyn/thumb/work-fail/jyn-work-fail-4_40.webp,74076,6c48128185ea5d3cbefdff5f72908ce3830457d5ad1ac897f69974fa8b775234,local-only/original-project
20260917-开发资料/source/market/dist/assets/pets/jyn/thumb/work-fail/jyn-work-fail-50_40.webp,75822,466ca774c81f78406750eee282b525492695cbf073baee4ce0bb03331a872379,local-only/original-project
20260917-开发资料/source/market/dist/assets/pets/jyn/thumb/work-fail/jyn-work-fail-51_40.webp,75932,8eb73fd88477a8a4083615e2cdd538f6df71a11d6e053e066d5ca899e1d5beb6,local-only/original-project
20260917-开发资料/source/market/dist/assets/pets/jyn/thumb/work-fail/jyn-work-fail-52_40.webp,75374,1c5772e5598eded0aea69bc5a8068ee384f93d01511467f20a98587f1b238eea,local-only/original-project
20260917-开发资料/source/market/dist/assets/pets/jyn/thumb/work-fail/jyn-work-fail-53_40.webp,74596,103bcd8546cd578dbb566bd20268c82138a6ae42c7ed1f3bc369f8c46666f7ca,local-only/original-project
20260917-开发资料/source/market/dist/assets/pets/jyn/thumb/work-fail/jyn-work-fail-54_40.webp,75074,d922777b7188ee10337c82af8535f051fc03b7135409da35e6224055e0064df4,local-only/original-project
20260917-开发资料/source/market/dist/assets/pets/jyn/thumb/work-fail/jyn-work-fail-55_40.webp,75486,0d128f8af0cab6d27ddede3945e1e0039b1ef5979b51e31e25653e7f0ed23297,local-only/original-project
20260917-开发资料/source/market/dist/assets/pets/jyn/thumb/work-fail/jyn-work-fail-56_40.webp,76220,18fc369ebce864cf4131483a9692c78c8cde2e9876d80cb9409d13b2abfac94b,local-only/original-project
20260917-开发资料/source/market/dist/assets/pets/jyn/thumb/work-fail/jyn-work-fail-57_40.webp,76592,d006ac005798aef9a249965241ee09c5d05a9644c42267b010ee050b66302e98,local-only/original-project
20260917-开发资料/source/market/dist/assets/pets/jyn/thumb/work-fail/jyn-work-fail-58_40.webp,77120,2735683cd67c1102fff673e75702e9a338eb9a10542b68a0cdc52177901de9d7,local-only/original-project
20260917-开发资料/source/market/dist/assets/pets/jyn/thumb/work-fail/jyn-work-fail-59_40.webp,77092,83bd6e3a9f40a335179d93805f1eda174aeb08d1174a76cbc1b3226c8586b685,local-only/original-project
20260917-开发资料/source/market/dist/assets/pets/jyn/thumb/work-fail/jyn-work-fail-5_40.webp,74640,1025d42886e95de916837c465729a0c46a94f8f11412326680039f8b18d771ad,local-only/original-project
20260917-开发资料/source/market/dist/assets/pets/jyn/thumb/work-fail/jyn-work-fail-60_40.webp,77342,acd08a204ca1287204b112afaab6cc108ce2599d26ef3749499fb05aed761206,local-only/original-project
20260917-开发资料/source/market/dist/assets/pets/jyn/thumb/work-fail/jyn-work-fail-61_40.webp,77412,c50e4fe20d771822b57df32e8ab9f0bd6c5870d43f26ade7a32349541626c758,local-only/original-project
20260917-开发资料/source/market/dist/assets/pets/jyn/thumb/work-fail/jyn-work-fail-62_40.webp,77256,0eaf7411bafb8db30e0ea162d75a8cfa75c0b26e4c98c8b8cc7d129e17fa2838,local-only/original-project
20260917-开发资料/source/market/dist/assets/pets/jyn/thumb/work-fail/jyn-work-fail-63_40.webp,77390,5c4ac1ba8938a8871b40ce5908abd76d6a5b0e1d3c575f9e65ba11044eccf9c4,local-only/original-project
20260917-开发资料/source/market/dist/assets/pets/jyn/thumb/work-fail/jyn-work-fail-64_40.webp,77314,ae1d82be3eccaf79b648545ef3725bf45f87cff7d310d822459baa0f15771ff3,local-only/original-project
20260917-开发资料/source/market/dist/assets/pets/jyn/thumb/work-fail/jyn-work-fail-65_40.webp,77568,3d7c2277bacd3fd7e5921f78a455de22678bd1a92ae8acb6257b73144434dcf6,local-only/original-project
20260917-开发资料/source/market/dist/assets/pets/jyn/thumb/work-fail/jyn-work-fail-66_40.webp,77464,85346b4c4590001ca0c608d545b8e66679a17291e4aaa5662d53017e6a51218e,local-only/original-project
20260917-开发资料/source/market/dist/assets/pets/jyn/thumb/work-fail/jyn-work-fail-67_40.webp,77494,a34c817346b572bd26fb085f11492eafa99b6b8765f69003db43ade8857807b1,local-only/original-project
20260917-开发资料/source/market/dist/assets/pets/jyn/thumb/work-fail/jyn-work-fail-68_40.webp,77552,86016eef775ceedaec3237946590bcc592a1486730a030b6fc5108894e1aeb4a,local-only/original-project
20260917-开发资料/source/market/dist/assets/pets/jyn/thumb/work-fail/jyn-work-fail-69_40.webp,77442,21d3e56f807117893a76a049283da5d00d7b3930e76d865fa6143e32b9bc0833,local-only/original-project
20260917-开发资料/source/market/dist/assets/pets/jyn/thumb/work-fail/jyn-work-fail-6_40.webp,73146,9ea03b79f8195825e6beff0e913f0930632756af4e359f5bb68282915209d74f,local-only/original-project
20260917-开发资料/source/market/dist/assets/pets/jyn/thumb/work-fail/jyn-work-fail-70_40.webp,77314,a30f8e821860c069e95bbe396f1553509b97689b16e6c0eadbfebea57e054243,local-only/original-project
20260917-开发资料/source/market/dist/assets/pets/jyn/thumb/work-fail/jyn-work-fail-7_40.webp,72436,ca1541199531bdf7e979e60e81bd09da6772de948b944d61c6346c678ce95a76,local-only/original-project
20260917-开发资料/source/market/dist/assets/pets/jyn/thumb/work-fail/jyn-work-fail-8_40.webp,71838,6a0171276db9ec7272e4aa2e865971a15849eee7ff01e473402eb3f051591ef3,local-only/original-project
20260917-开发资料/source/market/dist/assets/pets/jyn/thumb/work-fail/jyn-work-fail-9_40.webp,72958,d2140a80d288d83eb52351e8a0d20d101161094c66366b5b2ec16d426998fc38,local-only/original-project
20260917-开发资料/source/market/dist/assets/pets/jyn/thumb/work-success/jyn-work-success-10_40.webp,73564,881d51bb233610675b7ab15dfa8395a85aa766876950f111acd9dc95b15a484c,local-only/original-project
20260917-开发资料/source/market/dist/assets/pets/jyn/thumb/work-success/jyn-work-success-11_40.webp,73478,e3b0fd5f4359a65c6ef55106627f1f38c87c4f56743d0a6def04eeeff4c825cd,local-only/original-project
20260917-开发资料/source/market/dist/assets/pets/jyn/thumb/work-success/jyn-work-success-12_40.webp,71060,4dc8b1aa06cd443e98958589b25c3e61d84ba3f9bb565ab80d177f140e012e2b,local-only/original-project
20260917-开发资料/source/market/dist/assets/pets/jyn/thumb/work-success/jyn-work-success-13_40.webp,71598,a3f178d8c4919c6c1b0fb10de0507b853e5784958be88b9591291133ef1523cd,local-only/original-project
20260917-开发资料/source/market/dist/assets/pets/jyn/thumb/work-success/jyn-work-success-14_40.webp,71528,8d9233c7aaad244b50458d0782cf7b3652bd86333862e72cdbbe300d82bc94be,local-only/original-project
20260917-开发资料/source/market/dist/assets/pets/jyn/thumb/work-success/jyn-work-success-15_40.webp,71724,a95a13003a4c32f30c7a8b77d0f3fe00d4c4457e332c96ec908be0e26093861a,local-only/original-project
20260917-开发资料/source/market/dist/assets/pets/jyn/thumb/work-success/jyn-work-success-16_40.webp,73444,49ca901b60b94fc7687052e2e69abc403a4b8e84fd6581e65d67f5bd1103928f,local-only/original-project
20260917-开发资料/source/market/dist/assets/pets/jyn/thumb/work-success/jyn-work-success-17_40.webp,74828,33e18f65e4f22c1b3fdf6d86f121befdec01818943f8a00d3a9e50ae9654bd05,local-only/original-project
20260917-开发资料/source/market/dist/assets/pets/jyn/thumb/work-success/jyn-work-success-18_40.webp,75848,2176ce89ab3c9ce2576eb2144a0ab1e0135ee9374877f2c029498f878726dd22,local-only/original-project
20260917-开发资料/source/market/dist/assets/pets/jyn/thumb/work-success/jyn-work-success-19_40.webp,74108,a75e0c012102cfc784926bf264cb794f6eae161badd23c745ef7b0a1cc8fe352,local-only/original-project
20260917-开发资料/source/market/dist/assets/pets/jyn/thumb/work-success/jyn-work-success-1_40.webp,75550,89991595fc0e8b138995be5af357e90c6fd8ed044d9157d1ab62d8efb159841c,local-only/original-project
20260917-开发资料/source/market/dist/assets/pets/jyn/thumb/work-success/jyn-work-success-20_40.webp,73990,a66a646ceda88da548b3b403c8b1fa57d2e65ad10027701c873eb30a5cc0feb3,local-only/original-project
20260917-开发资料/source/market/dist/assets/pets/jyn/thumb/work-success/jyn-work-success-21_40.webp,74318,fb5cbdde629c97e4071afcea6d6085d64c32de54c022458b4f2170d63fcf426b,local-only/original-project
20260917-开发资料/source/market/dist/assets/pets/jyn/thumb/work-success/jyn-work-success-22_40.webp,75852,b1f08db10ce36f71c941f0696e36187714c2e508aaa84c39893af6f64be9a843,local-only/original-project
20260917-开发资料/source/market/dist/assets/pets/jyn/thumb/work-success/jyn-work-success-23_40.webp,76394,caa919e1a3bdb1d784520a62a4767b01e2e877dd52860ff098495ece8f7d9ac0,local-only/original-project
20260917-开发资料/source/market/dist/assets/pets/jyn/thumb/work-success/jyn-work-success-24_40.webp,77230,4bac9968fde1982feb2322711419f29b01c0894c57eab8a1123275121904cb19,local-only/original-project
20260917-开发资料/source/market/dist/assets/pets/jyn/thumb/work-success/jyn-work-success-25_40.webp,77510,bc80a98c50815517638ce6c7e55cbd0ca55fc1bd549f40d19a87c5bf0d441ebf,local-only/original-project
20260917-开发资料/source/market/dist/assets/pets/jyn/thumb/work-success/jyn-work-success-26_40.webp,77964,6ecff466eab51b0988058257ab71106e8e076cdcff3d111fbbeadd09b7b0fa3e,local-only/original-project
20260917-开发资料/source/market/dist/assets/pets/jyn/thumb/work-success/jyn-work-success-27_40.webp,77732,fa0f4933e773e3eade8d18a4dd9618d88c978b9c72f97d2bf67a62457e871293,local-only/original-project
20260917-开发资料/source/market/dist/assets/pets/jyn/thumb/work-success/jyn-work-success-28_40.webp,77638,e244bd2daba656a089cb6d017b780c4429f1d2c2d21dc8f409188d96c240d36d,local-only/original-project
20260917-开发资料/source/market/dist/assets/pets/jyn/thumb/work-success/jyn-work-success-29_40.webp,76768,2388b1424cf6c8ff4150d4d6e123a5c30c27477fc8cca9d868703c6c3024495b,local-only/original-project
20260917-开发资料/source/market/dist/assets/pets/jyn/thumb/work-success/jyn-work-success-2_40.webp,75574,ead22a09b73f429ca2e7340d1ae0e26ebb3b7c0bfb4741d150912326a4f7463c,local-only/original-project
20260917-开发资料/source/market/dist/assets/pets/jyn/thumb/work-success/jyn-work-success-30_40.webp,76810,c571afb80c56657a2841f2a3de7b6cf706afd299b5e2ea4ed411e48484b2a65e,local-only/original-project
20260917-开发资料/source/market/dist/assets/pets/jyn/thumb/work-success/jyn-work-success-31_40.webp,76938,79c0aa9317a884034d52c5f2a0f04ddb2707a225fdd53d257870c5f2a0290b40,local-only/original-project
20260917-开发资料/source/market/dist/assets/pets/jyn/thumb/work-success/jyn-work-success-32_40.webp,76598,de6d286ee18ef0ec6c1b1a87a2d5a51f218e0fbb55007aa5c1e98605e4ebdf16,local-only/original-project
20260917-开发资料/source/market/dist/assets/pets/jyn/thumb/work-success/jyn-work-success-33_40.webp,75292,1ca02d6103c561680eeb46746a1f505afb30a14ea66608a435e7f51a9a260036,local-only/original-project
20260917-开发资料/source/market/dist/assets/pets/jyn/thumb/work-success/jyn-work-success-34_40.webp,75792,5a3d5bf8dbe88dd3937de5f5c5ecbc3bdcf56ad2a5f721d5458f6067f85ccd8c,local-only/original-project
20260917-开发资料/source/market/dist/assets/pets/jyn/thumb/work-success/jyn-work-success-35_40.webp,75114,e7f63aaf8a46bef0c5f90b20137f42380d36a663b424b852fe0493562ec0bf72,local-only/original-project
20260917-开发资料/source/market/dist/assets/pets/jyn/thumb/work-success/jyn-work-success-36_40.webp,75560,bcdf1a67de1e98fbf4d0d3667eda32bfb30b00e467de555380afd29f057c01fa,local-only/original-project
20260917-开发资料/source/market/dist/assets/pets/jyn/thumb/work-success/jyn-work-success-37_40.webp,75772,fc6b1d65e92a6e307ef30616441fa79614a85b38b5462c1f88025f9be39ae4bc,local-only/original-project
20260917-开发资料/source/market/dist/assets/pets/jyn/thumb/work-success/jyn-work-success-38_40.webp,76634,294a227aea3cf8896da1da6b0e74d0eda1613da3853dbf141e48c1fbe341bde9,local-only/original-project
20260917-开发资料/source/market/dist/assets/pets/jyn/thumb/work-success/jyn-work-success-39_40.webp,77120,312c38efb330dbdb9745968fd50b8a7670920b044005905605d72f988ca23897,local-only/original-project
20260917-开发资料/source/market/dist/assets/pets/jyn/thumb/work-success/jyn-work-success-3_40.webp,75690,0694fd890c5833caee1e5d1f8030401dca203af9fd82a094f3e07142f73a58b5,local-only/original-project
20260917-开发资料/source/market/dist/assets/pets/jyn/thumb/work-success/jyn-work-success-40_40.webp,76888,6c1e42536390787c1289d5ee72fc7f7438f5d337a2f865251d1133ffeb91fbc7,local-only/original-project
20260917-开发资料/source/market/dist/assets/pets/jyn/thumb/work-success/jyn-work-success-41_40.webp,77504,8315286c3d1792e96f0f0e6e0e3bb266452b2c592576194faaa4c83967f1636c,local-only/original-project
20260917-开发资料/source/market/dist/assets/pets/jyn/thumb/work-success/jyn-work-success-42_40.webp,77674,488fbffff0d997dbb9ff13b0498aebe5ce4b86c0fce7b533e3152af83f365e55,local-only/original-project
20260917-开发资料/source/market/dist/assets/pets/jyn/thumb/work-success/jyn-work-success-43_40.webp,77886,4c80071bc2f13c40140c59e63e516328150d833e0521b718f05def6f5c7db9d6,local-only/original-project
20260917-开发资料/source/market/dist/assets/pets/jyn/thumb/work-success/jyn-work-success-44_40.webp,77832,9e87e12c08eda7cd0fefa0b5aa01995f90cb0ad0a0ce991aeb448e9fd52f8d4d,local-only/original-project
20260917-开发资料/source/market/dist/assets/pets/jyn/thumb/work-success/jyn-work-success-45_40.webp,77888,59ea7ec642bb92b74b82b5e8d18a0a3881d1592f467221077c04dac676034d08,local-only/original-project
20260917-开发资料/source/market/dist/assets/pets/jyn/thumb/work-success/jyn-work-success-46_40.webp,76340,35fec759c41916234541f55acf5a3194136f937e342811ba6660c7df1022a8a4,local-only/original-project
20260917-开发资料/source/market/dist/assets/pets/jyn/thumb/work-success/jyn-work-success-47_40.webp,76146,51ce5a1ba7f93648ac71c704f15d75314c8d2de55f69101020fd42af437b6ad0,local-only/original-project
20260917-开发资料/source/market/dist/assets/pets/jyn/thumb/work-success/jyn-work-success-48_40.webp,73710,bb668938e90c9b96906ddcb8d375345814be37d13afb1d4165bfda9f103fd957,local-only/original-project
20260917-开发资料/source/market/dist/assets/pets/jyn/thumb/work-success/jyn-work-success-49_40.webp,71888,e1dc2d26c146c9d0c7917d91c4af5db29f223b6ff5c3fb232e654526c843cb64,local-only/original-project
20260917-开发资料/source/market/dist/assets/pets/jyn/thumb/work-success/jyn-work-success-4_40.webp,75918,8f2484836c97a6073ce0f7f5161c72ba25cf9bfafc1d647bfdd730be966cb9b8,local-only/original-project
20260917-开发资料/source/market/dist/assets/pets/jyn/thumb/work-success/jyn-work-success-50_40.webp,70722,2c361ee843246cbed3cfbaf8efeb0f764085b80b54b8d5f86c7f1a66afa63311,local-only/original-project
20260917-开发资料/source/market/dist/assets/pets/jyn/thumb/work-success/jyn-work-success-51_40.webp,71274,c42614e6c8b265498b4e1369402fec3582ecbe37ebf805c9ec87deb7651e425d,local-only/original-project
20260917-开发资料/source/market/dist/assets/pets/jyn/thumb/work-success/jyn-work-success-52_40.webp,70766,e3bc8791e58bd9743cf5818f2afad478a1a5760b31a441f65a14500e8c2d475d,local-only/original-project
20260917-开发资料/source/market/dist/assets/pets/jyn/thumb/work-success/jyn-work-success-53_40.webp,70844,2e7d77bc9717e5728c5cbee78c3a6376f29e1e391fcee81adcf73389f48686b0,local-only/original-project
20260917-开发资料/source/market/dist/assets/pets/jyn/thumb/work-success/jyn-work-success-54_40.webp,71000,ab41d4454805c71d6306077fac2eb7f57b4b6e8e4c5b281f0a8cec1b59f1ab3f,local-only/original-project
20260917-开发资料/source/market/dist/assets/pets/jyn/thumb/work-success/jyn-work-success-55_40.webp,71474,de823b1a3774631ec0779a08bcf526e9a4302a7a0ab09ae3d94afaa681920526,local-only/original-project
20260917-开发资料/source/market/dist/assets/pets/jyn/thumb/work-success/jyn-work-success-56_40.webp,72200,31863fb103830b5493038f48a5c494b0545cee0ecbe0acfc4cd6ad5f9dc2e75d,local-only/original-project
20260917-开发资料/source/market/dist/assets/pets/jyn/thumb/work-success/jyn-work-success-57_40.webp,72404,5439c7f7175807a5640eeeb46eb0cba6a04bfd50d7792c0456c3c41de9399ff2,local-only/original-project
20260917-开发资料/source/market/dist/assets/pets/jyn/thumb/work-success/jyn-work-success-58_40.webp,72766,7f8d9f5838825323fb2e171763fa6d8333e0b7d4645c10374ee035c182ff04e1,local-only/original-project
20260917-开发资料/source/market/dist/assets/pets/jyn/thumb/work-success/jyn-work-success-59_40.webp,73518,2039ea6c22cec992b57e1eff470914aaaf193b59be9a6d4269c04b4b0b32c790,local-only/original-project
20260917-开发资料/source/market/dist/assets/pets/jyn/thumb/work-success/jyn-work-success-5_40.webp,76064,50d3466601ff5550a2c954ee04ef00028a5c63ded34639cca2bb69f03a22e660,local-only/original-project
20260917-开发资料/source/market/dist/assets/pets/jyn/thumb/work-success/jyn-work-success-60_40.webp,73692,e32877701ad30a632ba9c568107fbf2e1e3e71c64a606ab842d34a5861f86db6,local-only/original-project
20260917-开发资料/source/market/dist/assets/pets/jyn/thumb/work-success/jyn-work-success-61_40.webp,74178,439c03d547adbd00ccf76bb984fb73649c47d4e062e429e6ac0c57b91963b5af,local-only/original-project
20260917-开发资料/source/market/dist/assets/pets/jyn/thumb/work-success/jyn-work-success-62_40.webp,74968,ed3808f58f88eb688202dea7886cfe14349e12709583d32bd28067c36ff22586,local-only/original-project
20260917-开发资料/source/market/dist/assets/pets/jyn/thumb/work-success/jyn-work-success-63_40.webp,75690,644be754b765f2e74c273cd983f4172fdd12219f2b5ffc0cc1d71b794e54c9eb,local-only/original-project
20260917-开发资料/source/market/dist/assets/pets/jyn/thumb/work-success/jyn-work-success-64_40.webp,76528,510a9c686384f07277bcd7deaa5c68e9692c6c1da8d27b0a5f317d23246c8296,local-only/original-project
20260917-开发资料/source/market/dist/assets/pets/jyn/thumb/work-success/jyn-work-success-65_40.webp,76760,73847da562a1d8c241c9cd2017c23050423db5f56f26ecf99cbf95cd22c6e71d,local-only/original-project
20260917-开发资料/source/market/dist/assets/pets/jyn/thumb/work-success/jyn-work-success-66_40.webp,76946,712f0d52a09120af2d5c7efe63abd298832e7fad9fc87d38cb07816d8ba054dc,local-only/original-project
20260917-开发资料/source/market/dist/assets/pets/jyn/thumb/work-success/jyn-work-success-67_40.webp,77332,730b09452bea90fac9b909cb8c20c6c98ee484ddf54c39de45799ad4f91b2c9c,local-only/original-project
20260917-开发资料/source/market/dist/assets/pets/jyn/thumb/work-success/jyn-work-success-68_40.webp,77268,9ee14f9b98527ef2402b09360f8a88b45379233ff623385ac3be69c7c223d82b,local-only/original-project
20260917-开发资料/source/market/dist/assets/pets/jyn/thumb/work-success/jyn-work-success-69_40.webp,77514,62c15eb33adfc00104bdb52c36efd07719c21ca704acf81f1df54bb3dada1762,local-only/original-project
20260917-开发资料/source/market/dist/assets/pets/jyn/thumb/work-success/jyn-work-success-6_40.webp,74498,a595fae405a7502919ee05019454b05cf896cceb34f491649eed9be8a6477b10,local-only/original-project
20260917-开发资料/source/market/dist/assets/pets/jyn/thumb/work-success/jyn-work-success-70_40.webp,77264,93105fca70c012522691407383e122dd0d1bccfb04259469b9fff619ffdec33b,local-only/original-project
20260917-开发资料/source/market/dist/assets/pets/jyn/thumb/work-success/jyn-work-success-7_40.webp,75162,f0b0b812fd46a69351873e23abd7bb6f068effc8c9737930818d0adc98d1b5d8,local-only/original-project
20260917-开发资料/source/market/dist/assets/pets/jyn/thumb/work-success/jyn-work-success-8_40.webp,74934,f8ef5d9c87199e16d943fe217950cddece27866e9e9fb60469a3483f70f6445e,local-only/original-project
20260917-开发资料/source/market/dist/assets/pets/jyn/thumb/work-success/jyn-work-success-9_40.webp,75484,0499a913bfcf2bd76dc19e9a38d431f1f8e8f521725ecf171134665345bed398,local-only/original-project
20260917-开发资料/source/market/dist/assets/pets/miku/pet.json,7651,05907a095669cd3c67947683288b3cf76a3a74344c1cb2a8c731bc22a074ce5e,local-only/original-project
20260917-开发资料/source/market/dist/assets/pets/miku/previews/idle.webp,157612,2387db8cd5cc51029d07b702273c7fd86315ac59769683d37d85892ea61f85b1,local-only/original-project
20260917-开发资料/source/market/dist/assets/pets/miku/thumb/angry/miku-pet-angry1.webp,167462,24ff90980773b5adf78a38b5d9bde0fb2553250531b4352172c63ad299d6d548,local-only/original-project
20260917-开发资料/source/market/dist/assets/pets/miku/thumb/angry/miku-pet-angry2.webp,165784,6cb747aa1030722d7388da2f54b04f572625dd211a9e3a010f23a1a3f67feb84,local-only/original-project
20260917-开发资料/source/market/dist/assets/pets/miku/thumb/angry/miku-pet-angry3.webp,167448,9d2375dd41f7b0c3bdd2b485eecaca27d425db68a81b5e769fa665cf81598b93,local-only/original-project
20260917-开发资料/source/market/dist/assets/pets/miku/thumb/blink1/miku-pet-closeeyes1.webp,154170,3f600906f071700199cf19b111046c536104bdf77ca4d081a334700f81011f93,local-only/original-project
20260917-开发资料/source/market/dist/assets/pets/miku/thumb/blink1/miku-pet-closeeyes2.webp,154950,0c0f01b3ef9721f0412808057aef374189086bfa1861005059cec07fa150725c,local-only/original-project
20260917-开发资料/source/market/dist/assets/pets/miku/thumb/blink2/miku-pet-closeeye1.webp,154170,3f600906f071700199cf19b111046c536104bdf77ca4d081a334700f81011f93,local-only/original-project
20260917-开发资料/source/market/dist/assets/pets/miku/thumb/blink2/miku-pet-closeeye2.webp,151674,600dcdfd811d6ee2b83284ca4d84c31c3c71ce2fac19b16d987ba0de42b2439b,local-only/original-project
20260917-开发资料/source/market/dist/assets/pets/miku/thumb/drag/miku-pet-move1.webp,155110,cfa926d4d0f8e7b741e08912425161e79c6a385fd8760845f17d4510561ae6e9,local-only/original-project
20260917-开发资料/source/market/dist/assets/pets/miku/thumb/drag/miku-pet-move2.webp,162848,3baf28427ad954aee42869917d1b5150ed8dc4f56c517ee44014c619cff26d85,local-only/original-project
20260917-开发资料/source/market/dist/assets/pets/miku/thumb/drag/miku-pet-move3.webp,149264,dd4ced52f6aa6eb6f4cad273adec53b19aa96fcc2a1c93f08146e144d1fa51d6,local-only/original-project
20260917-开发资料/source/market/dist/assets/pets/miku/thumb/drag/miku-pet-move4.webp,152152,9f39034784b73398feee2260e495d680eca06f5ec8a5f1a2a684d4266e5ab747,local-only/original-project
20260917-开发资料/source/market/dist/assets/pets/miku/thumb/drag/miku-pet-move5.webp,149998,523ab149cffe3854a2750395320e883535e4e0a1b806f95475269b80f5f88a02,local-only/original-project
20260917-开发资料/source/market/dist/assets/pets/miku/thumb/drag/miku-pet-move6.webp,156852,49c2da910d6c9c07d75537da3e99bd21a41c6ce2cca0d9ddfbca5f84126ae045,local-only/original-project
20260917-开发资料/source/market/dist/assets/pets/miku/thumb/drag/miku-pet-move7.webp,142054,a620224340796aa8f0f8584c971ea7b2a5a559d326e8df2fe3e9c3efd7ded509,local-only/original-project
20260917-开发资料/source/market/dist/assets/pets/miku/thumb/eat/miku-pet-eat1.webp,158272,c97da76ef1c3fc730fc05a455c085c48a54769957999ed9940dcd0af25bf3759,local-only/original-project
20260917-开发资料/source/market/dist/assets/pets/miku/thumb/eat/miku-pet-eat10.webp,149896,91bbc84479c7f5313037d7e964d38e5e634656b337546dafc4df5186c5be2b1e,local-only/original-project
20260917-开发资料/source/market/dist/assets/pets/miku/thumb/eat/miku-pet-eat2.webp,153426,af925038b59f17f9804dc1597d77c8a7b1e751b6f7c9e157c1e4eab7d187c3d5,local-only/original-project
20260917-开发资料/source/market/dist/assets/pets/miku/thumb/eat/miku-pet-eat3.webp,153976,3c6a86b89026188e5dd395ede2a5b03aca11c1594ace08199100214798e4fe6f,local-only/original-project
20260917-开发资料/source/market/dist/assets/pets/miku/thumb/eat/miku-pet-eat4.webp,159880,4a872a2a75d5e9165c91bb5643d3c60cb0973564dd02ba955b9bd3f857604216,local-only/original-project
20260917-开发资料/source/market/dist/assets/pets/miku/thumb/eat/miku-pet-eat5.webp,157972,aa014d857ec6b8e5cb1185ca2ed5d403168ca319e00889d7fa2f9ae21ce64819,local-only/original-project
20260917-开发资料/source/market/dist/assets/pets/miku/thumb/eat/miku-pet-eat6.webp,161288,458235b8a18581eb47fed54613fe03249aa05fd3f3ba27080ad17afefbbff35c,local-only/original-project
20260917-开发资料/source/market/dist/assets/pets/miku/thumb/eat/miku-pet-eat7.webp,159520,5baae4535afb59ba1c9cbcb647131099697820d01bfa8673cdabd057bdc5ec1a,local-only/original-project
20260917-开发资料/source/market/dist/assets/pets/miku/thumb/eat/miku-pet-eat8.webp,157428,d6f1170b75836972ed6dc761367e3a31fd92acb76c30833f923f0053798130fc,local-only/original-project
20260917-开发资料/source/market/dist/assets/pets/miku/thumb/eat/miku-pet-eat9.webp,159706,ac20f893a566d93c52689d57bf5d2be560754500ab32c0faaab83e95ffcc3f2f,local-only/original-project
20260917-开发资料/source/market/dist/assets/pets/miku/thumb/fail/miku-pet-workerr1.webp,206600,30247da5780b5c5aec9dbfe8cc193e3112afa511c9973d27e193d9e7ac4bdf89,local-only/original-project
20260917-开发资料/source/market/dist/assets/pets/miku/thumb/fail/miku-pet-workerr2.webp,203320,dfa292f200459f0c2c80a8f0db399a9cb6af3a10d99e4cad58bd1e88710372d6,local-only/original-project
20260917-开发资料/source/market/dist/assets/pets/miku/thumb/fail/miku-pet-workerr3.webp,214370,f714105eaca90c1d135006f84486c6ffe7923aaceb2a590caecba5e3e4f132c1,local-only/original-project
20260917-开发资料/source/market/dist/assets/pets/miku/thumb/fail/miku-pet-workerr4.webp,218452,54c85cb165e4a923c1a60ca815fc4216226b6f61b238f2ed538883ebe509a354,local-only/original-project
20260917-开发资料/source/market/dist/assets/pets/miku/thumb/fail/miku-pet-workerr5.webp,207860,fb55ef6cfcd2ac79d208a2caa81ba47562594d08c1a998abd640b636465c9612,local-only/original-project
20260917-开发资料/source/market/dist/assets/pets/miku/thumb/fail/miku-pet-workerr6.webp,216916,a9286d7ca76787f5bc85efe01846d401184ff89a0fce3069c1f44b412d7e348e,local-only/original-project
20260917-开发资料/source/market/dist/assets/pets/miku/thumb/fail/miku-pet-workerr7.webp,218306,21db9b731a3e0fc34432dd6a721ef5f26169c3add0492641e22b0cad284a75bd,local-only/original-project
20260917-开发资料/source/market/dist/assets/pets/miku/thumb/fail/miku-pet-workerr8.webp,213138,d7cac7d4d436a05b20ebe44aafd6d977eed37d35e0d3040b9ffe595893f8cf57,local-only/original-project
20260917-开发资料/source/market/dist/assets/pets/miku/thumb/flirty/miku-pet-flirty1.webp,165508,fc16d88daaafbea5a1ef9c3a59f915c0522df50b5f501e1027be3c3909c1543f,local-only/original-project
20260917-开发资料/source/market/dist/assets/pets/miku/thumb/flirty/miku-pet-flirty2.webp,156528,a22a0d36cd105ca97fcd12790f9e6fb5efbccdd8bf97c176999d74c359ea34eb,local-only/original-project
20260917-开发资料/source/market/dist/assets/pets/miku/thumb/flirty/miku-pet-flirty3.webp,161896,f6acb91b06853aec4b0c72c5327c98f3b6660d3f60ed80984bb76ab84a8b767b,local-only/original-project
20260917-开发资料/source/market/dist/assets/pets/miku/thumb/happy/miku-pet-happy1.webp,159512,d7fa3a5bb20723938b18ac28c994b08d1212252003fe2d3719dced8421254e33,local-only/original-project
20260917-开发资料/source/market/dist/assets/pets/miku/thumb/happy/miku-pet-happy2.webp,159734,776adc3cb5ee4b276f916bce090a0ba4c637be8e7b1e13a852d1c3ddc80103a2,local-only/original-project
20260917-开发资料/source/market/dist/assets/pets/miku/thumb/happy/miku-pet-happy3.webp,161246,6bd0db0f755755735bab956cf74055780551498d5573e2a681e1d10c445050a2,local-only/original-project
20260917-开发资料/source/market/dist/assets/pets/miku/thumb/idle/miku-pet-stop1.webp,157612,2387db8cd5cc51029d07b702273c7fd86315ac59769683d37d85892ea61f85b1,local-only/original-project
20260917-开发资料/source/market/dist/assets/pets/miku/thumb/idle/miku-pet-stop2.webp,159872,2e68c893cf79e9f4a1ee9da532aea9fd69f62125d56289fb4f7448aeb1b6b28f,local-only/original-project
20260917-开发资料/source/market/dist/assets/pets/miku/thumb/idle/miku-pet-stop3.webp,148154,7054af8245c916aa88bd234f0841b109de94310131d5403c5b53c4ae429fbf34,local-only/original-project
20260917-开发资料/source/market/dist/assets/pets/miku/thumb/idle/miku-pet-stop4.webp,161206,0050b485c0a302bcfa9e3318bf01be8f2d33c66b627748f1703b824cfe330c5c,local-only/original-project
20260917-开发资料/source/market/dist/assets/pets/miku/thumb/scratch/miku-pet-stand1.webp,157612,2387db8cd5cc51029d07b702273c7fd86315ac59769683d37d85892ea61f85b1,local-only/original-project
20260917-开发资料/source/market/dist/assets/pets/miku/thumb/scratch/miku-pet-stand2.webp,158832,8c2154586479e5e0cd548d63157dff5703a1a15c272854961f5dfb816504ff9c,local-only/original-project
20260917-开发资料/source/market/dist/assets/pets/miku/thumb/scratch/miku-pet-stand3.webp,157804,655408327ad3c882b238974a7f6078995f77e17c2886ba0cc36f386fbbd9a3e8,local-only/original-project
20260917-开发资料/source/market/dist/assets/pets/miku/thumb/scratch/miku-pet-stand4.webp,161344,b947ef5148b67492bc3d710d9accabac2e099bc8cbb883dc04ba1e09b5338220,local-only/original-project
20260917-开发资料/source/market/dist/assets/pets/miku/thumb/scratch/miku-pet-stand5.webp,157804,655408327ad3c882b238974a7f6078995f77e17c2886ba0cc36f386fbbd9a3e8,local-only/original-project
20260917-开发资料/source/market/dist/assets/pets/miku/thumb/scratch/miku-pet-stand6.webp,161344,b947ef5148b67492bc3d710d9accabac2e099bc8cbb883dc04ba1e09b5338220,local-only/original-project
20260917-开发资料/source/market/dist/assets/pets/miku/thumb/shop/miku-pet-shop1.webp,45886,eb445e7cc54e8b90729951b9e5937b90e4c66d121fe8793673488050ea4cf57e,local-only/original-project
20260917-开发资料/source/market/dist/assets/pets/miku/thumb/shop/miku-pet-shop2.webp,43644,cc209c62960031e51dbafa3749ae17622ca7bb537ce559cb5ff53408466620b8,local-only/original-project
20260917-开发资料/source/market/dist/assets/pets/miku/thumb/shop/miku-pet-shop4.webp,70682,f7b4e89bccea1120923ac784afd4af4e0d25429588c669c10f9ab28787f5be6f,local-only/original-project
20260917-开发资料/source/market/dist/assets/pets/miku/thumb/shop/miku-pet-shop6.webp,33882,936099782a3317825ff221e8b3c4558abffa521a2be82e94bd4039c86a758bc6,local-only/original-project
20260917-开发资料/source/market/dist/assets/pets/miku/thumb/shy/miku-pet-shy1.webp,165738,a95fb4b82dd25c95836de78ca3fb7bfc54478d3066cbee2def82e2c965482a7a,local-only/original-project
20260917-开发资料/source/market/dist/assets/pets/miku/thumb/shy/miku-pet-shy2.webp,158800,4cb77f71f129190e44c896318e4f242d9074670678e510090c283d8f7975b6fe,local-only/original-project
20260917-开发资料/source/market/dist/assets/pets/miku/thumb/shy/miku-pet-shy3.webp,163458,660b36c77aef8ff66ed6d868bc1a71f8226932297fa8dfd3a369582b365965e6,local-only/original-project
20260917-开发资料/source/market/dist/assets/pets/miku/thumb/sleep/miku-pet-sleep4.webp,147900,1b8f485157fd404affc051750426262e75b9351d1c12201a01ab9557255c1736,local-only/original-project
20260917-开发资料/source/market/dist/assets/pets/miku/thumb/sleep/miku-pet-sleep5.webp,169912,3bbc86dbfe7e756da880c397ae174253cc4ebaf6d70eadc9c2ddf167dc6dee61,local-only/original-project
20260917-开发资料/source/market/dist/assets/pets/miku/thumb/sleep/miku-pet-sleep6.webp,163970,df79097349a6b7cdcece76d1b25ee8aa1a8bbde2f924952b08b0f484c18637ba,local-only/original-project
20260917-开发资料/source/market/dist/assets/pets/miku/thumb/sleep/miku-pet-sleep7.webp,151440,781a3533285a05ec116357b358ccdc247a53e063f2227a2a3f180f28efb45f5a,local-only/original-project
20260917-开发资料/source/market/dist/assets/pets/miku/thumb/sleep-intro/miku-pet-sleep1.webp,145048,052239ab7a26d4b39b9cfe56499f40ef2ef499ca0bfa5ddf2b1d499b64afbeda,local-only/original-project
20260917-开发资料/source/market/dist/assets/pets/miku/thumb/sleep-intro/miku-pet-sleep2.webp,164510,bf3ff2f1d02b98ad5513895b736b632ad23a6ed3eb3bd13e42a04b525b43325e,local-only/original-project
20260917-开发资料/source/market/dist/assets/pets/miku/thumb/sleep-intro/miku-pet-sleep3.webp,147394,77947937f1c2d298a4580b705c08a9f90895e584d3f050c39be85e3f2b3ba6b5,local-only/original-project
20260917-开发资料/source/market/dist/assets/pets/miku/thumb/standup/miku-pet-yun1.webp,140610,6fa48bc8d19bc3bf866291629bc272432f9a14361a70af5c23f6a8f980e5a221,local-only/original-project
20260917-开发资料/source/market/dist/assets/pets/miku/thumb/standup/miku-pet-yun2.webp,163034,22c54448974073e095dc62627c0ded2b31cebf9974657fb7ca45c0f4bb2eed9d,local-only/original-project
20260917-开发资料/source/market/dist/assets/pets/miku/thumb/standup/miku-pet-yun3.webp,134358,c1047c95739fa2e9e8f3e16eb04bef62ec666fee4020ec36c8c585e653b40838,local-only/original-project
20260917-开发资料/source/market/dist/assets/pets/miku/thumb/standup/miku-pet-yun4.webp,134098,e823c1cb9653c376e6d73e588a6a5bc411418678aa391b455fb5169017ab9d38,local-only/original-project
20260917-开发资料/source/market/dist/assets/pets/miku/thumb/standup/miku-pet-yun5.webp,135864,a0879b63b9e1c82230f31d5d8f016146ee25ae228d9f02191b263dadbf2e06d3,local-only/original-project
20260917-开发资料/source/market/dist/assets/pets/miku/thumb/standup/miku-pet-yun6.webp,126618,4b7a18385e011febbe9b2759e8b68a68ecc72fb2fa5a0d48911a5ab6a2efa83a,local-only/original-project
20260917-开发资料/source/market/dist/assets/pets/miku/thumb/standup/miku-pet-yun7.webp,128066,76fecaeed969e2509e360dcb6b2788dab94405762bb2d2e36b17d8046b479ebd,local-only/original-project
20260917-开发资料/source/market/dist/assets/pets/miku/thumb/standup/miku-pet-yun8.webp,130216,b990514332c86867603c9e3a250b40b91a306b95b6d333cf40e78adc35ea0863,local-only/original-project
20260917-开发资料/source/market/dist/assets/pets/miku/thumb/standup/miku-pet-yun9.webp,164802,994d5049592711dbbadc23a861f115335eb60e3ca34e05b846458011b8c43523,local-only/original-project
20260917-开发资料/source/market/dist/assets/pets/miku/thumb/success/miku-pet-workingyes1.webp,206600,30247da5780b5c5aec9dbfe8cc193e3112afa511c9973d27e193d9e7ac4bdf89,local-only/original-project
20260917-开发资料/source/market/dist/assets/pets/miku/thumb/success/miku-pet-workingyes2.webp,211544,dab28079bb89896ec9a85b8bb7f98749d5818840d69c47292fdb86ec4b56fa8c,local-only/original-project
20260917-开发资料/source/market/dist/assets/pets/miku/thumb/success/miku-pet-workingyes3.webp,204850,a43f81d89d583a29f7bd849ea6c9af68cca58259c4bdfc5fc95aa6524be13a48,local-only/original-project
20260917-开发资料/source/market/dist/assets/pets/miku/thumb/success/miku-pet-workingyes4.webp,215876,b74db56ad55cfb1ef198caa0700cf3d9b59f94e842106b2dc138e493003ef156,local-only/original-project
20260917-开发资料/source/market/dist/assets/pets/miku/thumb/success/miku-pet-workingyes5.webp,215630,df0f246e6880128e86569772d89ac8d9e615f2529a8d6ff8646f060ccdd2472a,local-only/original-project
20260917-开发资料/source/market/dist/assets/pets/miku/thumb/work/miku-pet-working1.webp,206600,30247da5780b5c5aec9dbfe8cc193e3112afa511c9973d27e193d9e7ac4bdf89,local-only/original-project
20260917-开发资料/source/market/dist/assets/pets/miku/thumb/work/miku-pet-working2.webp,217926,fba162254ad38da608afc956d1037ca9a15a2c09007245dcd2be76a753b92985,local-only/original-project
20260917-开发资料/source/market/dist/assets/pets/miku/thumb/work/miku-pet-working3.webp,214696,26754ccfa30dd93ede99b9b9ae767dcd4df58fc365fe71984c6284892d29a663,local-only/original-project
20260917-开发资料/source/market/dist/assets/pets/miku/thumb/work/miku-pet-working4.webp,219494,04d0d6408974881a4ffe5369b7e9ea57d4509287fa62763a7f01c003799352bb,local-only/original-project
20260917-开发资料/source/market/dist/assets/pets/miku/thumb/work/miku-pet-working5.webp,223094,c7d72763d19561017b415a7b91c2870362ec366e147f34fbbe3c719f8fdfba91,local-only/original-project
20260917-开发资料/source/market/dist/assets/pets/miku/thumb/work/miku-pet-working6.webp,224948,6a2551844c713c0749843a5b520e2ba2456418617fa2999174d51c2f0f03c585,local-only/original-project
20260917-开发资料/source/market/dist/assets/pets/ouo-neko/pet.json,619,a6cfc512687754e98497be8ea9b38e0d89cf3bc8ec83ee4fbc27651c04b20ebd,local-only/original-project
20260917-开发资料/source/market/dist/assets/pets/ouo-neko/previews/failed.gif,88145,41006a64c943329920a5aee1adb69128ce083d3f037ab593606f9ddc8b8a8d5f,local-only/original-project
20260917-开发资料/source/market/dist/assets/pets/ouo-neko/previews/idle.gif,72253,12da17cdfe0efafb20d6a6b0bc1cbb570da248fe3dbbfa75646cce183dedf352,local-only/original-project
20260917-开发资料/source/market/dist/assets/pets/ouo-neko/previews/jumping.gif,40249,6cb0c3d6da7ada3ffc18297ea43d70b7c7c3ca62caab10ab3561ca49671e1bc5,local-only/original-project
20260917-开发资料/source/market/dist/assets/pets/ouo-neko/previews/review.gif,78717,6405d15446bbde315815bc9bd296b128abb9d5b1486240193a12b93672d20a84,local-only/original-project
20260917-开发资料/source/market/dist/assets/pets/ouo-neko/previews/running-left.gif,88625,2e172e578d426cd587eee2811049234562efbbc1a2a96077be6597c55deb3cba,local-only/original-project
20260917-开发资料/source/market/dist/assets/pets/ouo-neko/previews/running-right.gif,100977,2972e2b96adfbb83c274810f81005e84f5c12021a3c2791d9e3f3d2ceda9dd59,local-only/original-project
20260917-开发资料/source/market/dist/assets/pets/ouo-neko/previews/running.gif,75342,6c0600cb25ac92c09731d34386c91db2d9d099558d1b76446e2a7414d281f8cd,local-only/original-project
20260917-开发资料/source/market/dist/assets/pets/ouo-neko/previews/waiting.gif,68249,3b624655532cc8eb3c95f40f87cbb778ee984d846c6ac3ea77dfed14a59890d1,local-only/original-project
20260917-开发资料/source/market/dist/assets/pets/ouo-neko/previews/waving.gif,46000,ca962b5309195e01998c6f4b64d85a987cb0125e354ddadb206adef021a63690,local-only/original-project
20260917-开发资料/source/market/dist/assets/pets/ouo-neko/spritesheet.webp,2372210,b7a113e8d80a072d63703d87dc720e0db4cb4fa27fe62f5716ea705c719d1138,local-only/original-project
20260917-开发资料/source/market/dist/assets/pets/starry-doll/pet.json,3444,ed2f0debd621d863e90dcf0fa7c5c42150302f89a30eee1bf752663cf62056ab,local-only/original-project
20260917-开发资料/source/market/dist/assets/pets/starry-doll/previews/failed.gif,67189,ea3d55ce71cb6c212afc70d297db2903aeb6e54c7b3dc3fd048dd7fc094509d3,local-only/original-project
20260917-开发资料/source/market/dist/assets/pets/starry-doll/previews/idle.gif,51997,25c9c52c94736dee1d2ae1e2cee5a291c6046cde2af5e3e233f25cbbf5e922a1,local-only/original-project
20260917-开发资料/source/market/dist/assets/pets/starry-doll/previews/jumping.gif,43237,8a5f1a5589ca691f69c5c22c0a5b3c1cb1265ee67fcac85fc67f14ca219697e1,local-only/original-project
20260917-开发资料/source/market/dist/assets/pets/starry-doll/previews/review.gif,54586,59906241c65778496d063eab2578861d706970f99edc9288428cd7ac99adaaaf,local-only/original-project
20260917-开发资料/source/market/dist/assets/pets/starry-doll/previews/running-left.gif,68806,6f2335cf9ee1d45c7140051ac4ee4dd43f762a84a5e44825c5a7a48e14b247bd,local-only/original-project
20260917-开发资料/source/market/dist/assets/pets/starry-doll/previews/running-right.gif,68126,0c2a214d45233f39d0b659a03cae83a958621167dff40b2b4814c59c0bf2e061,local-only/original-project
20260917-开发资料/source/market/dist/assets/pets/starry-doll/previews/running.gif,52373,e0bc71b04eb070663a7b63593eaaaf90c7bd5aee24c5a87092b1a8097db979f7,local-only/original-project
20260917-开发资料/source/market/dist/assets/pets/starry-doll/previews/waiting.gif,51402,c2d69a8ec17171c6e1c023fdb18656e965896f97d511680d4352abcaaab05a43,local-only/original-project
20260917-开发资料/source/market/dist/assets/pets/starry-doll/previews/waving.gif,34070,c10b0dd5d067e18b56b16c2765cd339acd354302d7db60051f70dbdf5498d0a9,local-only/original-project
20260917-开发资料/source/market/dist/assets/pets/starry-doll/spritesheet.webp,395630,ee3fe03cc3052af2d3cff164d13b10d763b2415e3030f2cce23aa84940e73656,local-only/original-project
20260917-开发资料/source/market/dist/assets/pets/whale-girl/pet.json,2718,d6aa4b1d4eb831333ca050ba69ff3ef641b8d49712d6d619e3b6f00702584d13,local-only/original-project
20260917-开发资料/source/market/dist/assets/pets/whale-girl/previews/failed.gif,69700,c4c7853dcbe03de2123e575ecec532b6e0eb2e8398436b57e93d610b13c1b2ef,local-only/original-project
20260917-开发资料/source/market/dist/assets/pets/whale-girl/previews/idle.gif,59907,13e3d51fdc4d23c55c678cc0237d7b14dbade921c5d956aae26d9931e094e1bc,local-only/original-project
20260917-开发资料/source/market/dist/assets/pets/whale-girl/previews/jumping.gif,56095,8ba5f3113a3bb86e941cef1378d931ed19061397e5ca6a42bf290e395145cc30,local-only/original-project
20260917-开发资料/source/market/dist/assets/pets/whale-girl/previews/review.gif,55853,ba932b8a0ca8e366db5537902b95f627e2f65ece7dd28216f951dd77f01771f3,local-only/original-project
20260917-开发资料/source/market/dist/assets/pets/whale-girl/previews/running-left.gif,76397,573d8d1bf6dd730b7d154baadd395064ab9cd9b3c5ce2fd82108772dc76255bb,local-only/original-project
20260917-开发资料/source/market/dist/assets/pets/whale-girl/previews/running-right.gif,76352,10bd88079bb7159c15de2c713066240ab45550f714fcd46ce77f0bbf57fdb58f,local-only/original-project
20260917-开发资料/source/market/dist/assets/pets/whale-girl/previews/running.gif,65127,f810665d6e25d78f4517cb5cdea5fccf6682cdbace85cbf72e3304f953496ac7,local-only/original-project
20260917-开发资料/source/market/dist/assets/pets/whale-girl/previews/waiting.gif,54442,91fd06a02de49edc5d6867a219ef11c07c60eb378869244cc83b7ecafb97e482,local-only/original-project
20260917-开发资料/source/market/dist/assets/pets/whale-girl/previews/waving.gif,39296,151e11c7494c46a0cd07f8e304ea3680079e676a39ed2c223e7c61de5cdd513e,local-only/original-project
20260917-开发资料/source/market/dist/assets/pets/whale-girl/spritesheet.webp,1544154,6c2c26ebaf920d69403da90c7fe844ce64cd2984f5bf7f3bd677b07e5a3914df,local-only/original-project
20260917-开发资料/source/market/dist/assets/pets/whale-girl-refined/pet.json,1851,f691dd3d96aa924afa6c61db4d861311bc9eedf2fea34fe60e98f8c33c0f2a8d,local-only/original-project
20260917-开发资料/source/market/dist/assets/pets/whale-girl-refined/previews/idle.gif,127385,ff72a16a90742bf193601a697c31a15ff21acca238515f5a8d883945e0a162e5,local-only/original-project
20260917-开发资料/source/market/dist/assets/pets/whale-girl-refined/spritesheet.webp,2199642,db33b20086a14867d4d4595d4f9bfd76b2479abbb5d712bbb51a2540483c1130,local-only/original-project
20260917-开发资料/source/market/dist/assets/presets/roleplay-ailiya/agent.cordis.yml,5722,1e510f05d16621e8b98b030e11f029d47ac87018de4ce5911865e5443f603e6d,local-only/original-project
20260917-开发资料/source/market/dist/assets/presets/roleplay-ailiya/preset.yml,251,70ec628154f965b17ddf70ea6d9a9af17eb3d143762e61d5ef6cdc06d8336f1c,local-only/original-project
20260917-开发资料/source/market/dist/assets/presets/roleplay-baili/agent.cordis.yml,5997,bc1b56266f3b1fad23f7553e1a2118aba12c9f02b4ef7fc5872346b0e835d0e7,local-only/original-project
20260917-开发资料/source/market/dist/assets/presets/roleplay-baili/preset.yml,257,108004d8c1ca72ddbfbecb0e0fd31d4f5fb9d59d8f387a02d9a02b08764faa88,local-only/original-project
20260917-开发资料/source/market/dist/assets/presets/roleplay-baixiaoxiao/agent.cordis.yml,6027,3e78a9c66707fd746cfe145e10d2f90dc55e0c76f4dbbb355cad0a135906078c,local-only/original-project
20260917-开发资料/source/market/dist/assets/presets/roleplay-baixiaoxiao/preset.yml,278,70be7b82ec82ff898ed2c67bb108a14f081ee65d9b16ae96b149a97ff5694de6,local-only/original-project
20260917-开发资料/source/market/dist/assets/presets/roleplay-chengwei/agent.cordis.yml,5662,f8583806ee33a2bc3fa28aa89bc6c8b83568095d4cfc4bc5e965948ca9cb583b,local-only/original-project
20260917-开发资料/source/market/dist/assets/presets/roleplay-chengwei/preset.yml,266,bc0ff4c7939fc3794e17c3d02e97af03e7e233cbbafa320bcc2a4095255d46ab,local-only/original-project
20260917-开发资料/source/market/dist/assets/presets/roleplay-fangxiaotang/agent.cordis.yml,5899,64f270702c66a962c94f169fb3db6a185cac64bd4936a2b16d74388f04805ce6,local-only/original-project
20260917-开发资料/source/market/dist/assets/presets/roleplay-fangxiaotang/preset.yml,251,989cfcbadc4192e6e31b562d6e65f13bfe5fe5f007801f1c9818d556734d3a0f,local-only/original-project
20260917-开发资料/source/market/dist/assets/presets/roleplay-guqingyan/agent.cordis.yml,5945,e35751e193c93ab7908be607eb0f05f372079ffc84f6bba370d2e4c643880b42,local-only/original-project
20260917-开发资料/source/market/dist/assets/presets/roleplay-guqingyan/preset.yml,277,9a0075f14fee91089ebe1d8db95d9d37886a564c87470138772db3cff0e4690f,local-only/original-project
20260917-开发资料/source/market/dist/assets/presets/roleplay-gushumo/agent.cordis.yml,5381,cbf7fe8e06d1fc89aaa6b9717767b1ed4fd4a5c60693fae29b69f7cb4bb7cc12,local-only/original-project
20260917-开发资料/source/market/dist/assets/presets/roleplay-gushumo/preset.yml,269,39707452e17868c70fedbf997b51d6699bd9bb58210322b5d12c936f2dc5726f,local-only/original-project
20260917-开发资料/source/market/dist/assets/presets/roleplay-jianghe/agent.cordis.yml,5704,ae3b81c9b2db3e13e21773100bb9fc73a8bd5fd065bd6d257779f7a4fd4bc5ac,local-only/original-project
20260917-开发资料/source/market/dist/assets/presets/roleplay-jianghe/preset.yml,257,ecd0d7bf4588f2a3f8064e0d22fc1c4f97813a088f260f7245d76873b30e20f9,local-only/original-project
20260917-开发资料/source/market/dist/assets/presets/roleplay-jiangwanyue/agent.cordis.yml,5409,d83a7c2f5e8f1dc42aa9db0a84b09be9f12443c10be9af3075158e9aa1a7a5f2,local-only/original-project
20260917-开发资料/source/market/dist/assets/presets/roleplay-jiangwanyue/preset.yml,263,3ed148107e67a4c9ebc7e1238b5794aa87f2f79e6d11bb029c35834accb56435,local-only/original-project
20260917-开发资料/source/market/dist/assets/presets/roleplay-lanxi/agent.cordis.yml,5023,067379644fb8d03952e4f89ad15a59bf3e4d6b3d01164afa7e11228251b1a8c1,local-only/original-project
20260917-开发资料/source/market/dist/assets/presets/roleplay-lanxi/preset.yml,272,5e0b028331137a6082707caf4e165e44d76440276dc6f782a3fdaadb29f04767,local-only/original-project
20260917-开发资料/source/market/dist/assets/presets/roleplay-lengshuang/agent.cordis.yml,4800,6bdee1051a2965f0f8c41078c18f7b1ff8082905ea87e59b79ed4aa23bd2c549,local-only/original-project
20260917-开发资料/source/market/dist/assets/presets/roleplay-lengshuang/preset.yml,278,d9f658d6cc92d1754afbe60c1a83aab912e420fb4e4bccc2f51dd027ab3a3520,local-only/original-project
20260917-开发资料/source/market/dist/assets/presets/roleplay-linjingshen/agent.cordis.yml,5613,1fd53fbf7855a1449b29a7812ab35ead5db6f096a48eacb3aadbd182718ee914,local-only/original-project
20260917-开发资料/source/market/dist/assets/presets/roleplay-linjingshen/preset.yml,284,4964f3b7e6d120325d00d46a4ddfe7f5e11237c65d12fe97e1f3a83c0fde3c5d,local-only/original-project
20260917-开发资料/source/market/dist/assets/presets/roleplay-linxiaoman/agent.cordis.yml,6078,d9965e6d979a30156d4adfb7c6cdb77bf781df97140200f2c4bc54f2b695a692,local-only/original-project
20260917-开发资料/source/market/dist/assets/presets/roleplay-linxiaoman/preset.yml,257,393f111a1697c3cdc2504361a12b65746fee8667738a1a0dbfc9581ee653f854,local-only/original-project
20260917-开发资料/source/market/dist/assets/presets/roleplay-luciqing/agent.cordis.yml,4950,15cbe3313cca12d980b43bdbee560eb9aeed07299a25fcdeeaa163e55b25aa80,local-only/original-project
20260917-开发资料/source/market/dist/assets/presets/roleplay-luciqing/preset.yml,236,19b4816c287a2ffdb0078de506a364925fd66feeeb3d511d5efd7f16c1485e09,local-only/original-project
20260917-开发资料/source/market/dist/assets/presets/roleplay-moling/agent.cordis.yml,5602,4e074c66afce9386788a90ef4d775a9a74c5538aafffd2517de414baf5b4cb7a,local-only/original-project
20260917-开发资料/source/market/dist/assets/presets/roleplay-moling/preset.yml,257,efc6081412e5bb91bbb7d4334a65e692887b97c6b6f837a6d74da0550331573f,local-only/original-project
20260917-开发资料/source/market/dist/assets/presets/roleplay-ningxiao/agent.cordis.yml,5512,ccb713eef51c752919376cc872db2b2c287f6552c1a3bc1f32393da51d3effec,local-only/original-project
20260917-开发资料/source/market/dist/assets/presets/roleplay-ningxiao/preset.yml,251,90961b0ece6cd26a67286b4669ed9666110f7c821afad8f2de9ce41de722e6e5,local-only/original-project
20260917-开发资料/source/market/dist/assets/presets/roleplay-nuoma/agent.cordis.yml,6749,c45e16a96555d25b2a155779d5788e324474aea8704ece6d944fe6bccb2d0480,local-only/original-project
20260917-开发资料/source/market/dist/assets/presets/roleplay-nuoma/preset.yml,269,1525c420e825dd9c5694887c8180263f0506b9e49bb1258c6c6962765a765177,local-only/original-project
20260917-开发资料/source/market/dist/assets/presets/roleplay-qiaoyouyou/agent.cordis.yml,5018,d6bc23295fed6004b036f9a517ea48e61ac5347b3b9e299e5b557ea068aa4c37,local-only/original-project
20260917-开发资料/source/market/dist/assets/presets/roleplay-qiaoyouyou/preset.yml,257,0e62abdc141c10f243fcd54d67180737e22e22bc135df556b40c140239541f4e,local-only/original-project
20260917-开发资料/source/market/dist/assets/presets/roleplay-ruanqingxiao/agent.cordis.yml,5259,06b6ce7041b0184c18632d445e21688f4ec1a2b4588b11752687611167955de4,local-only/original-project
20260917-开发资料/source/market/dist/assets/presets/roleplay-ruanqingxiao/preset.yml,269,979198bd14d31aea2ac4536b7f211ca2286ff1cefdd6dd866881a71d5655c6fd,local-only/original-project
20260917-开发资料/source/market/dist/assets/presets/roleplay-shennian/agent.cordis.yml,5547,a3601a051235c7513856cf95bd305a5203db89c233e0b4dd3067736c3612ef9e,local-only/original-project
20260917-开发资料/source/market/dist/assets/presets/roleplay-shennian/preset.yml,233,d0f1b4fb49fb3b095f097ae3bb4219f77a4134d96cb512eb14b52c22a1b6d092,local-only/original-project
20260917-开发资料/source/market/dist/assets/presets/roleplay-shenye/agent.cordis.yml,4711,afe69a27ba33285a1a807394efe339b4fb59a997d809a08aa27e222dfb9efffe,local-only/original-project
20260917-开发资料/source/market/dist/assets/presets/roleplay-shenye/preset.yml,245,4b2afdfad6274caa5da74de43277d89aecf1d9e724bd01373f1008a1c18daa4a,local-only/original-project
20260917-开发资料/source/market/dist/assets/presets/roleplay-songye/agent.cordis.yml,5107,fccd7610a077018880ce1f93339c9783ea6939048de7392c303abc8f6eb92691,local-only/original-project
20260917-开发资料/source/market/dist/assets/presets/roleplay-songye/preset.yml,233,2e593404dafddf13542ee58820f1357c39b38ca5939b07c6ca5c356be864fdba,local-only/original-project
20260917-开发资料/source/market/dist/assets/presets/roleplay-sumianmian/agent.cordis.yml,5592,4506947e0bed8940fc19865f41fe249fb996f2ad9ea94895848889f87da36cbf,local-only/original-project
20260917-开发资料/source/market/dist/assets/presets/roleplay-sumianmian/preset.yml,287,5388451c242696c51267ea4dce96943c7ddeeccfc6d6d4b34a2377212438e77f,local-only/original-project
20260917-开发资料/source/market/dist/assets/presets/roleplay-sunianqing/agent.cordis.yml,5506,074b90c4030924060d2724b07176bc52098707b50f2b6ba6af19402d11150afa,local-only/original-project
20260917-开发资料/source/market/dist/assets/presets/roleplay-sunianqing/preset.yml,254,0360bd09758c801585b24f525c62836663a5ac8304237b3d6873979e71a49cfc,local-only/original-project
20260917-开发资料/source/market/dist/assets/presets/roleplay-suwanxing/agent.cordis.yml,5154,3a4e8acff1dded5649529f66bd36d8bffc53858298ab5a18f2e23bebfc67c162,local-only/original-project
20260917-开发资料/source/market/dist/assets/presets/roleplay-suwanxing/preset.yml,245,60f53c75eb7a7deac6cebe86d5dfa6e560b666460a00b344477149bd3b17e568,local-only/original-project
20260917-开发资料/source/market/dist/assets/presets/roleplay-wenyining/agent.cordis.yml,5514,97d5384524da37e2dd01ae8c2d7db4095c2a7550c8a45529a126dfbf53536f5c,local-only/original-project
20260917-开发资料/source/market/dist/assets/presets/roleplay-wenyining/preset.yml,257,2c0cf78c205205d74f40a64f4c1cb0e2acd39dadcef7239b521de7f398c89e84,local-only/original-project
20260917-开发资料/source/market/dist/assets/presets/roleplay-xiaweiyang/agent.cordis.yml,5047,471539e18cf152847193535f8bd9e07b19d16ed29be3a0952125d682dcb70cd6,local-only/original-project
20260917-开发资料/source/market/dist/assets/presets/roleplay-xiaweiyang/preset.yml,272,0d8976a5ef8dbdb35d04c7346144161f3bb06c4a36120f8db70c8f75bc7bd31f,local-only/original-project
20260917-开发资料/source/market/dist/assets/presets/roleplay-xiewanzhou/agent.cordis.yml,5646,883a404b531a7a198b8ef0105e2674861ee36358d90b1968845f97fb7580ccd1,local-only/original-project
20260917-开发资料/source/market/dist/assets/presets/roleplay-xiewanzhou/preset.yml,272,6fe9f06c8ce1386c8ac5c96fc66f0214324b9f8baaecf22ae42790d5b0b02759,local-only/original-project
20260917-开发资料/source/market/dist/assets/presets/roleplay-xushuyan/agent.cordis.yml,5777,cee6e69f64a5007b77e0c6d922626e74a816a74ecf43356d50815ca866a42003,local-only/original-project
20260917-开发资料/source/market/dist/assets/presets/roleplay-xushuyan/preset.yml,278,caf635bd80224ac459d1bf7ed2606088b7aca92200fb5861b21592f1622ba15a,local-only/original-project
20260917-开发资料/source/market/dist/assets/presets/roleplay-yeling/agent.cordis.yml,5382,23ef186e1e2ca833b1545e09cfda0d3cd8917bc6cd009d55cc6ca7b9b80706dd,local-only/original-project
20260917-开发资料/source/market/dist/assets/presets/roleplay-yeling/preset.yml,233,8a6466bd6dc022a4c3e1474c2ab7cc3d73d66c315131db09d6a1515fba4dc58e,local-only/original-project
20260917-开发资料/source/market/dist/assets/presets/roleplay-yetingyu/agent.cordis.yml,4397,32836e40dab3fa2ed4e4e97841d89e45bd8ae04cadf1b54ddcbd29b55b79e17b,local-only/original-project
20260917-开发资料/source/market/dist/assets/presets/roleplay-yetingyu/preset.yml,236,30b5b56724edc762e2d661c9619db00723c6af66ec64b2e72776bf782db64e36,local-only/original-project
20260917-开发资料/source/market/dist/assets/presets/roleplay-yunzhi/agent.cordis.yml,5742,040da3b58df5dce7b757efc11430bad0228d80bcf55d33a87424023075db14ac,local-only/original-project
20260917-开发资料/source/market/dist/assets/presets/roleplay-yunzhi/preset.yml,272,276e87d248dba9fce3966913daccb6a7ee3fd3b01ef811fccb7e6ec3e6750122,local-only/original-project
20260917-开发资料/source/market/dist/assets/skins/abyssal-serenade/assets/background-dark.webp,14804,113a57258aad8e8f68d5ea0a072f6d00fbecb7f2155449d791560f1c907d8302,local-only/original-project
20260917-开发资料/source/market/dist/assets/skins/abyssal-serenade/assets/background-light.webp,60524,285841946a1720b04ad87012cfab1799878044d62e4fe1c9e7175b7c1b45a269,local-only/original-project
20260917-开发资料/source/market/dist/assets/skins/abyssal-serenade/hooks.mjs,2814,c920106a33ffabbf235d2f11cbd4d1d55a40bda36a69b154567307eaaa0bf982,local-only/original-project
20260917-开发资料/source/market/dist/assets/skins/abyssal-serenade/preview/dark.jpg,51816,f0a71168a0954043278fcf9a8d4488931e2490b76b066ffc5a8445e9d64eae40,local-only/original-project
20260917-开发资料/source/market/dist/assets/skins/abyssal-serenade/preview/light.jpg,90109,15b29d7eaffe8308d481f8df43af1d67354e8bee28a114bfc9e7ad32698148a4,local-only/original-project
20260917-开发资料/source/market/dist/assets/skins/abyssal-serenade/README.md,2024,e3c1e3f1a4d3f8ac515ebf2a259d344565a3140447fc6e05d2da734bc437cc7a,local-only/original-project
20260917-开发资料/source/market/dist/assets/skins/abyssal-serenade/README.zh.md,1849,2e10a057e4072c6946dda66642f9c57f827052d21a9683ae131047acb79bfe92,local-only/original-project
20260917-开发资料/source/market/dist/assets/skins/abyssal-serenade/skin.css,10437,9ed7d275451f15c5ac23d6c9b4d1049b5f9af7865688451e8ce13ae74c2b70dc,local-only/original-project
20260917-开发资料/source/market/dist/assets/skins/abyssal-serenade/skin.json,1773,ff9ac39a1e5b6607e0a0795505e9556a1c957e956b50d7dbdeca59e96edcf874,local-only/original-project
20260917-开发资料/source/market/dist/assets/skins/abyssal-serenade.zip,237432,d360151361b3408c296f04bdccdd2e5f74d9b78258acaf7a8a3639cac40f3af2,local-only/original-project
20260917-开发资料/source/market/dist/assets/skins/astral-choir/assets/astral-bg.jpg,259518,14815625037ac785c79ce2357989b1458051a8c92a3d7e72d33900aca9315c07,local-only/original-project
20260917-开发资料/source/market/dist/assets/skins/astral-choir/assets/astral-hero-dark.svg,2089,8be5e826cc84b759739e969748e82c738df6e02147050bed249efffa05bde796,local-only/original-project
20260917-开发资料/source/market/dist/assets/skins/astral-choir/assets/astral-plate-dark.svg,2245,4ab4a6ebd908157f76681c294e9eeabd2aa9a1fe047d1831645fc57fac4440fa,local-only/original-project
20260917-开发资料/source/market/dist/assets/skins/astral-choir/assets/astral-sleeve-dark.svg,684,b6bf4b992b1ce5c260fedc66105ff120548bc018c30149ed71726d9b6a209d48,local-only/original-project
20260917-开发资料/source/market/dist/assets/skins/astral-choir/LICENSE,7048,a2010f343487d3f7618affe54f789f5487602331c0a8d03f49e9a7c547cf0499,local-only/original-project
20260917-开发资料/source/market/dist/assets/skins/astral-choir/patches.css,15722,f3620249532d5fa9dc3b793326394c30ddca6defc1c0c83a1952904e4418302e,local-only/original-project
20260917-开发资料/source/market/dist/assets/skins/astral-choir/preview/dark.jpg,102621,d4a9a7158e1d652f1adbea6d5ed8dc41103135ae9ef5356abb1bdbbd47dca8d9,local-only/original-project
20260917-开发资料/source/market/dist/assets/skins/astral-choir/preview/light.jpg,111777,b3d948be5c248fa7b7386c6e5e36369edc2aa0766f8c29f7b5f1dd942bb47c2b,local-only/original-project
20260917-开发资料/source/market/dist/assets/skins/astral-choir/README.md,2748,c0fdaf459be4fdafde1b4e097ed0846c9e6e19876023b246d055d7dd39eeda77,local-only/original-project
20260917-开发资料/source/market/dist/assets/skins/astral-choir/README.zh.md,1470,e2ba9bd843eeb75352f5eecf049f6e35266c052454ab71def9384b068147e34d,local-only/original-project
20260917-开发资料/source/market/dist/assets/skins/astral-choir/skin.css,11696,7594e8bde8a9effcaf2aa02617cc130322d2506f58e422db2a9f0ca3b7b4bb33,local-only/original-project
20260917-开发资料/source/market/dist/assets/skins/astral-choir/skin.json,1639,172a67acef6f59ddd35a78292a5cac076d8bd9eae896d249d91dea183a2f0f4b,local-only/original-project
20260917-开发资料/source/market/dist/assets/skins/astral-choir.zip,520889,b777778cc021ca733a87e8da44a576093d541c9cd9cd2836d36674957200b3e7,local-only/original-project
20260917-开发资料/source/market/dist/assets/skins/black-gold/assets/gilded-corner-bl.svg,727,cff4c928d80071a7b2508018c40e910c7b0a4e84ae79ca00cecafa3df0b2a38c,local-only/original-project
20260917-开发资料/source/market/dist/assets/skins/black-gold/assets/gilded-corner-br.svg,729,7df77f8161ddc5ab1659b203c4f41b72e0b627c533762d9edcfb93c39c52a5e7,local-only/original-project
20260917-开发资料/source/market/dist/assets/skins/black-gold/assets/gilded-corner-tl.svg,714,d0435a84e4ea4b236e9c51f2cc5b6736aec3363937bacecfed833ee5d08d165b,local-only/original-project
20260917-开发资料/source/market/dist/assets/skins/black-gold/assets/gilded-corner-tr.svg,727,2905e7732e00c22530e1f699aac5f65cc1987cd01b7e5a913bcf79c5b296de9f,local-only/original-project
20260917-开发资料/source/market/dist/assets/skins/black-gold/assets/gilded-divider.svg,675,eeac20e56a418bbbf82fab94b7e3ef6137a3ae27b33f5333012ddeb662d70788,local-only/original-project
20260917-开发资料/source/market/dist/assets/skins/black-gold/assets/gilded-flourish.svg,685,26ef76e8c0f25efa4843c6d9349b36956d166939c7c8c8acf5895adc9cc5c364,local-only/original-project
20260917-开发资料/source/market/dist/assets/skins/black-gold/assets/gilded-meander.svg,204,bc2b9d55e59be9292920bbd13c7969c36b586ab5e1f638a6e50c62252b57c1d0,local-only/original-project
20260917-开发资料/source/market/dist/assets/skins/black-gold/assets/gilded-seal.svg,3857,929a4c1e7e525973bdebabdd476d9362a4dd47ada476375a2d4e96acff7f2498,local-only/original-project
20260917-开发资料/source/market/dist/assets/skins/black-gold/assets/gilded-tick-bl.svg,337,ad2d7cd80e8da3a320dc67fef434354837b38dea41504ad478e56b6c78dca3d7,local-only/original-project
20260917-开发资料/source/market/dist/assets/skins/black-gold/assets/gilded-tick-br.svg,339,efe1482369f6e6685b80b76440de5d4807e830067f5c15331fe8b0f4d77122a7,local-only/original-project
20260917-开发资料/source/market/dist/assets/skins/black-gold/assets/gilded-tick-tl.svg,324,9fa81015047d6a8ea52eed93dba58359e84bfeae542aad26a9a6befafb4c0862,local-only/original-project
20260917-开发资料/source/market/dist/assets/skins/black-gold/assets/gilded-tick-tr.svg,337,22966590b7f8d2a125f0bbe99a64418a6f573cdc2527f4bad1e39d55839a5d43,local-only/original-project
20260917-开发资料/source/market/dist/assets/skins/black-gold/assets/liujin-bg.png,1788307,7f531b09fa362ee4d93241ec6b0d55c11f8e02a49d568eb458e24cdb126f92fc,local-only/original-project
20260917-开发资料/source/market/dist/assets/skins/black-gold/assets/vermilion-seal.svg,466,d815fa3bfb757c8ca36d352ad62a325b947455381ae4bdbddd84b0e79e3195be,local-only/original-project
20260917-开发资料/source/market/dist/assets/skins/black-gold/patches.css,19109,85474dcfabc1840dd69041fb95a49d0c136b99d9ca8d49a6c6129e79792854bc,local-only/original-project
20260917-开发资料/source/market/dist/assets/skins/black-gold/preview/dark.jpg,101824,a0d20f450bd2bbfd735e29a640a0becd442d3a39e2acd7292da87111fb125b30,local-only/original-project
20260917-开发资料/source/market/dist/assets/skins/black-gold/preview/light.jpg,101812,5bdc6c6d916c0730583c779008eefdef0aec8c539f9c0a97ff455b730dea7332,local-only/original-project
20260917-开发资料/source/market/dist/assets/skins/black-gold/README.md,2289,c920d4d9a5eeed6bd6cb27f91a9c02a32c04ac6852b1f3ef6f8847445252c219,local-only/original-project
20260917-开发资料/source/market/dist/assets/skins/black-gold/README.zh.md,2066,115ad01f36f5a83df6812e3cd9957bab04b4550dc4fcdcbcd5c776a70ac48fab,local-only/original-project
20260917-开发资料/source/market/dist/assets/skins/black-gold/skin.css,9547,effbbd80e5e6fda5696bed6dfbcaa6f1223651a18685a7fad04a9adce16cbbd2,local-only/original-project
20260917-开发资料/source/market/dist/assets/skins/black-gold/skin.json,1629,c9f91788325c3d2aab0267040c1b8991e395399fa1120ba9c9204bf6992e1a5b,local-only/original-project
20260917-开发资料/source/market/dist/assets/skins/black-gold.zip,2039650,5b9f61d5f45c312aec69be78299bef3643ee4a4cb690495edad0506a64ef210c,local-only/original-project
20260917-开发资料/source/market/dist/assets/skins/blue-fantasy/assets/whale-art.jpg,214984,1bec59fd53652555e727e529046422db25b977624e9c291bb8b78e0caf952303,local-only/original-project
20260917-开发资料/source/market/dist/assets/skins/blue-fantasy/assets/whale-icon.png,8803,d1e6058d19b04817a623dc6e3a99405c70defaf412e9296edf7dbe2032ff7cbe,local-only/original-project
20260917-开发资料/source/market/dist/assets/skins/blue-fantasy/hooks.mjs,1102,21ac2ad4d4423acf31e3391bfba18ce2d9eec7b192f7a0ba47e8a0c843ff15a5,local-only/original-project
20260917-开发资料/source/market/dist/assets/skins/blue-fantasy/patches.css,26898,b91bc59d3a1babee16d19d8a0cab49a080ea8c7d7da34f830454dc5b451862c8,local-only/original-project
20260917-开发资料/source/market/dist/assets/skins/blue-fantasy/preview/dark.jpg,157850,28bc42f5ecf1a735cd992be01e4b18477040774d854fe4cebe1b508758030379,local-only/original-project
20260917-开发资料/source/market/dist/assets/skins/blue-fantasy/preview/light.jpg,188476,e1f002aff8519e78a46d9ae8b8cc612bc6e76df93efe86bbbdeb2b5897b2522a,local-only/original-project
20260917-开发资料/source/market/dist/assets/skins/blue-fantasy/skin.css,11569,eb4828f5fa4539e484a3bf7425cf01101fce72d78eaf7e2c9acc9cb31ddcf040,local-only/original-project
20260917-开发资料/source/market/dist/assets/skins/blue-fantasy/skin.json,1628,b22cc82145e1f90f4257af1411724e34a99513761290980fb5f8d25727809808,local-only/original-project
20260917-开发资料/source/market/dist/assets/skins/blue-fantasy.zip,612370,5a320f6ed3cc7bd0df560eab7aab3c9538714dba3bf1fca64b07036333e97969,local-only/original-project
20260917-开发资料/source/market/dist/assets/skins/blue-throated-bee-eater/assets/blue-throated-bee-eater.jpg,227950,0d1812008e2b3dbc09ea4c7c05082a4282b4fa7f83a5467d50d22975761fcfdb,local-only/original-project
20260917-开发资料/source/market/dist/assets/skins/blue-throated-bee-eater/assets/selected-flower.svg,3884,f56479d0591e6bc883ecb68c8d46bffeeb3c26dffff406458e1e4a5cd86107c7,local-only/original-project
20260917-开发资料/source/market/dist/assets/skins/blue-throated-bee-eater/assets/selected-grass.svg,4445,72bc12311d31ed64b005b076489f3ec976bd96c315459038510d18a6a203673d,local-only/original-project
20260917-开发资料/source/market/dist/assets/skins/blue-throated-bee-eater/LICENSE,11358,cfc7749b96f63bd31c3c42b5c471bf756814053e847c10f3eb003417bc523d30,local-only/original-project
20260917-开发资料/source/market/dist/assets/skins/blue-throated-bee-eater/NOTICE,954,dfad27eea67d0789191755e8c5395d0c311ffd5dcfe8adc269fa6c0f09f15974,local-only/original-project
20260917-开发资料/source/market/dist/assets/skins/blue-throated-bee-eater/preview/dark.jpg,54332,de0a49e49cba4d72fef4348052cb63ee6eadab594da584d3db106aaaacd0aab0,local-only/original-project
20260917-开发资料/source/market/dist/assets/skins/blue-throated-bee-eater/preview/light.jpg,57671,5580e9e4739c9c16b7ccdfbd624654373ebb28e80a5fb0d13b88e901e2d45d3e,local-only/original-project
20260917-开发资料/source/market/dist/assets/skins/blue-throated-bee-eater/README.md,3557,ffce86b2fd6ff5d2a8bd936fc51a397508ea7b6c9962066d37fd7fe9d8f185f2,local-only/original-project
20260917-开发资料/source/market/dist/assets/skins/blue-throated-bee-eater/README.zh.md,3207,bf0afd72f5c24dd3c1c15a62c72cac17258dc30f512d17a39b6055e0a4a34d70,local-only/original-project
20260917-开发资料/source/market/dist/assets/skins/blue-throated-bee-eater/skin.css,11670,f2fd635ff9d82ebdd5d308893a65178d94db8b9662e8c8ca4b043b9ae2244a14,local-only/original-project
20260917-开发资料/source/market/dist/assets/skins/blue-throated-bee-eater/skin.json,1970,391478f54160e0dd434592626d7eaed077bf01fe4274d29005c1ba8e445b71e1,local-only/original-project
20260917-开发资料/source/market/dist/assets/skins/blue-throated-bee-eater.zip,382722,9faeb2eb9021ba8da4a90db903a5b1eb140d9d08bd1e771f8dc67c5d98bc21f8,local-only/original-project
20260917-开发资料/source/market/dist/assets/skins/blueprint/assets/whale-fill.png,103605,506aa19a431664143e94c589112666fdc8eeacaf0d85b700cdd7f978eaa8f9b5,local-only/original-project
20260917-开发资料/source/market/dist/assets/skins/blueprint/assets/whale-line.png,598636,62ef5060273196be5820bfa0b00ee0a34f4ee01c7c22f9a8e5d50b9e138088e3,local-only/original-project
20260917-开发资料/source/market/dist/assets/skins/blueprint/hooks.mjs,16937,4f6c7db598e72469920d1dbafd5c20cec39f435f225220ffc860636523ed70bb,local-only/original-project
20260917-开发资料/source/market/dist/assets/skins/blueprint/patches.css,14507,75814dc7a178b58ac94f629e92380d01f9b767bdd37a5bdb67c095481ddece0a,local-only/original-project
20260917-开发资料/source/market/dist/assets/skins/blueprint/preview/dark.jpg,182772,23f07f326dbe8ca2e3b410ad7b2cdc34d2a99abdb627f2cab36db453359eb996,local-only/original-project
20260917-开发资料/source/market/dist/assets/skins/blueprint/preview/light.jpg,151328,ce509c20df67cedab372481cacc24293c224a0f9457c7fde337cd68540c391a5,local-only/original-project
20260917-开发资料/source/market/dist/assets/skins/blueprint/skin.css,9459,21ff2e7aab88f2c4b0c83d1283d5d39b14466ef030cb1606abb23639901d7385,local-only/original-project
20260917-开发资料/source/market/dist/assets/skins/blueprint/skin.json,1629,e36d9d53aae73c4693e36fc2e130bca2996cda6dcd8f80917627897774232a3e,local-only/original-project
20260917-开发资料/source/market/dist/assets/skins/blueprint.zip,1079887,ef73e14c435e870fb8c2d8c80e31a7db07c4be4e0566fe389d478a5a06ab02c4,local-only/original-project
20260917-开发资料/source/market/dist/assets/skins/cafe-roastery/assets/bg-final-espresso.png,39231,60f3d8597b7c9e42dbda064664b8869a2b0dea23c049cd5dbadaad084a1856fe,local-only/original-project
20260917-开发资料/source/market/dist/assets/skins/cafe-roastery/assets/bg-final-latte.png,39233,a8c04fe64743722e77399a23e295230d1b0dda69496d5ba3a2a8677781b80eee,local-only/original-project
20260917-开发资料/source/market/dist/assets/skins/cafe-roastery/patches.css,8297,cf3420601333c3240cacfe933fa24cadee3a04eafaa0561e1560e1bb66e7c8a4,local-only/original-project
20260917-开发资料/source/market/dist/assets/skins/cafe-roastery/preview/dark.png,507839,88b69c1c98713b548def179108b675c487348f92dcba16064f1ac36185df6629,local-only/original-project
20260917-开发资料/source/market/dist/assets/skins/cafe-roastery/preview/light.png,524309,2681bb8ce78a9b701fbb75434a503f9c4d3b46203bece15b4ad34ccbcc7baf52,local-only/original-project
20260917-开发资料/source/market/dist/assets/skins/cafe-roastery/skin.css,10600,613619b71107fcc52b597ac0ba2dc76a9603adfda6e22e9a9f8885ea787e71ca,local-only/original-project
20260917-开发资料/source/market/dist/assets/skins/cafe-roastery/skin.json,1434,8d08afca42204da8c11f2ec238fcc278e606b5e277caf7b77098126b771f95d3,local-only/original-project
20260917-开发资料/source/market/dist/assets/skins/cafe-roastery.zip,1131921,71d454e414455f823542e0a5046a1d7d9c2099eb367ed180bc6dbccfd966cbff,local-only/original-project
20260917-开发资料/source/market/dist/assets/skins/catppuccin/patches.css,1330,22c4f2fc862bf618a51015a460b7d93fbb1e9e0d3cbca7035232c213e5c87f72,local-only/original-project
20260917-开发资料/source/market/dist/assets/skins/catppuccin/preview/dark.jpg,44310,9e9040ad176e50705e04f6d383b3af75bf8bb96fc44711b92043bd98865c1368,local-only/original-project
20260917-开发资料/source/market/dist/assets/skins/catppuccin/preview/light.jpg,43830,63ebe008502251f5c1dac64f651fbb207cae290e205c712dd3c2a22e57378a32,local-only/original-project
20260917-开发资料/source/market/dist/assets/skins/catppuccin/README.md,1745,62fd055baa9db868233ee98518675c76ea8e235b2ed8c3ba780cd973fd0c6dc3,local-only/original-project
20260917-开发资料/source/market/dist/assets/skins/catppuccin/README.zh.md,1716,871c1218d85f2d5bfb8c78d59a1d1a2c8dc14b39f0309533a6699ebe4a03c6f4,local-only/original-project
20260917-开发资料/source/market/dist/assets/skins/catppuccin/skin.css,12600,d271d2a79c25ac7bbf85048c0425b8f6884ec90f986435c79255b1c7fcd9a089,local-only/original-project
20260917-开发资料/source/market/dist/assets/skins/catppuccin/skin.json,885,df4355c8824f19aa27f32a725d9f14798d0f02f463b39358ed124533e524b598,local-only/original-project
20260917-开发资料/source/market/dist/assets/skins/catppuccin.zip,107288,c5a68aa4200d47ff7b4359a46e6d5234ef47c74b1332bd92a335c0232ceeddd3,local-only/original-project
20260917-开发资料/source/market/dist/assets/skins/cyber-night/assets/cyber-night-art.webp,485138,166f2d1431778be44d99c25738adb21c6c287df812ad96e39399e62a2d2206b3,local-only/original-project
20260917-开发资料/source/market/dist/assets/skins/cyber-night/assets/cyber-night-icon.svg,452,cb313f828b2a67342c454aba9ea4beea172a12c8f4a94132403f8efef4429321,local-only/original-project
20260917-开发资料/source/market/dist/assets/skins/cyber-night/hooks.mjs,887,199f37fe6969e3dfae4891708604b6b639f011068c10356f774145512fd3be69,local-only/original-project
20260917-开发资料/source/market/dist/assets/skins/cyber-night/patches.css,9054,35a8744495f6f1bf78b9e40581d8a93d399141bf008c255a54811326e96c582e,local-only/original-project
20260917-开发资料/source/market/dist/assets/skins/cyber-night/preview/dark.jpg,150362,90567e1a8f90884783a4c985c7315540c90dc30cc1a2f1ef29f1842918a30ef5,local-only/original-project
20260917-开发资料/source/market/dist/assets/skins/cyber-night/preview/light.jpg,121169,a3c286ac4540e6377a755b4f9877c89db33e5f881919bc41e059a58c840d3d34,local-only/original-project
20260917-开发资料/source/market/dist/assets/skins/cyber-night/README.md,1573,78b93516b97fdc3cc22c5316b850f7531dea9d16ac28a54c4279117ece8055d0,local-only/original-project
20260917-开发资料/source/market/dist/assets/skins/cyber-night/README.zh.md,1535,7ebd5dc1dfb65fbee615f442e4665f6b0ababb72618c2293a5d9e5a441458896,local-only/original-project
20260917-开发资料/source/market/dist/assets/skins/cyber-night/skin.css,17244,8b7e73ea5a54aa382f8bc84d507e55067b6197438f6e69458a2a38793c34c283,local-only/original-project
20260917-开发资料/source/market/dist/assets/skins/cyber-night/skin.json,2181,38de22962a80602c22910324e7c5fec171342363760972b7421debeb628d8508,local-only/original-project
20260917-开发资料/source/market/dist/assets/skins/cyber-night.zip,790907,7bc0dd5415ac81ecc3cafe7f428b7b75c4ddbf7f33b429402c3ad2893535f443,local-only/original-project
20260917-开发资料/source/market/dist/assets/skins/deep-current/assets/contour-field.svg,5118,6651fbbbf12682f9ba4ea70e6fa53ed4ab4dd3f03831377504bea4dbfa9c5640,local-only/original-project
20260917-开发资料/source/market/dist/assets/skins/deep-current/patches.css,9640,c0a41871a9f3d80ab66f7dd7a69c4d289bbcbf6679197997925ab50e5f536af1,local-only/original-project
20260917-开发资料/source/market/dist/assets/skins/deep-current/preview/dark.jpg,48742,f6f0ddb8e2b77c9e2c0507eaf7268e23cdab1587d442a275a6cf888b7d48f3a6,local-only/original-project
20260917-开发资料/source/market/dist/assets/skins/deep-current/preview/gui-dark.gif,3135561,c137fc7049ddc76041c9c34b7a94bb0640d37acc70be748a117200d3897ff9e4,local-only/original-project
20260917-开发资料/source/market/dist/assets/skins/deep-current/preview/gui-dark.png,593852,a3a0d94ae8021812047750dad31063c6809ed4b376b7c359a82746796811c53f,local-only/original-project
20260917-开发资料/source/market/dist/assets/skins/deep-current/preview/gui-light.png,620946,79937040166f0903a48dbbb98f6f1413f527430a1645a38c666de3f2bdb01896,local-only/original-project
20260917-开发资料/source/market/dist/assets/skins/deep-current/preview/gui-settings-dark.png,292025,520da0708166eed8f414f4d305543c3d012d735c5b5e3c2a9a937ca5fb9c3571,local-only/original-project
20260917-开发资料/source/market/dist/assets/skins/deep-current/preview/gui-settings-light.png,318546,292d64dd3ea11ee8965176d6c6c108d168eac27be49950c5b0c1bb0c559ff398,local-only/original-project
20260917-开发资料/source/market/dist/assets/skins/deep-current/preview/light.jpg,50959,3b711735de22e33b1613d6cd02e88073f9d8edec23b5d5108a97655c0637ff1e,local-only/original-project
20260917-开发资料/source/market/dist/assets/skins/deep-current/README.i18n.yaml,387,3570bc3b52b9edfc57c601fe50937030cd6091251dcbeb9f66a2abc1f71b506d,local-only/original-project
20260917-开发资料/source/market/dist/assets/skins/deep-current/README.md,2022,7c468e15136ba24d15eb45e7b32e6234fdc8e99fb986ced1f26d3e82b0356005,local-only/original-project
20260917-开发资料/source/market/dist/assets/skins/deep-current/README.zh.md,1771,f96499dd13d99978f55946af6b7ad3f51f36ff299825ea1c3cc310a12cb33415,local-only/original-project
20260917-开发资料/source/market/dist/assets/skins/deep-current/skin.css,10064,bfee7b0c0c5c6a8e57166ab5cd6302bdedfb505fa39db38d6cf39c9879913f8f,local-only/original-project
20260917-开发资料/source/market/dist/assets/skins/deep-current/skin.json,1031,ae013618a87b2bcbf2c39d5f8c0f9e542d5ddf2f8639c8a652595c5b43f2bf88,local-only/original-project
20260917-开发资料/source/market/dist/assets/skins/deep-current.zip,5092598,2bff7843c7084f4ebda50af12ea01c309e474672fd7d51380c3350a4e40daec5,local-only/original-project
20260917-开发资料/source/market/dist/assets/skins/dragon-heir/assets/dark-art.webp,79384,1c3b334a4bce1d5be2b103cd8edb24a1e19a8b65fca6133082b2b05ee446b9e2,local-only/original-project
20260917-开发资料/source/market/dist/assets/skins/dragon-heir/assets/light-art.webp,82350,f78831a369daab14d2c36ef7bf2cdd33600aed5bf11d15d7d4f2b79e2499f9af,local-only/original-project
20260917-开发资料/source/market/dist/assets/skins/dragon-heir/hooks.mjs,4525,ccc644148fd71cc32723891e97ed586b86fe2f86e0f36362133de7d66d08f5bd,local-only/original-project
20260917-开发资料/source/market/dist/assets/skins/dragon-heir/patches.css,7688,90e01cc5e098f90c02d74b3cbccce37df636804dab3cd316ebc9569e8161e43b,local-only/original-project
20260917-开发资料/source/market/dist/assets/skins/dragon-heir/preview/dark.jpg,106303,2c1684ceb7814d38668771d687e5eb198b40dc8e71e467eee85cc3701f3a77ed,local-only/original-project
20260917-开发资料/source/market/dist/assets/skins/dragon-heir/preview/light.jpg,112460,8932f8a1742ac3905e6b540436d2a420c341c383668f1d4a656c6ea0635890cc,local-only/original-project
20260917-开发资料/source/market/dist/assets/skins/dragon-heir/skin.css,11508,9ac41443cfe9e8c0f06bd6261a923cfb3c0ac1a6dbb493b69caacca1da67e6ea,local-only/original-project
20260917-开发资料/source/market/dist/assets/skins/dragon-heir/skin.json,1636,e963197ef3d7b0b444c5976b4dd42cb9e30ce79880bfcb4a076da3426ff60056,local-only/original-project
20260917-开发资料/source/market/dist/assets/skins/dragon-heir.zip,406898,45019a144205f280a6c667458acaeb8af19d74ecf80ba2792dbfcb98d2e28ca3,local-only/original-project
20260917-开发资料/source/market/dist/assets/skins/ember-fall/assets/ember-bg.jpg,258978,53d69527ecdfaafc0d26fc3cec37f835424c548321558f2b2d6571ec5a1e693e,local-only/original-project
20260917-开发资料/source/market/dist/assets/skins/ember-fall/assets/ember-hero-dark.svg,1491,1ee85796e4a777b199605422dd7575dfbfb2450b593d77cdca9e7b2b81ecc109,local-only/original-project
20260917-开发资料/source/market/dist/assets/skins/ember-fall/assets/ember-plate-dark.svg,2127,1e989684916adc1aee3c2f386ce4cbc2a5fa7fd400b3797fb8b90d2886f85064,local-only/original-project
20260917-开发资料/source/market/dist/assets/skins/ember-fall/assets/ember-sleeve-dark.svg,891,d123ded968bab6ae8e18316bfc2a9eb9c288df753d7b57ffa06598496447624a,local-only/original-project
20260917-开发资料/source/market/dist/assets/skins/ember-fall/LICENSE,7048,a2010f343487d3f7618affe54f789f5487602331c0a8d03f49e9a7c547cf0499,local-only/original-project
20260917-开发资料/source/market/dist/assets/skins/ember-fall/patches.css,15847,e7fb3896d91d71c12d2b81a497d9fda91c6e400fef93875cb0cb9233401a4f6b,local-only/original-project
20260917-开发资料/source/market/dist/assets/skins/ember-fall/preview/dark.jpg,94828,63df9d0c7d9e8d389cfd1eb2bd909aff59bffaa04a2b9835a8c4f3dcae17eca7,local-only/original-project
20260917-开发资料/source/market/dist/assets/skins/ember-fall/preview/light.jpg,89976,d4c9db7b621412761cc012f3ddcb07525f30fa722f120f56bd14c2bfa14d3c2f,local-only/original-project
20260917-开发资料/source/market/dist/assets/skins/ember-fall/README.md,2724,afd024f6a09a1146331bf779634067430978ede2786c5f76c50705e085fc373c,local-only/original-project
20260917-开发资料/source/market/dist/assets/skins/ember-fall/README.zh.md,1512,0f67e402255f598982cdb11e4739f009dc389979e1dc36ba4c559a4e3fafcae6,local-only/original-project
20260917-开发资料/source/market/dist/assets/skins/ember-fall/skin.css,11683,aa6aaa76849f8d7edc4c3c6cbce58816e79bf6330256c9cf46ee648498c9cfed,local-only/original-project
20260917-开发资料/source/market/dist/assets/skins/ember-fall/skin.json,1663,7f80f5de49c8848fdd9a1c5242d75154ea8db274447066cbca7c88bade44f8b1,local-only/original-project
20260917-开发资料/source/market/dist/assets/skins/ember-fall.zip,490344,272ce11f068d4d8b995f85beacb5966dfb4c5ff3208367b4a18ba704d1f2ef19,local-only/original-project
20260917-开发资料/source/market/dist/assets/skins/furina/assets/furina-art.jpg,721567,5d73357c5ee028fa67e3615379a89f67d4543dc902f89ee4535bfedcfd77a659,local-only/original-project
20260917-开发资料/source/market/dist/assets/skins/furina/assets/furina-icon.png,8803,d1e6058d19b04817a623dc6e3a99405c70defaf412e9296edf7dbe2032ff7cbe,local-only/original-project
20260917-开发资料/source/market/dist/assets/skins/furina/hooks.mjs,341,713668d3a50da8878337feb4553f953eea781734934610af37a58dea37112ec9,local-only/original-project
20260917-开发资料/source/market/dist/assets/skins/furina/LICENSE,1521,02e1e3ebf73df5c1840c842a8e93b40942bf6e53a66acbe6c5643fc8664ff97d,local-only/original-project
20260917-开发资料/source/market/dist/assets/skins/furina/patches.css,7290,0f4d48904763b1928c36ed109df5bd8f6666824e0313a650ab9a4adbaad9927d,local-only/original-project
20260917-开发资料/source/market/dist/assets/skins/furina/preview/dark.jpg,107032,1eb34cc3c45cd5a83f880be4edd3621a5b329c920e1e1bbce40804a08cb661c2,local-only/original-project
20260917-开发资料/source/market/dist/assets/skins/furina/preview/light.jpg,111390,efae40e72bf34dcf6564c4a724adbab62dfd3c255b8ba969121fa23f9581f77e,local-only/original-project
20260917-开发资料/source/market/dist/assets/skins/furina/README.md,3389,60376bdc0515165b7d1cabfa4d69ccb1c4c5875ba0b7341e31f472568d86665a,local-only/original-project
20260917-开发资料/source/market/dist/assets/skins/furina/README.zh.md,2808,d8684438b84119d42f6235b382adcd594a4028e27b59b964417bd136022a5fc6,local-only/original-project
20260917-开发资料/source/market/dist/assets/skins/furina/skin.css,11174,ddc2ceddfd8aaa362deb543187807cc268a6997c3699adfe56d49d9f480470da,local-only/original-project
20260917-开发资料/source/market/dist/assets/skins/furina/skin.json,1377,eaac87525cf305e6a7d78b5257705301fa3818e696c3ccbba205bd72a135f108,local-only/original-project
20260917-开发资料/source/market/dist/assets/skins/furina.zip,977986,7d22cdbde2b85380c06a3a5b3657cd7764fdf12410e926b0283ef88d23b4b6b6,local-only/original-project
20260917-开发资料/source/market/dist/assets/skins/future-window/assets/light.webp,135034,5b879ebedaa88774fa0e59cccc691bb894af6d9b846c930cef131af8b9529729,local-only/original-project
20260917-开发资料/source/market/dist/assets/skins/future-window/assets/night.webp,165084,43be99843fd296a406104d0f01b489b9040eb633d8a63fd00610a24fd824ed04,local-only/original-project
20260917-开发资料/source/market/dist/assets/skins/future-window/assets/pillow-dark.webp,128050,29fd1daeb621b3f23bfe2a1d04a6cc695a92e971c22d793a14c9c8ac962f6424,local-only/original-project
20260917-开发资料/source/market/dist/assets/skins/future-window/assets/pillow-light.webp,109662,6e8e8f6a77047b126d816564a8e1e42d99d55fc3ed7ea2619070f14cd9d08cc5,local-only/original-project
20260917-开发资料/source/market/dist/assets/skins/future-window/LICENSE,11358,cfc7749b96f63bd31c3c42b5c471bf756814053e847c10f3eb003417bc523d30,local-only/original-project
20260917-开发资料/source/market/dist/assets/skins/future-window/NOTICE,325,e47cfa408efd6e10cecdc47fa15fc0d9cdd45beba2f7a0aaf6fcfa2af43a6643,local-only/original-project
20260917-开发资料/source/market/dist/assets/skins/future-window/patches.css,6697,8934316093cb5dc4e610914d66eaf3039744d47cd31c40e9febb990672b5e260,local-only/original-project
20260917-开发资料/source/market/dist/assets/skins/future-window/preview/dark.jpg,120263,5582a96225b10c047929202e5aa89cef96ee56f862a83d9922850e294443f454,local-only/original-project
20260917-开发资料/source/market/dist/assets/skins/future-window/preview/light.jpg,107284,3d37ff817ca9383585a29c6d0a900bc6e079141adab7e7301ce96a216d93442a,local-only/original-project
20260917-开发资料/source/market/dist/assets/skins/future-window/README.md,2333,8df99e61266614941be78927fcee6db53e40bae70eac43f4b2be5ba1ea8fd0e1,local-only/original-project
20260917-开发资料/source/market/dist/assets/skins/future-window/README.zh.md,2014,8e8c6eb02420a98db84c8abdb1654f685952b8000f3e668ffce9054a0d36c81c,local-only/original-project
20260917-开发资料/source/market/dist/assets/skins/future-window/skin.css,3564,58eeb8af3015747903265f5d4e63f864916b0ccb66983f4eb57a4539fb9c82dc,local-only/original-project
20260917-开发资料/source/market/dist/assets/skins/future-window/skin.json,1476,8714882f783016b3290de8f16c81bf952afaaa05d5fd2a2d98a05f273e8aecab,local-only/original-project
20260917-开发资料/source/market/dist/assets/skins/future-window.zip,794870,c54dbc37f8a581968b7189c5bcdceae3512c5158013771f61eeaa59eac122fad,local-only/original-project
20260917-开发资料/source/market/dist/assets/skins/harbor/assets/harbor-art.webp,85294,8b580f05bf017027d0c8b3d1d0d321a84d89af1efbc43c89cc0705e62557fda2,local-only/original-project
20260917-开发资料/source/market/dist/assets/skins/harbor/assets/harbor-icon.svg,344,fc9f82e5fa4998cb3e48a85662bcb719c7ecbd305acc7b544e181605192dbf45,local-only/original-project
20260917-开发资料/source/market/dist/assets/skins/harbor/hooks.mjs,1084,7981a2f98d1ade2815f7e33e2d79672c280334001a00406bb11b5362ce8182bf,local-only/original-project
20260917-开发资料/source/market/dist/assets/skins/harbor/patches.css,36,2683af321f8cc80987550e93768c290a244c0e7f6c321e333550c9bb6927829a,local-only/original-project
20260917-开发资料/source/market/dist/assets/skins/harbor/preview/dark.jpg,58291,3a7b9973521ea4c2f16cfbf52e875cdcc1f7718619c7a92c66b82a8896089c75,local-only/original-project
20260917-开发资料/source/market/dist/assets/skins/harbor/preview/light.jpg,65719,2af88f2fd9812642228fe7003e5a89f6f9921b81b67df8e9d8e2d2aadf589a95,local-only/original-project
20260917-开发资料/source/market/dist/assets/skins/harbor/skin.css,3817,c2231584f3befe4b596eb7bda7ee69dce3e2b1367adcfaac4ce7a974b07d47af,local-only/original-project
20260917-开发资料/source/market/dist/assets/skins/harbor/skin.json,1682,a09949fdf5217ac2f6d5d37603df525e56713385ad799cf4c496fbd71cc5861d,local-only/original-project
20260917-开发资料/source/market/dist/assets/skins/harbor.zip,217237,10feef0cd4f9803d92f09f62ed95ff40e08062c841f1a9030990feebbcd658ac,local-only/original-project
20260917-开发资料/source/market/dist/assets/skins/hive-maw/assets/hive-bg.jpg,391341,db73ef83de8994b24ba3242ec67d2b42940e36f1216f3962331e3b2bc28993a4,local-only/original-project
20260917-开发资料/source/market/dist/assets/skins/hive-maw/assets/hive-hero-dark.svg,1686,51e0ef47a6cc0e8ab07f8602e44ace6a584ae6e487b0bad527bbf35a94222642,local-only/original-project
20260917-开发资料/source/market/dist/assets/skins/hive-maw/assets/hive-plate-dark.svg,2774,ee4e7233c989759d75c0fe0f58994a9a67f4ed334e80daff47e8231f545ae04b,local-only/original-project
20260917-开发资料/source/market/dist/assets/skins/hive-maw/assets/hive-sleeve-dark.svg,700,e8fb88a883b7ae80e3016a116ea304eb9850bc0a10b68ec38d208cecc5474237,local-only/original-project
20260917-开发资料/source/market/dist/assets/skins/hive-maw/LICENSE,7048,a2010f343487d3f7618affe54f789f5487602331c0a8d03f49e9a7c547cf0499,local-only/original-project
20260917-开发资料/source/market/dist/assets/skins/hive-maw/patches.css,17261,d949975aecad473ef0025a71835108c867ad4718e3d54ededcbe6d2701ed8cfd,local-only/original-project
20260917-开发资料/source/market/dist/assets/skins/hive-maw/preview/dark.jpg,165862,ec996272f650f05e55eb603e9b1705624fd54c48e73530cf4de1b5283114dcc8,local-only/original-project
20260917-开发资料/source/market/dist/assets/skins/hive-maw/preview/light.jpg,161122,c6f2bc06a32d68cbdc3c762116b7f6b8671cf0b0f0498e4bc2d5d5a4b9ebcd5c,local-only/original-project
20260917-开发资料/source/market/dist/assets/skins/hive-maw/README.md,2764,2dd620f34cc71acc41c808a1e0762550ae0e333fe692c7b7a97602e588ff924c,local-only/original-project
20260917-开发资料/source/market/dist/assets/skins/hive-maw/README.zh.md,1906,e8f9e663b0af2acca37cf1ecd744f53a28e5fa7fd62edcb37aca19213acf60f7,local-only/original-project
20260917-开发资料/source/market/dist/assets/skins/hive-maw/skin.css,11669,bcca6d5d2e267f1646733f76216f4ba129a13de5fcc1244dee2c1b8f8135bf22,local-only/original-project
20260917-开发资料/source/market/dist/assets/skins/hive-maw/skin.json,1648,5976b7d809d614bba156f6efda0a3938f7a8f2ccea575fea721c3326bd2f9110,local-only/original-project
20260917-开发资料/source/market/dist/assets/skins/hive-maw.zip,767301,320e14aa6e1cca5150d1ee56bb3ed2c6048886ced1195d2e2fce33e5580c9e76,local-only/original-project
20260917-开发资料/source/market/dist/assets/skins/hologram-sanctum/assets/background-dark.webp,100916,ddb5b78cb435fa49b6253d2c4b3e72e384482869b5cc02706e8c3e5642eae9ce,local-only/original-project
20260917-开发资料/source/market/dist/assets/skins/hologram-sanctum/assets/background-light.webp,67226,30d360174e6da6732bc79a688d0cee8719725eda79d84cba8dd5132879ad74cb,local-only/original-project
20260917-开发资料/source/market/dist/assets/skins/hologram-sanctum/hooks.mjs,2806,f82cf61957efb9d9f53557637b00333aa307b3c9642e73620afdbb1fa9511e9e,local-only/original-project
20260917-开发资料/source/market/dist/assets/skins/hologram-sanctum/preview/dark.jpg,115329,0057770e1a7e38398aa9a98704a1455aec7e0a61d0a6445b96f327d38fd480c6,local-only/original-project
20260917-开发资料/source/market/dist/assets/skins/hologram-sanctum/preview/light.jpg,96643,8bc14b7d0a4ab5775bba9c5799255e1d5528ce505a959425a8cc3bec5dc34ee2,local-only/original-project
20260917-开发资料/source/market/dist/assets/skins/hologram-sanctum/README.md,2047,d6f958040f1f85ceae18ce6540c36185cdde7dc3fa19b9a712e1395b7d71e1b8,local-only/original-project
20260917-开发资料/source/market/dist/assets/skins/hologram-sanctum/README.zh.md,1877,239f9bb436f89fff497e7c41346e05ffe15939def191e6c866545a0beef0409c,local-only/original-project
20260917-开发资料/source/market/dist/assets/skins/hologram-sanctum/skin.css,10435,0816b0f61bd15091b40283e8303f2b1f0d0e2f98552092f04b258cf0228dabed,local-only/original-project
20260917-开发资料/source/market/dist/assets/skins/hologram-sanctum/skin.json,1798,a655bbde8580eddb45271949a7864355cc5c368f91bd811f3632809134c9c3e8,local-only/original-project
20260917-开发资料/source/market/dist/assets/skins/hologram-sanctum.zip,400359,89ffcaaeab5a29ad77b4920f08d442194518fee4b901cee6bc29c6b2b636f5b0,local-only/original-project
20260917-开发资料/source/market/dist/assets/skins/ice-princess/assets/bingjing-bg.webp,175324,e04bf03a045636e4194e7efb840f69d8df9a5917f46c1866456efe21b40f568a,local-only/original-project
20260917-开发资料/source/market/dist/assets/skins/ice-princess/assets/crystal-corner-bl.svg,2575,01825ff1567f8f9d9908fe40c2acb9e2bbe95dba327aa89745e3e574b2b82e37,local-only/original-project
20260917-开发资料/source/market/dist/assets/skins/ice-princess/assets/crystal-corner-br.svg,2577,0100b8a084e2dea8ab1b831488e23d15e385ba19c36d519ea01316cc7b6a3e09,local-only/original-project
20260917-开发资料/source/market/dist/assets/skins/ice-princess/assets/crystal-corner-tl.svg,2548,45d0eb82e20be2d14f1ebfb1af77cdbf68c71c99c7433fbb7ea23e5dbc14a870,local-only/original-project
20260917-开发资料/source/market/dist/assets/skins/ice-princess/assets/crystal-corner-tr.svg,2575,972e0c961857d9a667e751f631cd1fd485eed5f3f56415f6be9587bbd4c14d3e,local-only/original-project
20260917-开发资料/source/market/dist/assets/skins/ice-princess/assets/crystal-crest.svg,2165,8125a95ed9d8e3cb853428e5afa79d5009a0edcd54daa55ceb63eb751a4a8902,local-only/original-project
20260917-开发资料/source/market/dist/assets/skins/ice-princess/assets/crystal-divider.svg,2179,2154eafc399ad471b84c088f09bf8f7a566228e1585c57e3039143b0b6c1c457,local-only/original-project
20260917-开发资料/source/market/dist/assets/skins/ice-princess/assets/crystal-lace-drop-flip.svg,1041,1bf56197df013b1ef1cd570ec4c328966cb29c514e8ef960cbf7c9d88572afdd,local-only/original-project
20260917-开发资料/source/market/dist/assets/skins/ice-princess/assets/crystal-lace-drop.svg,992,4432842910f3c169cd9390e3bc197e9b6c9cfc69ddbe2cbcbcc1e1e3db88740a,local-only/original-project
20260917-开发资料/source/market/dist/assets/skins/ice-princess/assets/crystal-seal-bad.svg,1950,3e796501eb6e0919c252bdd8958eda933bbe67be924e311d92d93d18619b6d38,local-only/original-project
20260917-开发资料/source/market/dist/assets/skins/ice-princess/assets/crystal-seal.svg,1950,4d4346bf0324b96a339e136255b0f37caf44864e0383c2dfd0804d6fbe01c9a5,local-only/original-project
20260917-开发资料/source/market/dist/assets/skins/ice-princess/assets/crystal-tick-bl.svg,347,2099dd55e9c0afc47e0720e486afce399a8bd6e0c52e61dbd366be23b9fc2ed5,local-only/original-project
20260917-开发资料/source/market/dist/assets/skins/ice-princess/assets/crystal-tick-br.svg,349,79e86b1c7e7eaa92227590dcd2d6ca12611e36cb0aa4bee17d7a26fccd3238d1,local-only/original-project
20260917-开发资料/source/market/dist/assets/skins/ice-princess/assets/crystal-tick-tl.svg,320,d7df886712c5468aea908466964a0c1a8aa9bee80da47ae46b7d020000760ae2,local-only/original-project
20260917-开发资料/source/market/dist/assets/skins/ice-princess/assets/crystal-tick-tr.svg,347,14a7cab83bd81c563c7af6db9174b5848cd1a001545eefe12b3a1530041dbcfe,local-only/original-project
20260917-开发资料/source/market/dist/assets/skins/ice-princess/assets/crystal-wind-far.svg,32171,8db21305a343720843f10bedcbb332d1e498692d5eda76683e5bdf64bdfc96ff,local-only/original-project
20260917-开发资料/source/market/dist/assets/skins/ice-princess/assets/crystal-wind-near.svg,35238,65a6a44b60445e2834b2e50391e8de37b55c9cd290cc0671ac6462285f293214,local-only/original-project
20260917-开发资料/source/market/dist/assets/skins/ice-princess/assets/sparkle-dark.svg,195,2158d27fb9024d62900dd7f3429bf4084f55916a405db5249b692775c12bea74,local-only/original-project
20260917-开发资料/source/market/dist/assets/skins/ice-princess/patches.css,34663,4c099d700a7877bbb4e8316abd5ffb8db434caaf35d1053d9d49c7713ff4afc1,local-only/original-project
20260917-开发资料/source/market/dist/assets/skins/ice-princess/preview/dark.jpg,106088,dda79172bd9ee2a2432b789fba9a43a5ce2d5d551e10c7a8889731ca5d42c3e9,local-only/original-project
20260917-开发资料/source/market/dist/assets/skins/ice-princess/preview/light.jpg,106088,dda79172bd9ee2a2432b789fba9a43a5ce2d5d551e10c7a8889731ca5d42c3e9,local-only/original-project
20260917-开发资料/source/market/dist/assets/skins/ice-princess/README.md,2750,bf1cb0cb94ce6ba538486b37c15eedd66141578e65d4766c22ff5b7079bfa865,local-only/original-project
20260917-开发资料/source/market/dist/assets/skins/ice-princess/README.zh.md,2730,cac54dc9a0a0e05916a35733e6688cf9407dc6b1b702f6080bde3d3142df4603,local-only/original-project
20260917-开发资料/source/market/dist/assets/skins/ice-princess/skin.css,11835,b6fc33fa315166da5d35d9f59757be3f226bee2291cdca709772f56c8553d0eb,local-only/original-project
20260917-开发资料/source/market/dist/assets/skins/ice-princess/skin.json,2415,c263a0ce1b9289ee271121f95fe274540c04b0d3aa8e6b5b1348a3ef4b18ae3e,local-only/original-project
20260917-开发资料/source/market/dist/assets/skins/ice-princess.zip,535104,2df0f470edddd768a85570f9ef936763bf0123a23ef2acffc89a04055a38b8d3,local-only/original-project
20260917-开发资料/source/market/dist/assets/skins/maid-atelier/assets/maid-atelier-icon.webp,10348,be7ea360355b13213250b5920c69d2036f10db003c4bcc8756366f409656b6b0,local-only/original-project
20260917-开发资料/source/market/dist/assets/skins/maid-atelier/assets/maid-atelier-maid-left-v5.webp,286224,af7bfd2e18505fc9d6f94cefd9febc92b31c1b2b66c756982d91fc7b93fb184c,local-only/original-project
20260917-开发资料/source/market/dist/assets/skins/maid-atelier/assets/maid-atelier-maid-right-v6.webp,520206,34b55580ada4af5b9d519f5ae09e8656164197a3cbadceace73d98f3da278ca7,local-only/original-project
20260917-开发资料/source/market/dist/assets/skins/maid-atelier/assets/maid-atelier-palace-day-v4.webp,279480,52e7dce6993e3f955c3fbb2875885e7ab60fb38ca89adb15d977c7a85d58c073,local-only/original-project
20260917-开发资料/source/market/dist/assets/skins/maid-atelier/assets/maid-atelier-palace-night-v4.webp,270544,ae6917bb1aafa71e6a10cfcaa1289f13e265aa7f32d3fb7c1988004bf50f8983,local-only/original-project
20260917-开发资料/source/market/dist/assets/skins/maid-atelier/assets/maid-bottom-crest-v1.webp,45398,24f2fb04ce2d38574a3817f6d675b8c1ee5d9322588eec651271f67aabfcb48d,local-only/original-project
20260917-开发资料/source/market/dist/assets/skins/maid-atelier/assets/maid-bottom-trim-tile-v1.webp,972,47072d2d652f09e857dbc8555ff5c1917c926ef5d4581641f7018b1607c42fda,local-only/original-project
20260917-开发资料/source/market/dist/assets/skins/maid-atelier/assets/maid-bow-v1.webp,10910,dcf64a43ad6b9e71c24c91fb9b1d7fe8af534497fd421213472bea96e6bc04b5,local-only/original-project
20260917-开发资料/source/market/dist/assets/skins/maid-atelier/assets/maid-chibi-v1.webp,91476,405917afdb68d725624bbf7e4f1619a35fc4004039b7d553c5528ca5f65308d3,local-only/original-project
20260917-开发资料/source/market/dist/assets/skins/maid-atelier/assets/maid-composer-frame-v4.webp,95486,3135deb5d14d3ea44940edcf296ba2ffa14e242d5342a1a94618df0c57979482,local-only/original-project
20260917-开发资料/source/market/dist/assets/skins/maid-atelier/assets/maid-new-session-v1.webp,73142,fa6d49a717c04651fd7d1afb30b853f63cbaa5bf483e58cb4bfe5ef69fc6ff50,local-only/original-project
20260917-开发资料/source/market/dist/assets/skins/maid-atelier/assets/maid-settings-frame-v1.webp,32358,3d2b126caf0549c2e86684dcbc0ff4443b887e5e1684190710d2df7940466d98,local-only/original-project
20260917-开发资料/source/market/dist/assets/skins/maid-atelier/assets/maid-sidebar-corner-v1.webp,31196,707f05bf4abed25405ca45c5c32bcf95ab7cb3a6dae3e53da29f814a8495665c,local-only/original-project
20260917-开发资料/source/market/dist/assets/skins/maid-atelier/assets/maid-sidebar-swag-v1.webp,111004,cd728ce5c1794ec4958ef75c4cdd60a3d513b871bea99e3b526656f14089fd74,local-only/original-project
20260917-开发资料/source/market/dist/assets/skins/maid-atelier/assets/maid-top-trim-tile-v1.webp,39106,e49115f3942ea5c5034c81016c61944b5261c8ea410318cb0419b445c990b063,local-only/original-project
20260917-开发资料/source/market/dist/assets/skins/maid-atelier/assets/maid-workspace-ribbon-v2.webp,44178,e2b04c3eca1871c5e73417674582a09b13de60119ca9bb9c112317232c5049fa,local-only/original-project
20260917-开发资料/source/market/dist/assets/skins/maid-atelier/assets/maid-workspace-shield-v2.webp,22220,b59aa9d4ecfbbae6e62d872c964bce8ec870ed500e7cbc7a7f02bbdd0b93e87e,local-only/original-project
20260917-开发资料/source/market/dist/assets/skins/maid-atelier/hooks.mjs,47797,c4668f9cee8192fe3c25e6a01b779bc9ec9ab1980061106e749551a7bafa4153,local-only/original-project
20260917-开发资料/source/market/dist/assets/skins/maid-atelier/LICENSE,20849,1349a4b6148492b44f629e64eed676612e234fe9a839e4f3b277c1482c8849f1,local-only/original-project
20260917-开发资料/source/market/dist/assets/skins/maid-atelier/NOTICE,1441,ca42fd8e4b877137d965afa51ee108d833fa0d6b8f5c7397d7dfcebdddcf5ef6,local-only/original-project
20260917-开发资料/source/market/dist/assets/skins/maid-atelier/patches.css,76259,6f30c236c0b381e1f20a3c1e4110c1a11d6ce49a9727de4f9bf620e49fd9d8de,local-only/original-project
20260917-开发资料/source/market/dist/assets/skins/maid-atelier/preview/dark.jpg,272074,a0d801f3a355356244bcaaadc2ca07e6c4d3f23000b9b5702b7edeb4c2ab7031,local-only/original-project
20260917-开发资料/source/market/dist/assets/skins/maid-atelier/preview/light.jpg,278545,4a74e6f9d23a5dca7f1fd0ebec28ac127479d1f659815de6262e8b900b91f275,local-only/original-project
20260917-开发资料/source/market/dist/assets/skins/maid-atelier/skin.css,4083,6dfcef95aebed1675b36fbfdd76526a9a53ad66920c6c29e9a4d07506e5f4cc8,local-only/original-project
20260917-开发资料/source/market/dist/assets/skins/maid-atelier/skin.json,2073,7596a704bce65006381d27417d4c12bb09d7e5ede038a6f486cfa58e62314aa5,local-only/original-project
20260917-开发资料/source/market/dist/assets/skins/maid-atelier.zip,2671243,9f9b07ae30299c66c2fe93eb93997fb25c58b21feb888be4e2ec96f2da821c64,local-only/original-project
20260917-开发资料/source/market/dist/assets/skins/matrix/hooks.mjs,5458,2e13e495adabe900df797cdbe930b8cb7fdb2ce721c1ba021e6eb2e74326e551,local-only/original-project
20260917-开发资料/source/market/dist/assets/skins/matrix/patches.css,4157,a4a0882faa080a492bf6bf3f5d6054dd499f2320d9c47f5787ea01e7edf0eb64,local-only/original-project
20260917-开发资料/source/market/dist/assets/skins/matrix/preview/dark.jpg,56641,0a592c20e0bf70e8283370f9d5d6bba843018dd4168b804be93f109b994f98ba,local-only/original-project
20260917-开发资料/source/market/dist/assets/skins/matrix/preview/light.jpg,58364,fa054a373cc380163bb6e1182f10c6ce2de61cf68dbdfb0f7fbded6e7cc304ab,local-only/original-project
20260917-开发资料/source/market/dist/assets/skins/matrix/skin.css,4755,08b317825085f5e2803ced8a76cfdb6d1d429af9ecf5276ae6379ebc69b36032,local-only/original-project
20260917-开发资料/source/market/dist/assets/skins/matrix/skin.json,1135,6bcadb4f3da51a12838e002c8956baac2326bf67d7c1cf1f6108d93f1a7a6485,local-only/original-project
20260917-开发资料/source/market/dist/assets/skins/matrix.zip,131212,8034f772a52edf54357b5536a92bc4cbeb95e4d773f848e52d341dc36bf8579e,local-only/original-project
20260917-开发资料/source/market/dist/assets/skins/miku/assets/miku-art-light.jpg,1227459,fcdec57ca0fef16fd775ac598908d24ffcbb7f04dc6a9bb18ed3d8ba4625e61e,local-only/original-project
20260917-开发资料/source/market/dist/assets/skins/miku/assets/miku-art.webp,268504,426002f26c00696bb51581a8fa64e9bf2531d87d1754cbea63d040fa0f8ae04f,local-only/original-project
20260917-开发资料/source/market/dist/assets/skins/miku/hooks.mjs,29548,1c4052d328ac6e1ede3115395e8823c4f6acecd3b4508b85615006a88f7cbdd1,local-only/original-project
20260917-开发资料/source/market/dist/assets/skins/miku/patches.css,64914,ba88a9bc91b74b32bc98e724f3f461c12a9df500b229727a59cd10a89e5c962f,local-only/original-project
20260917-开发资料/source/market/dist/assets/skins/miku/preview/dark.jpg,153166,6d776f822e0305a70e38c58801e0a4eec37465016bde197fe19a79ee3d44257c,local-only/original-project
20260917-开发资料/source/market/dist/assets/skins/miku/preview/light.jpg,146956,872293fe3b517b982bd455cf82d934f2640e20e0627d7a3a1409cecc0cd7deb8,local-only/original-project
20260917-开发资料/source/market/dist/assets/skins/miku/skin.css,13462,a633fb4000cafef09b1c915a75b768ab094cf210edc86c01c7bdb6fde900d901,local-only/original-project
20260917-开发资料/source/market/dist/assets/skins/miku/skin.json,1986,a1c713e59ed31eaf43f136205e1326d35419d83d613107423099cef2c992c621,local-only/original-project
20260917-开发资料/source/market/dist/assets/skins/miku.zip,1906935,c0e6afb460da52a2acb69ecc31c91ae55348a519a56127460ef7f6e21ddec5a0,local-only/original-project
20260917-开发资料/source/market/dist/assets/skins/minecraft/hooks.mjs,13813,deb4abe5e9dc64b075cb6ab1cfbdb153534a6cf837e3558cc0daee7b1bc6eb1a,local-only/original-project
20260917-开发资料/source/market/dist/assets/skins/minecraft/patches.css,15403,a4efa12ba444c9edaff318e5e0597ef9df70a09087bc09b95bccfa7885f019c6,local-only/original-project
20260917-开发资料/source/market/dist/assets/skins/minecraft/preview/dark.jpg,53885,effe7698a7dd0cb01ea256ad2e0b86bc1ac53cb7289cd732a9c128c687bbfa5a,local-only/original-project
20260917-开发资料/source/market/dist/assets/skins/minecraft/preview/light.jpg,53519,8a25263da4434285d182b155dd7fe96b7f1f77fd0e5cebbe305264c28297e23f,local-only/original-project
20260917-开发资料/source/market/dist/assets/skins/minecraft/skin.css,5454,bc976480c58bbf7662d53448d6e1c2b245cb002088bbca670ef8dd3bf739bcbd,local-only/original-project
20260917-开发资料/source/market/dist/assets/skins/minecraft/skin.json,1255,08d4a527db2281e84d919b04392b9101e2c4445dd06746fd8514ac8e0dd3d8c3,local-only/original-project
20260917-开发资料/source/market/dist/assets/skins/minecraft.zip,144067,76016c86dd34891de648165dc769d35af5f86b4e77df236ec78d9bf5b85d4106,local-only/original-project
20260917-开发资料/source/market/dist/assets/skins/mint/preview/dark.jpg,44243,5a834017b193b3e6845334f947765759cc762104cd72b6be0a5ffe99e38710fd,local-only/original-project
20260917-开发资料/source/market/dist/assets/skins/mint/preview/light.jpg,46277,94df5df4799ca70006e5da08f64e26f9eb3f925633d8f3cf715aee090c103b4a,local-only/original-project
20260917-开发资料/source/market/dist/assets/skins/mint/skin.css,4100,cb3ae33f8f7c20a8a3dc78f7b150a6f59baf0001749abcab5ac41be0f0938e02,local-only/original-project
20260917-开发资料/source/market/dist/assets/skins/mint/skin.json,858,ed16e7bb13388acd474f38f73f7197230251d9f159e6eb52614785249137a604,local-only/original-project
20260917-开发资料/source/market/dist/assets/skins/mint.zip,95944,8690219a472cbd271896b414d65d61782004bc3190f791c769fece29b1c4d2b4,local-only/original-project
20260917-开发资料/source/market/dist/assets/skins/observatory/assets/dome-plate-dark.svg,29284,6b77f4b17285235ee20820dec3cefbd86b767ebdd2bd6470146966c498fd4fcb,local-only/original-project
20260917-开发资料/source/market/dist/assets/skins/observatory/assets/dome-plate-light.svg,29284,cb9e19052caf4b3738ed3cd4c93d6bab64420b139703229b99067022ee3a2a0b,local-only/original-project
20260917-开发资料/source/market/dist/assets/skins/observatory/assets/hero-reticle-dark.svg,18427,a9cd52551cc1380a21520b8ecf10271220f49b72d716751c2bcaa5af161b0c3f,local-only/original-project
20260917-开发资料/source/market/dist/assets/skins/observatory/assets/hero-reticle-light.svg,18427,4e035f7e7ae2457ab70ad0605731079d118871d30ea029f0c874b1521cc67370,local-only/original-project
20260917-开发资料/source/market/dist/assets/skins/observatory/assets/observatory-bg.webp,168342,60ae22cea9eb83a95512840b0bb7cd2aca0f87596afc7675ffbaa41a558673d0,local-only/original-project
20260917-开发资料/source/market/dist/assets/skins/observatory/assets/ws-sleeve-dark.svg,1274,e187f8e07437f0f3dc6c076808d216a0b7a8be9deefec03223576f687d98081c,local-only/original-project
20260917-开发资料/source/market/dist/assets/skins/observatory/assets/ws-sleeve-light.svg,1274,d6518c10c52b82fe14abc9721890db20f6cfc58c47fffec873dcfda9f0950388,local-only/original-project
20260917-开发资料/source/market/dist/assets/skins/observatory/patches.css,26936,d54f852043ed0f39383fd8a96c347a77a02894efd98d61aa8736f4b51ec85f76,local-only/original-project
20260917-开发资料/source/market/dist/assets/skins/observatory/preview/dark.jpg,156860,a04c414c2007102788336a12cad74eca4e924a4dd5e879eb6861dd7f9f4bddb9,local-only/original-project
20260917-开发资料/source/market/dist/assets/skins/observatory/preview/light.jpg,156863,5ecd6c253c7f4e4897f2a420b883346f05d36035ef71bf4341d5fb2079d2386b,local-only/original-project
20260917-开发资料/source/market/dist/assets/skins/observatory/README.md,5756,bb5308663b5c7bbfbf284f1c2ffbd27feecac27ffe58ad172629e9c04de9f89c,local-only/original-project
20260917-开发资料/source/market/dist/assets/skins/observatory/README.zh.md,5168,c7215d7f07995b490ae5b8d0a1997416c4e2e68662dbf0fdd9d35f607c09336b,local-only/original-project
20260917-开发资料/source/market/dist/assets/skins/observatory/skin.css,11647,2cb987a1b8b6379d163b9f3934dbe3a0d94d137aa3a8d3a60bd0306129220f58,local-only/original-project
20260917-开发资料/source/market/dist/assets/skins/observatory/skin.json,1736,43646a577cc463a704a8c731c694b1342cabb1c0e0be26c7c00b8b063d73a4a9,local-only/original-project
20260917-开发资料/source/market/dist/assets/skins/observatory.zip,633238,d4223c19f3f7c07b7bcfd3fc0aa314d6cffd3f05a6bd0e977a419b0d1f96bc6f,local-only/original-project
20260917-开发资料/source/market/dist/assets/skins/orca-link/assets/orca-link-dark-active.webp,47540,905f86159587cb4f168fdc78dac8ac8b53e3271d829f78878ddb0c81d0e33747,local-only/original-project
20260917-开发资料/source/market/dist/assets/skins/orca-link/assets/orca-link-dark-hero.webp,41952,5affe6ca90a22227bc020914e4b9d4dc8913a336ffc4a76e17f5b715fa2e0086,local-only/original-project
20260917-开发资料/source/market/dist/assets/skins/orca-link/assets/orca-link-light-active.webp,42840,3605bdd7ccfcc75ca78558f2c958bb3bb35e544cc705f5c15c3653ca21a274d5,local-only/original-project
20260917-开发资料/source/market/dist/assets/skins/orca-link/assets/orca-link-light-hero.webp,43364,d5fdfd91306d2f3aaa766674d5994be4a014c4dd083d6afd7f90b4947bba6802,local-only/original-project
20260917-开发资料/source/market/dist/assets/skins/orca-link/assets/orca-link-status-atlas.webp,779750,a0779005d2d849767e22ba4eef0c76e6b16dbf9a49a55b0114d4f7af35f48c7d,local-only/original-project
20260917-开发资料/source/market/dist/assets/skins/orca-link/hooks.mjs,118811,0ea2d7e3f7547d9a37884b788042557ec7c59b1416be527660329584c4d65254,local-only/original-project
20260917-开发资料/source/market/dist/assets/skins/orca-link/LICENSE,20850,e66c269d4819aaab34b49ef5220c4ddab6756f21bb5180761a4eb8561f2b7bbd,local-only/original-project
20260917-开发资料/source/market/dist/assets/skins/orca-link/NOTICE,1103,ca7ef33f2c0be903ab68930c1531db5bc3ef584e6ef29fd3722b4fd99e30c8ee,local-only/original-project
20260917-开发资料/source/market/dist/assets/skins/orca-link/patches.css,73884,53419bd7272c55c5c6db0e9e5d31e8270153d36a30e548cc3b3df12146f8a04f,local-only/original-project
20260917-开发资料/source/market/dist/assets/skins/orca-link/preview/dark.jpg,73781,d1edf831d53c5786085d1a01b958b7a980be9a4756524e57f77bcb6d343d3d44,local-only/original-project
20260917-开发资料/source/market/dist/assets/skins/orca-link/preview/light.jpg,82904,f064f13d86026e52162841cf4a32879779d652070272a62f3750487de060ce0b,local-only/original-project
20260917-开发资料/source/market/dist/assets/skins/orca-link/README.md,2485,b74bc93995b91175941112a565495491967874f7ba654fb51297fb52f4f72a0a,local-only/original-project
20260917-开发资料/source/market/dist/assets/skins/orca-link/README.zh.md,2238,04b0173809878a0bb62995332a1521f94311146e6837e26f422046b697150baf,local-only/original-project
20260917-开发资料/source/market/dist/assets/skins/orca-link/skin.css,5927,4de378779bb52aa3b04229b3b6ba109dfcba7083b8b5a98be7e5059ddc3cb5d8,local-only/original-project
20260917-开发资料/source/market/dist/assets/skins/orca-link/skin.json,1613,48b9c76b6f8fc4fad1473d987c0ebd8c10f4734e2eff2091bbb9040c9a5ce089,local-only/original-project
20260917-开发资料/source/market/dist/assets/skins/orca-link.zip,1341040,814c95997e6f01ef0b8485e86b1f69dbd3ddfb75d08179ee26513e0cb3f63d4c,local-only/original-project
20260917-开发资料/source/market/dist/assets/skins/phoebe-atelier/assets/bottom-crest.webp,103082,7fa76116ed80d5c0cf9474f83edb171847cc426ba16bfa767ba86e23ec2c38d3,local-only/original-project
20260917-开发资料/source/market/dist/assets/skins/phoebe-atelier/assets/bottom-trim-tile.webp,126132,c7232cd18af6dcfd3dd4b099a9dfa650373d1d13508eba510ad780f13145bf73,local-only/original-project
20260917-开发资料/source/market/dist/assets/skins/phoebe-atelier/assets/bow.webp,121242,3ce8120115a2615f3a016aae31d0836ca0a276455a0de86e6d79f2cd59cd81e2,local-only/original-project
20260917-开发资料/source/market/dist/assets/skins/phoebe-atelier/assets/chibi.webp,100220,e68b0d6daa3a52b0211aad44dcc0be3cfcbadf94db7696660d003ed815ddcca5,local-only/original-project
20260917-开发资料/source/market/dist/assets/skins/phoebe-atelier/assets/composer-frame.webp,41834,7f8e34939fae04dbb7add297e422814d7c261bec038b8412da06237af332e698,local-only/original-project
20260917-开发资料/source/market/dist/assets/skins/phoebe-atelier/assets/frame-gem-v.webp,4284,bbc22c89933d2b808ae5661d507b665ef3ddaf5d7db3ae89e0612bb52230cffa,local-only/original-project
20260917-开发资料/source/market/dist/assets/skins/phoebe-atelier/assets/frame-gem.webp,4178,b59bca44273223de6d4ff375222a887a98c2fd6c5075059f4dcfdc5ac6c7807a,local-only/original-project
20260917-开发资料/source/market/dist/assets/skins/phoebe-atelier/assets/icon.webp,17608,3af943207727c194285735a067924a82c466190b3a97d46ce172ee4bc768a9a3,local-only/original-project
20260917-开发资料/source/market/dist/assets/skins/phoebe-atelier/assets/main-left.webp,284538,1475d74365c895d4d16b707f9843f72708cf99808eb6d5ab4351f856d3fb61b2,local-only/original-project
20260917-开发资料/source/market/dist/assets/skins/phoebe-atelier/assets/main-right-vision.webp,267912,8313b6ebbe156cd89eb9d150d6cf07038aedc06986446d6ed512eff62905389e,local-only/original-project
20260917-开发资料/source/market/dist/assets/skins/phoebe-atelier/assets/main-right.webp,156528,df87a213346402e82145d09e0b65669e257c6af57f7814e1a089d0e9b21d5aea,local-only/original-project
20260917-开发资料/source/market/dist/assets/skins/phoebe-atelier/assets/new-session.webp,75442,172178b9ed2c911c050c546edd5b8bf418357667d6dea12249eb7508866b0969,local-only/original-project
20260917-开发资料/source/market/dist/assets/skins/phoebe-atelier/assets/palace-dark.webp,447918,8f53d055618e454f95e19466251773deacc38924826baaf6fb781368818e7046,local-only/original-project
20260917-开发资料/source/market/dist/assets/skins/phoebe-atelier/assets/palace-light.webp,397810,4467927e0f4e79be6daaa78cbddc1296575d15ee166bb7b461ed7256cca25893,local-only/original-project
20260917-开发资料/source/market/dist/assets/skins/phoebe-atelier/assets/scene-altar-heart.webp,231258,8db934afa203b576d0c375cc3fca02ef6167fc5c02c9cd512349e23348c6445f,local-only/original-project
20260917-开发资料/source/market/dist/assets/skins/phoebe-atelier/assets/scene-bright.webp,230810,c82d10268154d27f0af98f8db20128f157befd757f58c5d00fdb14c7cd7e8c33,local-only/original-project
20260917-开发资料/source/market/dist/assets/skins/phoebe-atelier/assets/scene-nave.webp,225294,a2d152b9d8ea770ef9fb564a3c4c58e0110527df04ee937e073b105a06d0313b,local-only/original-project
20260917-开发资料/source/market/dist/assets/skins/phoebe-atelier/assets/settings-frame.webp,112402,a8118dc54b9d73622b75e090aab9722c91f153d90be303eaf9e00cc7a6d53de4,local-only/original-project
20260917-开发资料/source/market/dist/assets/skins/phoebe-atelier/assets/sidebar-corner.webp,57120,e28683c0e15d146e9c4cb234dffcd6a58c5224fb4f2652b5de7e650839600114,local-only/original-project
20260917-开发资料/source/market/dist/assets/skins/phoebe-atelier/assets/sidebar-swag.webp,76368,c26ba6b0def317c0b023bdfa67ec54b99b632f7ebefb8e3a7caac4048f08dbc1,local-only/original-project
20260917-开发资料/source/market/dist/assets/skins/phoebe-atelier/assets/top-trim-tile.webp,48000,4b38a502f26b56cec0dc134283049fcfff9f3383fc4b560eb8bcd23054f744bb,local-only/original-project
20260917-开发资料/source/market/dist/assets/skins/phoebe-atelier/assets/workspace-ribbon.webp,77748,cd207b16a9e0400782fe9d44aa8d25a32509c4ea31c85cf85e192682d8fc8443,local-only/original-project
20260917-开发资料/source/market/dist/assets/skins/phoebe-atelier/assets/workspace-shield.webp,196020,5ee91765fc83f84260abd0d334a097454f335c770b6dd4a6682ba99873cf6329,local-only/original-project
20260917-开发资料/source/market/dist/assets/skins/phoebe-atelier/hooks.mjs,89542,f39b57db0de26c1b0972cd7160d6197c281c4d66ba6abb6fe193a666da0d5f22,local-only/original-project
20260917-开发资料/source/market/dist/assets/skins/phoebe-atelier/LICENSE,20850,e66c269d4819aaab34b49ef5220c4ddab6756f21bb5180761a4eb8561f2b7bbd,local-only/original-project
20260917-开发资料/source/market/dist/assets/skins/phoebe-atelier/NOTICE,1633,74bc22d566475d01fe98bfa9e2f27ac5cbb1a816b20dde38c6bf0e6c05e2dbf7,local-only/original-project
20260917-开发资料/source/market/dist/assets/skins/phoebe-atelier/preview/dark.jpg,300951,c1e7213a4224f7b608a829d2d1af6e9db0e27e5cabee44d9458efb56a183eb90,local-only/original-project
20260917-开发资料/source/market/dist/assets/skins/phoebe-atelier/preview/light.jpg,282510,1e3b00d6b6ab665c76fe55e0fb0dcccf0f475fb49e73138810a7ff0f4d072265,local-only/original-project
20260917-开发资料/source/market/dist/assets/skins/phoebe-atelier/skin.css,144042,a3ac77a1f526d308bf4340b26cc9291290e9e6e51640ca4c8a2913eca21a02f6,local-only/original-project
20260917-开发资料/source/market/dist/assets/skins/phoebe-atelier/skin.json,2180,76cfe0d34f644fcaff6c03dbf84fd82ececf18ef56f3c791a9ab0b5b17a30615,local-only/original-project
20260917-开发资料/source/market/dist/assets/skins/phoebe-atelier.zip,4249890,0666e4c3f389b2289733f8f81efb3e96c8c08c15db56b94dadb7dc358f9653cc,local-only/original-project
20260917-开发资料/source/market/dist/assets/skins/pink-sakura/assets/paw.png,14487,a876b2f2e5500963fd8e7950e32ef7762b929dfc80b60dcf84ac5f2c8ecbc970,local-only/original-project
20260917-开发资料/source/market/dist/assets/skins/pink-sakura/LICENSE,11358,cfc7749b96f63bd31c3c42b5c471bf756814053e847c10f3eb003417bc523d30,local-only/original-project
20260917-开发资料/source/market/dist/assets/skins/pink-sakura/preview/dark.jpg,44707,3d9d44db107bd6cfd2c724c480a453d5e83804921a77699428368ff4af625e4e,local-only/original-project
20260917-开发资料/source/market/dist/assets/skins/pink-sakura/preview/light.jpg,45411,5136bb0a53df6eed7c6d844020ecb72952908f2955229a9d945bb4ade19bd206,local-only/original-project
20260917-开发资料/source/market/dist/assets/skins/pink-sakura/README.md,2028,6973ff7829b0d269217480ddb5f8650052de64b1f4cdeacea059c4a09a18f60f,local-only/original-project
20260917-开发资料/source/market/dist/assets/skins/pink-sakura/README.zh.md,1870,ad272d53317eb4b7a1c3c0a764ba35769c50a97cc81684152d733ac03714ef4e,local-only/original-project
20260917-开发资料/source/market/dist/assets/skins/pink-sakura/skin.css,11306,72c0e8b6d77ae238b24802fbd5694912fa647816d0314250c01f906700b96b2e,local-only/original-project
20260917-开发资料/source/market/dist/assets/skins/pink-sakura/skin.json,947,af0422a68d74a2249154b4d7193bb7c34a7e10aa1f57ca19fcf6049ac3cb719b,local-only/original-project
20260917-开发资料/source/market/dist/assets/skins/pink-sakura.zip,133120,b1b60ef0ee90d21c498b806021fb166b30c9e2885908d5544b655316a0ffaa0a,local-only/original-project
20260917-开发资料/source/market/dist/assets/skins/starry-nocturne/assets/background-dark.webp,11168,ce013abc894f8ad7699e5b45e422956ca37589ef9074fb9d661c525a6ff19d5d,local-only/original-project
20260917-开发资料/source/market/dist/assets/skins/starry-nocturne/assets/background-light.webp,94742,71b8d08f0793ed0460768905cfa3e12439fdd2476338c19553d19b4cf06570bd,local-only/original-project
20260917-开发资料/source/market/dist/assets/skins/starry-nocturne/hooks.mjs,2807,5493c9d0c28c80c18e0fe39ee851f3ffe7813f0a126c67c95b36674b2a4bcf65,local-only/original-project
20260917-开发资料/source/market/dist/assets/skins/starry-nocturne/preview/dark.jpg,47251,627797a249c9e46afacfa9cb878c08c4c1542bb1f896803d8302871e6c1ba181,local-only/original-project
20260917-开发资料/source/market/dist/assets/skins/starry-nocturne/preview/light.jpg,103827,e62763ce97ba11ec425fbc44a18a80a68cca2e722529d71f3cc521558ee1c8f4,local-only/original-project
20260917-开发资料/source/market/dist/assets/skins/starry-nocturne/README.md,2041,bd690fc5846c65c4e5f49b43e1cf163dbae1c4c6006ffd975e074f72ad720864,local-only/original-project
20260917-开发资料/source/market/dist/assets/skins/starry-nocturne/README.zh.md,1888,4e41476f6aefad16cafa6f044b342796e7fa9f665be3235790575fe12d23445d,local-only/original-project
20260917-开发资料/source/market/dist/assets/skins/starry-nocturne/skin.css,10433,01a6b9aa92e9c57dddb02a6c5b2aa3e87b00e2d5a5e4b4dea8de9ef74eec76de,local-only/original-project
20260917-开发资料/source/market/dist/assets/skins/starry-nocturne/skin.json,1799,5a5bd138ed156d1877e00ea9acfbf94f8342b751d21796942ed3175562801a61,local-only/original-project
20260917-开发资料/source/market/dist/assets/skins/starry-nocturne.zip,277220,d5ffd8e14f568ff6ecc7e1cf56fb5bbb69d0df6135fbc2632d1334cb646bee88,local-only/original-project
20260917-开发资料/source/market/dist/assets/skins/stellar-diva/assets/background-dark.webp,11178,9fefe45948e5a6d9454eb69cdc8fac7fed974b0f37099855b1fdbb40e559e55b,local-only/original-project
20260917-开发资料/source/market/dist/assets/skins/stellar-diva/assets/background-light.webp,121616,f9d1187f6a8e691d665946a3ccd12aa386fc15326b6d819f416cfe951b8a057c,local-only/original-project
20260917-开发资料/source/market/dist/assets/skins/stellar-diva/hooks.mjs,2804,22efa5c0860f8f20c425c79d29a82ee9a98cfb710e2e9c3c6ca633a9eae7086b,local-only/original-project
20260917-开发资料/source/market/dist/assets/skins/stellar-diva/preview/dark.jpg,48010,1ddd319910912ab6e4346252ce17750823be59fa92c0e2d0a4c3c6b8fbc536eb,local-only/original-project
20260917-开发资料/source/market/dist/assets/skins/stellar-diva/preview/light.jpg,121453,0538c33582135397b1658cd19a71bb67c4fdd73eb5be976531edb8261ac31068,local-only/original-project
20260917-开发资料/source/market/dist/assets/skins/stellar-diva/README.md,2020,fdda95c8ad05baf0d0aa4053c1e9117e8fc54765207b0f4cc5936342fd39815d,local-only/original-project
20260917-开发资料/source/market/dist/assets/skins/stellar-diva/README.zh.md,1867,cf2862a5b53d18d3eb8e33d270cb2ade2d44a3bc07f177e5e5082cf61bbadb4c,local-only/original-project
20260917-开发资料/source/market/dist/assets/skins/stellar-diva/skin.css,10446,2ebc647cf59a830cbcde276655a8906c9b26c6c4280d5d2f26f6a6e8750d9784,local-only/original-project
20260917-开发资料/source/market/dist/assets/skins/stellar-diva/skin.json,1780,66a56618fbd36da1423d97a0f1196aec391c478f6bdc40fc38f99e23df3dbdbe,local-only/original-project
20260917-开发资料/source/market/dist/assets/skins/stellar-diva.zip,322384,193f77886facca3e43d1efb58571994467ce96a167d5e7bc86df31e102282a58,local-only/original-project
20260917-开发资料/source/market/dist/assets/skins/summer-liquid-glass/assets/summer-liquid-glass-art.jpg,624600,4d6548db1996b79f6f0f3e3f608e099c5d06d54af7f1bcbdb59d82dea1f1b531,local-only/original-project
20260917-开发资料/source/market/dist/assets/skins/summer-liquid-glass/patches.css,3559,33290aa22a16737efb42d441f1d87a03ee8412083b3e11cfd7dfe033c6ab5743,local-only/original-project
20260917-开发资料/source/market/dist/assets/skins/summer-liquid-glass/preview/dark.jpg,44980,638e63565eb1280bfcbf27f4808421a379d0c507e2e58dafcbfdc7dc69bc1ba7,local-only/original-project
20260917-开发资料/source/market/dist/assets/skins/summer-liquid-glass/preview/light.jpg,145356,cae14e4e5c14277b3815b041c52326af633399c7cf54b33e9f1a692a911ba1d9,local-only/original-project
20260917-开发资料/source/market/dist/assets/skins/summer-liquid-glass/README.md,958,6a331788aff26c8c7952b6e14a61bf151d7069835373af0adb935e58eeffc597,local-only/original-project
20260917-开发资料/source/market/dist/assets/skins/summer-liquid-glass/README.zh.md,940,dd885a691b10a926ed8f8dbbf11891fafb15163753d35b72407426c9e0ca0b89,local-only/original-project
20260917-开发资料/source/market/dist/assets/skins/summer-liquid-glass/skin.css,10811,08de31df3991740b0e160eb05af2bf06b2d41eb6d34702b3506bcdb79b97f2d7,local-only/original-project
20260917-开发资料/source/market/dist/assets/skins/summer-liquid-glass/skin.json,1610,03d04a1cd506350acc9516dd7af56f1d60b84a17b7afd5224ef8a9c8ae384081,local-only/original-project
20260917-开发资料/source/market/dist/assets/skins/summer-liquid-glass.zip,833996,18998355add0af265ad0e5e0550b2df0f58a63fe377e87571d5499ec376639ae,local-only/original-project
20260917-开发资料/source/market/dist/assets/skins/tokyo-night/assets/tokyo-night-art.webp,145424,278cf76148ff4a79e76451bccf5efa8a9b003207cf415c1a7e4c0009e91f14c7,local-only/original-project
20260917-开发资料/source/market/dist/assets/skins/tokyo-night/patches.css,1415,b329f1cc6c30bd869a4dcaa5746e6fe460eff0d892b1d9eee2fd7e771ce865b4,local-only/original-project
20260917-开发资料/source/market/dist/assets/skins/tokyo-night/preview/dark.jpg,77738,da82fc5aabdeadc1b95b2f8bf6851367e54903767ed6b5aa4135f0e3ed4b98a0,local-only/original-project
20260917-开发资料/source/market/dist/assets/skins/tokyo-night/preview/light.jpg,73347,bc2eed6984bb66b5985a926397f32ff222c2a2a0f38beff07b4eeeb44b5a8a86,local-only/original-project
20260917-开发资料/source/market/dist/assets/skins/tokyo-night/README.md,1937,f0142704a20e53fb1e6aeb77c62653c4774117ddf246d155dc5bdcf698e1033f,local-only/original-project
20260917-开发资料/source/market/dist/assets/skins/tokyo-night/README.zh.md,1808,d489d5d164e6bdb4bde596a4cb20601a5ba3bc86f0426df18a0c5f188cc2cbe4,local-only/original-project
20260917-开发资料/source/market/dist/assets/skins/tokyo-night/skin.css,17763,18fce921933e66988eb9a3b60822bd93f15d9a7a30b33c4bbe8abf5e4eaecc0e,local-only/original-project
20260917-开发资料/source/market/dist/assets/skins/tokyo-night/skin.json,1750,7c67979ed3cafd31ff15061ed9d1a85e59e1e31fc5d51d58c7f6eebb069dd4da,local-only/original-project
20260917-开发资料/source/market/dist/assets/skins/tokyo-night.zip,322222,7d7c29aa4448561ea569b647456a4b8e652373f5f7055fcf72c8df88b1de03d7,local-only/original-project
20260917-开发资料/source/market/dist/assets/skins/trading/hooks.mjs,32158,76954acbe0925f470fdfc79d60c5402fd11f617342df719382265b70e3f5a36a,local-only/original-project
20260917-开发资料/source/market/dist/assets/skins/trading/patches.css,5852,6a401f15e3c7fc229dac0d199108e9991a521f87ba78ecca7bb98efed9e9ea3c,local-only/original-project
20260917-开发资料/source/market/dist/assets/skins/trading/preview/dark.jpg,50610,63324c2209707c0e3d927f90411749fc3320d9091787b9a669a5c67442d9c508,local-only/original-project
20260917-开发资料/source/market/dist/assets/skins/trading/preview/light.jpg,51429,db19fff8823e60c4fe2c72ef49f4a221a00c5164c6746ec05c0139cd654ceaae,local-only/original-project
20260917-开发资料/source/market/dist/assets/skins/trading/skin.css,8144,7abef0f098f937a69a69813a72e4601ba3f2bc9295736b489efd2bcf7c9c7002,local-only/original-project
20260917-开发资料/source/market/dist/assets/skins/trading/skin.json,1235,945b5c1f6ef387060a9b7dbb4451a261ecbffedf7949890925cf2b97c6b0c3a8,local-only/original-project
20260917-开发资料/source/market/dist/assets/skins/trading.zip,150142,d4fc9b079f08555dab5c42dffd4005858f32606e50faad05b1e04345f9afdac7,local-only/original-project
20260917-开发资料/source/market/dist/assets/skins/wallpaper-exclusive/assets/whale-art-v2.png,2317972,37d79fcf46e4ede16f3734099cc2fbce6daca192d8f53522a3d664203a751582,local-only/original-project
20260917-开发资料/source/market/dist/assets/skins/wallpaper-exclusive/patches.css,33849,6d3b345d73a644e4e7998664fc2ab948c82e30fc58615df0a0a1a9cc903b77e2,local-only/original-project
20260917-开发资料/source/market/dist/assets/skins/wallpaper-exclusive/preview/dark.jpg,44068,6bfe63bbdae8d60be0c981b6489ffdbcefd7e15590c3baa7f53af923797d0eac,local-only/original-project
20260917-开发资料/source/market/dist/assets/skins/wallpaper-exclusive/preview/light.jpg,46180,fe82337c5ad5c96bbc62d7ea5108e4bbfe8c68d04e422f485bc897f2885123a3,local-only/original-project
20260917-开发资料/source/market/dist/assets/skins/wallpaper-exclusive/README.md,2429,b38a09be7d05e4df31f3ff77e20b686b4d55dd63572d6a7b25c91b12628e0f96,local-only/original-project
20260917-开发资料/source/market/dist/assets/skins/wallpaper-exclusive/README.zh.md,2169,a6258a1d4537e6f71fbaf55f3071bdc5d5f06ed6046131d1ecbccd191f98921c,local-only/original-project
20260917-开发资料/source/market/dist/assets/skins/wallpaper-exclusive/skin.css,6610,47a04feed0b0deff51041c48a3243e7dda4407cdfa48e7a1c88f04f4cc596ef2,local-only/original-project
20260917-开发资料/source/market/dist/assets/skins/wallpaper-exclusive/skin.json,1392,a63f669fb0fa1ba3694258b71ef270e823981e2692cc9ca719f4b9ecb2a4f2b3,local-only/original-project
20260917-开发资料/source/market/dist/assets/skins/wallpaper-exclusive.zip,2455829,9b87c757880dcc1d561ba534ccd1b20264860343cb21a4ec0b8fcfc31d6e40a2,local-only/original-project
20260917-开发资料/source/market/dist/assets/skins/war-thunder/assets/dark-art.webp,94786,40df7e891eca35bd96aad1c836ff109d863be6f3d4147e170ffc7c8cf8d5ff1e,local-only/original-project
20260917-开发资料/source/market/dist/assets/skins/war-thunder/assets/light-art.webp,132276,f86e3965f0252ba1cb75c84f8b5fe7d6d47c7b3cb3142e373a99d6b7e9521b4a,local-only/original-project
20260917-开发资料/source/market/dist/assets/skins/war-thunder/assets/wt-icon.webp,1758,5c21a61a4bfc289bde23a50633e0a380638f587faf6445df4a181ae3f89cb0cf,local-only/original-project
20260917-开发资料/source/market/dist/assets/skins/war-thunder/hooks.mjs,6281,c44435d89e1de3713a2e46da031acc8a1de0cc6502067ba1e1ca2aa3a1d9d88e,local-only/original-project
20260917-开发资料/source/market/dist/assets/skins/war-thunder/patches.css,11597,c09a984077c62bdf6232a157df211c0f583d69ece089a1c62df57c07befe72ef,local-only/original-project
20260917-开发资料/source/market/dist/assets/skins/war-thunder/preview/dark.png,1494088,05bb50a00e45f12cdd2c96aed45cf1323a2259cdb037b6a5b8c7d1470ef73982,local-only/original-project
20260917-开发资料/source/market/dist/assets/skins/war-thunder/preview/light.png,1769168,7739e502e1125e924ee30b0785f42ace5e843c9b5625ed2cfaa087b885c04e0e,local-only/original-project
20260917-开发资料/source/market/dist/assets/skins/war-thunder/README.md,3393,ee853b1373d63dc07b330be6431d85002be2b2ed542465d82da6f0689413004e,local-only/original-project
20260917-开发资料/source/market/dist/assets/skins/war-thunder/README.zh.md,2887,441776a1b0f35d77384a007dc64d881144d930d44698805fa3a6929a9dff70eb,local-only/original-project
20260917-开发资料/source/market/dist/assets/skins/war-thunder/skin.css,16807,7e7bbbd9f106337b55dd5ec5771e3c637d0aa3b633d079e60eddd47b6eda6072,local-only/original-project
20260917-开发资料/source/market/dist/assets/skins/war-thunder/skin.json,2149,3779eeb27f441deed0be277a5d67342c254305683214bda68fc814565dadab89,local-only/original-project
20260917-开发资料/source/market/dist/assets/skins/war-thunder.zip,3536614,423c5e1ee43c85f35c100740e82da166ca56a85fb9c9119ace4345c53ed45d46,local-only/original-project
20260917-开发资料/source/market/dist/assets/skins/whale-mom/assets/whale-icon.svg,402,868ad60bce433f097c5ce4844a46b80c00fd4e68f6a925499d36aaa2fdea8e35,local-only/original-project
20260917-开发资料/source/market/dist/assets/skins/whale-mom/assets/whale-mom-art.jpg,256367,358d1913f4c535ca1903f2a16bc3fc57abc5362a8cbf29d38cba24ad4d6e32ef,local-only/original-project
20260917-开发资料/source/market/dist/assets/skins/whale-mom/hooks.mjs,1053,be8921f66e7ef6d73a0c12686f9b0134fb1f4d47e38d1dedc09f4a74c1533b83,local-only/original-project
20260917-开发资料/source/market/dist/assets/skins/whale-mom/patches.css,2517,64787e7cf34ec876a5c9e7513ed53114ce102d171702d8a0360e7f64c1d3121a,local-only/original-project
20260917-开发资料/source/market/dist/assets/skins/whale-mom/preview/dark.jpg,156266,f473ada90ddea83c566394dcca727d374660441e3bb110599fb6c0fcb3d7adf0,local-only/original-project
20260917-开发资料/source/market/dist/assets/skins/whale-mom/preview/light.jpg,197841,872602864307791f92576b9ef90bf89ad54b313c5860d6b0f915ced01fea5643,local-only/original-project
20260917-开发资料/source/market/dist/assets/skins/whale-mom/skin.css,14965,83885c27ed62b7362c1a27559c0d773974898f73fa78f8502f587d9f5bd6f8b2,local-only/original-project
20260917-开发资料/source/market/dist/assets/skins/whale-mom/skin.json,1705,310d99a3f66b8d085830295d2ec5bd979f384d3ea0f785feb01578d5e8e0364f,local-only/original-project
20260917-开发资料/source/market/dist/assets/skins/whale-mom.zip,632136,aa19feb4e840a9777a48d9bea01fc66c7300362852a67576a8f80bb4d66bcaff,local-only/original-project
20260917-开发资料/source/market/dist/assets/skins/whale-song/assets/whale-art.webp,153526,9b74076df6da331a69875b9dcee6233193f1ac6254694fd429e179cefaf5d95d,local-only/original-project
20260917-开发资料/source/market/dist/assets/skins/whale-song/assets/whale-icon.png,8803,d1e6058d19b04817a623dc6e3a99405c70defaf412e9296edf7dbe2032ff7cbe,local-only/original-project
20260917-开发资料/source/market/dist/assets/skins/whale-song/hooks.mjs,1096,beb0f140dab1abb40bda52ad2ae1970feb761e2184e64e1d5810fab7c32dfff3,local-only/original-project
20260917-开发资料/source/market/dist/assets/skins/whale-song/patches.css,7153,ef9f430bc7ec045e7aa7e19ae0dc6fa9c8178d28878966dee0044f0bb38b8f45,local-only/original-project
20260917-开发资料/source/market/dist/assets/skins/whale-song/preview/dark.jpg,69960,5e0ab6e963e511939e64d0f3ae0ad62b0f470a411b60137cea4ee3edcbf0f566,local-only/original-project
20260917-开发资料/source/market/dist/assets/skins/whale-song/preview/light.jpg,108701,4983cfde68c43d202bbf5b5811df6c1b96e75db58dd0cea73cbb54b0b44eaa94,local-only/original-project
20260917-开发资料/source/market/dist/assets/skins/whale-song/skin.css,11174,8df9338e52578b89706dfbc5e772a9968cdbd05194586540fa4ac6b04dc23da1,local-only/original-project
20260917-开发资料/source/market/dist/assets/skins/whale-song/skin.json,1723,fa53ef0c536e672fad0448b199f784d22ee7f1a2dd4da6a06c45836800d33331,local-only/original-project
20260917-开发资料/source/market/dist/assets/skins/whale-song.zip,363166,09da7bdbae63c74dfa7e3b870a9fc75b4e599700cb62218c50a51cafc4058e08,local-only/original-project
20260917-开发资料/source/market/dist/assets/skins/whalechan-harness/assets/background-dark.jpg,57309,86c6916dfc63dd09f8deea3a74a34f8d66512d3a2b3158df658fdc4795b96855,local-only/original-project
20260917-开发资料/source/market/dist/assets/skins/whalechan-harness/assets/background-light.jpg,64112,ae617133a4896a423c38a8eab9e74b7bf996a4aa2b3c95e3225687150ea7920b,local-only/original-project
20260917-开发资料/source/market/dist/assets/skins/whalechan-harness/assets/control-fanart/command-permission-shield-64.png,7900,bc77e33141e6fd9dbb112bb870fc648626c4acb2d3a22390a588e92e1d4e3547,local-only/original-project
20260917-开发资料/source/market/dist/assets/skins/whalechan-harness/assets/control-fanart/context-injection-card-64.png,8526,d1382bbf89892ec3773d2755206fc37ecaef7876984b7a98492c1e3a93dab810,local-only/original-project
20260917-开发资料/source/market/dist/assets/skins/whalechan-harness/assets/control-fanart/control-add-session-64.png,5311,2bfff1c74d2bd78d40cda54844f11ae9e82da639cad7be9bb5fa32bb5ed2650d,local-only/original-project
20260917-开发资料/source/market/dist/assets/skins/whalechan-harness/assets/control-fanart/control-branch-64.png,5186,93ae00f3c04fc8be3ac1b010fba5dd90a09a87ff0434adad19971e8a400c01a9,local-only/original-project
20260917-开发资料/source/market/dist/assets/skins/whalechan-harness/assets/control-fanart/control-close-panel-64.png,7768,bab1714f02f5dcae814d7829fb48e1bde4e2a191e9e1ce8357b26cddd2198d5e,local-only/original-project
20260917-开发资料/source/market/dist/assets/skins/whalechan-harness/assets/control-fanart/control-command-add-64.png,5958,67cd09a847f16672b77ac2556f8f25eb7f94fef6dcaaba3122dccdc6227f8f0f,local-only/original-project
20260917-开发资料/source/market/dist/assets/skins/whalechan-harness/assets/control-fanart/control-copy-64.png,4481,bf4126830e48de7dc8393ef1dc5a0a26b40c61f286cb86da00d247c2aa2c747c,local-only/original-project
20260917-开发资料/source/market/dist/assets/skins/whalechan-harness/assets/control-fanart/control-dislike-64.png,7079,bc5f04cdb6ca1b52f250ae4215e409faef55b29b9e410f8709794ad817e539d4,local-only/original-project
20260917-开发资料/source/market/dist/assets/skins/whalechan-harness/assets/control-fanart/control-files-nav-64.png,6552,d660fb730b01f7bd7fb8d520e2827a74ddc453f04698bdad08011a287890fb5e,local-only/original-project
20260917-开发资料/source/market/dist/assets/skins/whalechan-harness/assets/control-fanart/control-goal-clear-64.png,7406,79051f65eb2f4736ad698b5099306d0069189e2e62e367779f73cdafb3de0ada,local-only/original-project
20260917-开发资料/source/market/dist/assets/skins/whalechan-harness/assets/control-fanart/control-goal-edit-64.png,6831,d3d055c8bfa71707d407134fa7b70d7b9f20144b2332ff32c57448f75e466d79,local-only/original-project
20260917-开发资料/source/market/dist/assets/skins/whalechan-harness/assets/control-fanart/control-goal-pause-64.png,6950,2ea8f7472767f1ce00933863ce0ad17fc83fa4fcf66d83bb46ec28235b4a1a23,local-only/original-project
20260917-开发资料/source/market/dist/assets/skins/whalechan-harness/assets/control-fanart/control-like-64.png,6305,33ddc7eb1bc5c369045158212f37264bf37ceb08bc8cc332537e04811e9c6521,local-only/original-project
20260917-开发资料/source/market/dist/assets/skins/whalechan-harness/assets/control-fanart/control-more-options-64.png,5069,1b1e3cbaecb077cbe5fd77aeb94ca2b0220d44d4c0608859b3652329005ad742,local-only/original-project
20260917-开发资料/source/market/dist/assets/skins/whalechan-harness/assets/control-fanart/control-new-session-64.png,5526,62981a4a9a2824497a9db7de197198adc276aed5c01c81f03d37fb2884b8925c,local-only/original-project
20260917-开发资料/source/market/dist/assets/skins/whalechan-harness/assets/control-fanart/control-queue-64.png,5767,0e37f84591425a0c0c942d8ad2307f8491fd8ed64b6bd624a9a09eb84a277ba6,local-only/original-project
20260917-开发资料/source/market/dist/assets/skins/whalechan-harness/assets/control-fanart/control-search-64.png,5176,8d1cc7eb2dfca1ae43126d66ee3e3ec67fd4acaf490f2f455a0e1524074afc60,local-only/original-project
20260917-开发资料/source/market/dist/assets/skins/whalechan-harness/assets/control-fanart/control-send-64.png,4871,18ab69d69bbbc98b951e9e8f1bffe36583ce92a514783632a09d645ebeb68f3c,local-only/original-project
20260917-开发资料/source/market/dist/assets/skins/whalechan-harness/assets/control-fanart/control-session-log-64.png,7791,c009f31c10110ce5ab73c3e1c5da8300d91baef48e23458ccf3084c786ff2549,local-only/original-project
20260917-开发资料/source/market/dist/assets/skins/whalechan-harness/assets/control-fanart/control-settings-64.png,6114,5e4b6e4a63e023dbe87659dedc22fe6dae7836f70abe895a7654fbc056f0b436,local-only/original-project
20260917-开发资料/source/market/dist/assets/skins/whalechan-harness/assets/control-fanart/control-sidebar-close-64.png,4840,e4f0d089b3d5df2ef47c16cc59f4085a275135716e426ede5e459f72b2b993c2,local-only/original-project
20260917-开发资料/source/market/dist/assets/skins/whalechan-harness/assets/control-fanart/control-sidebar-open-64.png,5241,7cac5a757693b48d7d73de36ea07951fe750a7c78f79f9155e9e678f17da2ae7,local-only/original-project
20260917-开发资料/source/market/dist/assets/skins/whalechan-harness/assets/control-fanart/control-stop-64.png,4826,5ed2dcfadc1eec55aae0b5e590b2229b38261e47e7b015842b2a9a30919bfd6b,local-only/original-project
20260917-开发资料/source/market/dist/assets/skins/whalechan-harness/assets/control-fanart/control-subagents-64.png,6798,02f75570a01958b48b07eb47130e467baf1c831ab9fb46bc1c63f94d6790ed2b,local-only/original-project
20260917-开发资料/source/market/dist/assets/skins/whalechan-harness/assets/control-fanart/control-todo-64.png,6890,a6c81afc0ea12ad0259a53cf1facd5ac084e7e3b4571705f195948c62c6d072c,local-only/original-project
20260917-开发资料/source/market/dist/assets/skins/whalechan-harness/assets/control-fanart/control-view-options-64.png,5578,7348dcefba9bf16015f7d6642e7a816aa6f08dc759305c928db03920da87648d,local-only/original-project
20260917-开发资料/source/market/dist/assets/skins/whalechan-harness/assets/control-fanart/control-workspace-add-64.png,6048,ae9757acf140cc4dcb079ddd53b79399cf7031db4008131d5d12bc97ee4158f4,local-only/original-project
20260917-开发资料/source/market/dist/assets/skins/whalechan-harness/assets/control-fanart/hero-agent-mode-64.png,8508,8759b140efa4b6f069a6bdda9e7ad18b4f752770d2910e348d43a282ba0732ed,local-only/original-project
20260917-开发资料/source/market/dist/assets/skins/whalechan-harness/assets/control-fanart/perm-shield-full-64.png,7919,720eaa320919f51253d3443d5230b64aea7856229f1fd10898cd67267516dcc8,local-only/original-project
20260917-开发资料/source/market/dist/assets/skins/whalechan-harness/assets/control-fanart/perm-shield-readonly-64.png,7549,d746e45bb6b723df67394b2c462e4869c13ec7d6dbd24a790f46cc43d85c2961,local-only/original-project
20260917-开发资料/source/market/dist/assets/skins/whalechan-harness/assets/control-fanart/perm-shield-write-64.png,8011,c6848e0c112826ba72799a613b10f747227f04d3708b3a554c59629fb70e7471,local-only/original-project
20260917-开发资料/source/market/dist/assets/skins/whalechan-harness/assets/control-fanart/session-active-beacon-64.png,8080,9ffdbc9dea0eaf93b7b53793cba558a79811942e7057ef654dd23afe73bc889d,local-only/original-project
20260917-开发资料/source/market/dist/assets/skins/whalechan-harness/assets/control-fanart/workspace-folder-closed-64.png,5617,d1ffcfca9f05cd90e65feaff73a99926510cee639a5afaad209b1cec0e627668,local-only/original-project
20260917-开发资料/source/market/dist/assets/skins/whalechan-harness/assets/status/05-context-feeding.png,2263600,125923332a1442c10b5f6ff3a620474acd764a7cc1cc59e93482158769f03572,local-only/original-project
20260917-开发资料/source/market/dist/assets/skins/whalechan-harness/assets/status/07-subagent-outsourcing.png,2562013,d1e188b30832757b984c8b1bbcbbdac1f3ecb675ea336015965fddef61b539a1,local-only/original-project
20260917-开发资料/source/market/dist/assets/skins/whalechan-harness/assets/status/08-rice-before-reasoning.png,2996612,62068e3cf3ed2d0206fe147c72b529077de1233fddb6b7fa7b56739eff7109c8,local-only/original-project
20260917-开发资料/source/market/dist/assets/skins/whalechan-harness/assets/status-icons/error-splash.svg,651,d90d583b82e5c7159f015aeb523da4a4bf2615e92e23936bb8f074efd5fbdce4,local-only/original-project
20260917-开发资料/source/market/dist/assets/skins/whalechan-harness/assets/status-icons/success-spark.svg,706,828dd0dfd6bac064145e642a64c4b9636b255fff1249dc7a830b2465ff242fa6,local-only/original-project
20260917-开发资料/source/market/dist/assets/skins/whalechan-harness/assets/tool-fanart/ask-64.png,6236,8c9fb74d4f3ad575493183211e49bbeea515533d9772b766517e5d12194f8f48,local-only/original-project
20260917-开发资料/source/market/dist/assets/skins/whalechan-harness/assets/tool-fanart/edit-64.png,6349,b12ca3980f11a6b76d81e34ec0b5ef6e548e7b5de20a36b60b0e034f87ed19e4,local-only/original-project
20260917-开发资料/source/market/dist/assets/skins/whalechan-harness/assets/tool-fanart/glob-64.png,6524,c413a3c213c9821c96a300976f9c4575066e49b319d2c75bb0056c2052bb42f9,local-only/original-project
20260917-开发资料/source/market/dist/assets/skins/whalechan-harness/assets/tool-fanart/grep-64.png,6446,1033ac9b47acb75e73f449bb57dd2c99c502bb382466725f35ca94c13720a4f6,local-only/original-project
20260917-开发资料/source/market/dist/assets/skins/whalechan-harness/assets/tool-fanart/image-64.png,6051,8f77bdf952a8768b1e93cd2e210e2f7d38c967d033310ea515ac18e6a4bab3fb,local-only/original-project
20260917-开发资料/source/market/dist/assets/skins/whalechan-harness/assets/tool-fanart/pwsh-64.png,5528,7643ca6766243d009ca2e2bc2337ff91dea8a36a933236142c0aa20edc157a36,local-only/original-project
20260917-开发资料/source/market/dist/assets/skins/whalechan-harness/assets/tool-fanart/read-64.png,6625,00bb2bdc8705b0cad4766520c5ab476547a5e47ad75f4824d471cb734f9965d6,local-only/original-project
20260917-开发资料/source/market/dist/assets/skins/whalechan-harness/assets/tool-fanart/subagent-64.png,5623,efa4de4f0d508ac6bb6b55b46f7f1596aa47df3fcab11b5d6e61a085ada4c42e,local-only/original-project
20260917-开发资料/source/market/dist/assets/skins/whalechan-harness/assets/tool-fanart/thinking-64.png,6524,353fee4a49a7d3657c307037cac44745719133455bb9fae0db2dc5a47c315315,local-only/original-project
20260917-开发资料/source/market/dist/assets/skins/whalechan-harness/assets/tool-fanart/todo-64.png,7267,c413e6ea310963bff42480388d113aebd7ebead208e8cecd7f8cf3fdebfb008d,local-only/original-project
20260917-开发资料/source/market/dist/assets/skins/whalechan-harness/assets/tool-fanart/toolcall-64.png,6408,5a16321e58b155124a799051171a55e87c83d47332bcaf04c1d850fc1f8eb1e9,local-only/original-project
20260917-开发资料/source/market/dist/assets/skins/whalechan-harness/assets/tool-fanart/web-64.png,5345,ddc049c5f41a840b557d15cb245859757d837654c561bf5e09a2623a2e513b15,local-only/original-project
20260917-开发资料/source/market/dist/assets/skins/whalechan-harness/assets/tool-fanart/workflow-64.png,6964,1dcbba6cd709d30fee11240f45c4056632d02fbf96200c51fec3272b6155c198,local-only/original-project
20260917-开发资料/source/market/dist/assets/skins/whalechan-harness/assets/tool-fanart/write-64.png,6150,14675f327817618a9621cdcf350f535abae8f5cca2a8fddfeaef7ad78504474f,local-only/original-project
20260917-开发资料/source/market/dist/assets/skins/whalechan-harness/assets/ui-fanart/compact-memory-20.png,1135,c464bc16230d134a927e9eb79af957126d17c8489a1402930826aedf2658ac6f,local-only/original-project
20260917-开发资料/source/market/dist/assets/skins/whalechan-harness/assets/ui-fanart/file-document-18.png,702,7f88e356ce3f835b414e6a65d7fdc1aba3302e0cc5f8797110d8644a25a7e5e9,local-only/original-project
20260917-开发资料/source/market/dist/assets/skins/whalechan-harness/assets/ui-fanart/file-folder-add-18.png,959,b1b8e030754f129d30979efd3d7bcb1f1d4575ffdca44cac2ea871834743793e,local-only/original-project
20260917-开发资料/source/market/dist/assets/skins/whalechan-harness/assets/ui-fanart/file-folder-closed-18.png,915,e9b5a99deedf593b13595e1d18704f719f5c31345ef5818e568b39d73686b707,local-only/original-project
20260917-开发资料/source/market/dist/assets/skins/whalechan-harness/assets/ui-fanart/file-folder-open-16.png,768,204a0d69d5d74d4e0426f8e660906b9b2d1802ad875a095e88b48816212a0bc0,local-only/original-project
20260917-开发资料/source/market/dist/assets/skins/whalechan-harness/assets/ui-fanart/file-folder-open-18.png,921,0fc992f951641a3a784ffcd8befa4a9a65e2d87a4bc678e72e31b95e1b62c383,local-only/original-project
20260917-开发资料/source/market/dist/assets/skins/whalechan-harness/assets/ui-fanart/workspace-folder-closed-16.png,721,0799cb908b7a7570f66825d3946d3a4e5a9d95e347e49c63c5b81a74f7692d0d,local-only/original-project
20260917-开发资料/source/market/dist/assets/skins/whalechan-harness/assets/ui-fanart/workspace-folder-open-16.png,801,f4f527e4891530871908a354bbd74f57ad9f8991428f8173b652155d42e2ac69,local-only/original-project
20260917-开发资料/source/market/dist/assets/skins/whalechan-harness/assets/whalechan-riding-whale-64.png,7909,f4ed258c7b90fa3c1c1fe412d564caaef2b86b42551a2926341a6bfd5826e850,local-only/original-project
20260917-开发资料/source/market/dist/assets/skins/whalechan-harness/LICENSE,1014,bd3cb76050d2200e2f5436d51ede4cc2fd5169ab1e4681389ec4dc03497bc3d4,local-only/original-project
20260917-开发资料/source/market/dist/assets/skins/whalechan-harness/NOTICE,852,d08fe331ac4c85fd6acaef766c44038c131ce92768fae3c2b0ba3bb4d814f8db,local-only/original-project
20260917-开发资料/source/market/dist/assets/skins/whalechan-harness/patches.css,32154,590e468c58f5cfa6a8d3cb6d00a8fbd431352e6f88fd6a90cdd81d440b8a631d,local-only/original-project
20260917-开发资料/source/market/dist/assets/skins/whalechan-harness/preview/dark.jpg,47433,744d22328b1a456081378a7c05eb02a24b7f81469c18d3e3a1bf49a07392c64e,local-only/original-project
20260917-开发资料/source/market/dist/assets/skins/whalechan-harness/preview/light.jpg,48495,2e388fc45a285341bb7e42200323812f1c03d4f0e17278375a873aa8453d1769,local-only/original-project
20260917-开发资料/source/market/dist/assets/skins/whalechan-harness/README.i18n.yaml,387,34268beacafb20cb734184392b305c722ca7a699a6d0c5a1cf2c752bd9ea765e,local-only/original-project
20260917-开发资料/source/market/dist/assets/skins/whalechan-harness/README.md,2586,b6718f2382fb9b21785e455db81667f058b5bcef5d3c274d52d0fef42f3f9c7b,local-only/original-project
20260917-开发资料/source/market/dist/assets/skins/whalechan-harness/README.zh.md,2331,855a59041aa1d5ab8f915f08497a29d7196a0741cbec61d307f53d3279e68c6f,local-only/original-project
20260917-开发资料/source/market/dist/assets/skins/whalechan-harness/skin.css,4010,901e3d68259f765f0a140abfbc5f2adbea800969080ca806b65ce56b48b0e9af,local-only/original-project
20260917-开发资料/source/market/dist/assets/skins/whalechan-harness/skin.json,1847,e7eb6f833155b1e9011353553c89e8e3cb7e4937ef1ad851e536325f46994efb,local-only/original-project
20260917-开发资料/source/market/dist/assets/skins/whalechan-harness.zip,8415029,1f0d806a25204567e84c482b3df244fddb8fa09967728187255c3662f80ba7a5,local-only/original-project
20260917-开发资料/source/market/dist/assets/skins/xp/hooks.mjs,9124,1574d30f271f481a681feddc0608b04b0aec684e323fec0b00481f08450e4eb3,local-only/original-project
20260917-开发资料/source/market/dist/assets/skins/xp/patches.css,24561,133c14cba93ccdcf93e76cdba7537bbb0fd660536e121bc694f97cca7d85859d,local-only/original-project
20260917-开发资料/source/market/dist/assets/skins/xp/preview/dark.jpg,56349,3fadb2c91a50488b8200222490eed67c12c1f28943a35262a1b38acc32f04b99,local-only/original-project
20260917-开发资料/source/market/dist/assets/skins/xp/preview/light.jpg,61442,b673744c572a17fccc5f0436e62fee94f8dcbc5a179b49cb001ea7ee3318e237,local-only/original-project
20260917-开发资料/source/market/dist/assets/skins/xp/skin.css,9722,0e960db766206032cbe4a61d63007fa416c69ef1c7d32eb1e65ea3a3ddeb05f4,local-only/original-project
20260917-开发资料/source/market/dist/assets/skins/xp/skin.json,1154,8bceb95c45b400b67ceb80a7f063b6c2086c0e9f9907a7b72a592d33017623eb,local-only/original-project
20260917-开发资料/source/market/dist/assets/skins/xp.zip,163006,d2ce8ea190fffefbdf10c3df9a925a37785ed3ade86463c2518d4d2f3147f5da,local-only/original-project
20260917-开发资料/source/market/dist/index.html,33528,2ce6473a4e47fc8b3585bd0edbc69263e0d3e795ed001486738d510808ecaedc,local-only/original-project
20260917-开发资料/source/market/dist/manifest/pets.json,111517,1cf18fb8d8aa752e9ffb1ab05aa5218a741efb626abca6fd1bc76f00c34c915b,local-only/original-project
20260917-开发资料/source/market/dist/manifest/plugins.json,66542,18c3ccd9cc44934e757e9e1d303bdb70c4d21bac35abdac462b90a800e09c58f,local-only/original-project
20260917-开发资料/source/market/dist/manifest/presets.json,23370,1dd10cd7eb45a48ebd1919392c150d80d61f442c171b8e28fe2274e24972e286,local-only/original-project
20260917-开发资料/source/market/dist/manifest/skins.json,83657,1e0334c9dee5ed696e1354071bb8a1960bdd2637ad8a4015bee61ab73a20d806,local-only/original-project
20260917-开发资料/source/market/dist/manifest.js,48821,cfa14317252c5395358531a57657d28b506c7224ab96758ab7db18131c712a8a,local-only/original-project
20260917-开发资料/source/market/dist/official-facade.js,564106,b72682fe02a04657de32717b4daad7f7d2a208e73d2d9c9dc2089af26a26783b,local-only/original-project
20260917-开发资料/source/market/dist/preview.html,20572,be902aa7e8e7f3324e8bdb77ca54e62ea786f481b46f57374be7ded27a5a6385,local-only/original-project
20260917-开发资料/source/market/dist/robots.txt,631,a4a9c19831a6413bb30f8d427f752781c5e858735654e434b25c2be5778cd48b,local-only/original-project
20260917-开发资料/source/market/dist/sitemap.xml,6075,14778e0bc2114ddcff8b7aa8bacd0f4d2b4a183a115025e5c50cde305e6d3bd3,local-only/original-project
20260917-开发资料/source/market/dist/styles.js,1134365,df3f964b89011694cacca1aa6f1e5d40c994de0c0b2be16bb3392e0640c353be,local-only/original-project
20260917-开发资料/source/market/dist/tryon/.tryon-hashes.json,81397,c906f51f2bea7084f34135ab0b5e0eab45310fccd1a56533ab0eb6b9df3a6279,local-only/original-project
20260917-开发资料/source/market/dist/tryon/assets/addon-fit-DOCEibfw.js,1575,3868b45f20749588d7c3dd14c4679d6615286995c5e7cce2b61d9b284181c7a8,local-only/original-project
20260917-开发资料/source/market/dist/tryon/assets/agent-presets.schema-DoH0Pol2.js,1308,8fc68411b9885e0bbfad66c64d097537d378e0e79385a5dc006017c32c07c731,local-only/original-project
20260917-开发资料/source/market/dist/tryon/assets/anthropic-messages-D4XMygKR.js,102998,3ce7aaedb2c67f8e9c903f0baa3ccb5bb1b99cc7190db36e22cc57a4b7a7693f,local-only/original-project
20260917-开发资料/source/market/dist/tryon/assets/approvals.schema-C5gTdnHd.js,378,e096dff554141e7e8cb74ac275ef832b8647cfbf32ffd9dbd228bcfde06328f5,local-only/original-project
20260917-开发资料/source/market/dist/tryon/assets/azure-openai-responses-B7dIGoLV.js,6606,1e3d6fa1ec17d5819653f0013e871a89e4b65906f138f450bec42c12f390aead,local-only/original-project
20260917-开发资料/source/market/dist/tryon/assets/brand-_7cnZsRw.js,174,b88ec1c32d32568f010440b30ee1636085274447ec9574b68d51cd4d91220765,local-only/original-project
20260917-开发资料/source/market/dist/tryon/assets/brand-C9NDtpaY.js,47,d9f306a5fedb784b27fcefe368046be17a2e065b96f18e8c5fbec149acf2b64e,local-only/original-project
20260917-开发资料/source/market/dist/tryon/assets/brand-DCBUtKpr.js,43,a15e4ff2cac0f2547f6afc6ac4a26058ef6bd4e5d466a4169e8ceb40ad1d4271,local-only/original-project
20260917-开发资料/source/market/dist/tryon/assets/c-BIGW1oBm.js,72113,d6cf83167ef5e3f3ce64b34b57082b5ad6824eba4970eae9a278ab9285c9f3d8,local-only/original-project
20260917-开发资料/source/market/dist/tryon/assets/checkpoint-Cp0Yjeob.js,282,646678cb3168ff15823467b8f2099b18baf51a385190550e38a7e7a71bee4d96,local-only/original-project
20260917-开发资料/source/market/dist/tryon/assets/client-B3AwaxQc.js,192138,23e47cffc5363f4fa6c7af05f0932a247125bf05d0f5c01434f1cefdbe33bc4e,local-only/original-project
20260917-开发资料/source/market/dist/tryon/assets/client-B58ImXYc.js,6082,376f437c7d9bfc4e94609eacdf0f4249f8e82afecd71209e37d4e361305691fa,local-only/original-project
20260917-开发资料/source/market/dist/tryon/assets/client-BaLkuqJh.js,1551,5a9c7b6911bbe58f645a11d99e92df02a034895996012262283d26c847da1e8d,local-only/original-project
20260917-开发资料/source/market/dist/tryon/assets/client-BB-27R_6.js,19950,9ffbbde3f96d4c156a3c91a42af0c18ed3fd8285270bb5fedabeb9d880c3cab5,local-only/original-project
20260917-开发资料/source/market/dist/tryon/assets/client-BCBCz4f5.js,53587,d539141d2276fd093dcfa121c6b99ac559865d7e290fc38177b347e142f8c80c,local-only/original-project
20260917-开发资料/source/market/dist/tryon/assets/client-BFFi-jml.js,13716,f4b2c07f919e7fbabf7051783c51e328339a21b727be41635ea40ca8dde9f036,local-only/original-project
20260917-开发资料/source/market/dist/tryon/assets/client-BgGd8W-M.js,57713,e0956bab41d26f3826524f87e72e2a1417ae91d93f652d524c2659f72c6fc9a5,local-only/original-project
20260917-开发资料/source/market/dist/tryon/assets/client-BLe3mSKU.js,32836,330e3b65b98451313f2e81aed84329f5b6c207f266cf79cb5292d515811b0d05,local-only/original-project
20260917-开发资料/source/market/dist/tryon/assets/client-BwxTnBjr.js,3137,11c88e8bf15a2f5a57f6bb4dcbbf2075028a574a6f24927d149039a7ddad46b0,local-only/original-project
20260917-开发资料/source/market/dist/tryon/assets/client-C3oo-Ssx.js,20148,28ca1dd3f6e9e967ed4ece437ad9c34085e55d257891804d17d41e30fd2dab05,local-only/original-project
20260917-开发资料/source/market/dist/tryon/assets/client-C4Hwvq7p.js,9747,d97172ac74e6ddf83da4b4a67a0e081eb40712a8eeb2224bae7df352042985c9,local-only/original-project
20260917-开发资料/source/market/dist/tryon/assets/client-C5DN7sNV.js,9788,2397e4e508b9186212901191deafbb962c6db9e07a9126a76fcb4b1e5b7ae3f8,local-only/original-project
20260917-开发资料/source/market/dist/tryon/assets/client-CAK39FAu.js,23254,965a7bbd9cf164c9c7cc66a9b991eac64c7a36082725a5bd8b5f79eb8e2f0f58,local-only/original-project
20260917-开发资料/source/market/dist/tryon/assets/client-CBy9xJmN.js,3679,d0ac047ee7d8ddae454c256feeb3c221a42eb95baa39fd136ba37e62dcd675de,local-only/original-project
20260917-开发资料/source/market/dist/tryon/assets/client-CgWC_XIu.js,11347,5e56d0c22da08cf91440168abb2501bbe76079b9a2e3a988c3b869579798185f,local-only/original-project
20260917-开发资料/source/market/dist/tryon/assets/client-CKnpDgoG.js,1284,9beaa028a1bc4818e35a5bd138a6276d4268cf67453e258d28a394051cc2a32a,local-only/original-project
20260917-开发资料/source/market/dist/tryon/assets/client-Cl0x7pqd.js,1841,a8c346175bdc8e46ebc2c9cd87c5f800edaacc2067319cf3cfa764e74be7c9b0,local-only/original-project
20260917-开发资料/source/market/dist/tryon/assets/client-Cq47NhPU.js,10581,6906fdce9434492ebf4680071963673b297175943967445ca269bc5348a8bbc9,local-only/original-project
20260917-开发资料/source/market/dist/tryon/assets/client-CQauJ1j9.js,43170,d083ad5929d88affe9270173ddcf92729c13d56513a92abf602c084e4471b0cf,local-only/original-project
20260917-开发资料/source/market/dist/tryon/assets/client-CSLSSmks.js,23860,4f4e374a15e538768b683e69c2f00485658f6a74989d858d45e96862c86518d3,local-only/original-project
20260917-开发资料/source/market/dist/tryon/assets/client-CuWDgLP8.js,15151,45abf621df047226db80641fabd250fd03c3289ea0cf4b06702efaeb0cc8af14,local-only/original-project
20260917-开发资料/source/market/dist/tryon/assets/client-CyuosRWO.js,10793,2fd7dff1a895b8aa19cc1c46a1d888d863d3f8b50284e5f5b655bf7eee857b1f,local-only/original-project
20260917-开发资料/source/market/dist/tryon/assets/client-D2rJwleW.js,23367,3ff26f219d91336413cdd0a5cbb832973050df376c1d79c53ad681745c35ec1b,local-only/original-project
20260917-开发资料/source/market/dist/tryon/assets/client-D9TlYLVj.js,37815,d459ae51ef9ade66773f06f506138d12fafcfe08e4d99a9ae8ccb2a3c8047b24,local-only/original-project
20260917-开发资料/source/market/dist/tryon/assets/client-D_e2TOX9.js,26328,6b0c9f073df8cab1fce2e3cc8c32221804ad696fe27f3ca3ce8e3ec4a5176599,local-only/original-project
20260917-开发资料/source/market/dist/tryon/assets/client-DAnJYWXa.js,20525,da04bb1f4160eea5c0c503a11e2953f9675439f3cb33becb94aa67b78aaed46d,local-only/original-project
20260917-开发资料/source/market/dist/tryon/assets/client-DCenxSqF.js,170074,18872422384eac205baecb6b90c0cd289ad3e8e3fb04e0073fe0e27602339aaf,local-only/original-project
20260917-开发资料/source/market/dist/tryon/assets/client-DfA6fO7n.js,10421,262ad886fdfe456a69fbc20109ac245380902e48e3042c992237b256d4b773de,local-only/original-project
20260917-开发资料/source/market/dist/tryon/assets/client-DFw1b8C8.js,104316,6c5f17364558bbf4da2b93c23f049826ee1a5e871110a9b01f9e2dd86cfd3844,local-only/original-project
20260917-开发资料/source/market/dist/tryon/assets/client-DG9s4KjG.js,26517,30dd43906ebecf80928d22d3fe990ee17c6f3025b2fde45a70eec5b7b65d5724,local-only/original-project
20260917-开发资料/source/market/dist/tryon/assets/client-DhR0A45X.js,6690,e14e4d80622ba668f856948321fb9c97f5fcf0616c2a84e5693257faec99d88c,local-only/original-project
20260917-开发资料/source/market/dist/tryon/assets/client-dhta77Vk.js,15863,cf8e427e61f0b7efc4f2762db5bab5e3e52879828b0260496d656d88699dd0ec,local-only/original-project
20260917-开发资料/source/market/dist/tryon/assets/client-Dl7V5PXw.js,102203,924b06c871f9eecc24c50db1985116e98c46c28a608664f766a17df6d62ad562,local-only/original-project
20260917-开发资料/source/market/dist/tryon/assets/client-DORu8dDq.js,174799,aadec735514551d8a98e6515a8d6246f56c0516ec29cc7930fac52b384a4a325,local-only/original-project
20260917-开发资料/source/market/dist/tryon/assets/client-DPU1CeKL.js,8899,8a69f003558737d3439712092d5c53aaf362a4768c36e10322ecaf9d086cfd4e,local-only/original-project
20260917-开发资料/source/market/dist/tryon/assets/client-Dq7on9tU.js,7555,d898449cb032a485a407a49ef6907ab3313f02b8a052bc37b6937db11c68e9cb,local-only/original-project
20260917-开发资料/source/market/dist/tryon/assets/client-DR4DVVk2.js,7423,db2751590c2d21f82bcb9aae1c1b5f596c236fca4daaad67f30a2856b74f83ab,local-only/original-project
20260917-开发资料/source/market/dist/tryon/assets/client-DuQsPZkv.js,19731,985b7c557f6dd78615b5ed44b8ff8627f31077ba20ef82be07b376aaffd57187,local-only/original-project
20260917-开发资料/source/market/dist/tryon/assets/client-DVzIF2Lo.js,233708,d968c88a0af60230ab078b9f5aaa6532799227fef162c51f37333736bd997f80,local-only/original-project
20260917-开发资料/source/market/dist/tryon/assets/client-gk2qrmWJ.js,16455,24bc7c75187a121349e4ab0dd5793042ca22adb93270042b449357d9d0cb7c03,local-only/original-project
20260917-开发资料/source/market/dist/tryon/assets/client-HPpZ1EmP.js,13087,e6ddaaccbedca5fbaef3de0aacf577412ee2054bb247b5c4e422ca923db18966,local-only/original-project
20260917-开发资料/source/market/dist/tryon/assets/client-KCA48YGu.js,9421,9c0acb3b1bcbd35694614eca4840125be82dbd8f9191fe6e6d5906cbab7a2dff,local-only/original-project
20260917-开发资料/source/market/dist/tryon/assets/client-T1a_m3Mp.js,18833,b856e5441a8a7d3c156e040b123a6d765564d6156b8205e4369a9c03179c4d79,local-only/original-project
20260917-开发资料/source/market/dist/tryon/assets/client-ylwJSeZt.js,168497,9a2d84d592a3c3ae1336bd9a3ea9d74a7855c8a79eb6553ca3067822e941b37b,local-only/original-project
20260917-开发资料/source/market/dist/tryon/assets/client-zndnHuTw.js,63267,e7ac1b9a45ba4eee2fd41826aeb0b20d5f1b616e5273f31b8448365f57e952f0,local-only/original-project
20260917-开发资料/source/market/dist/tryon/assets/coerce-C0SrhQ24.js,418,130ad48ce7efe6869ea03c3282cfb5a60f59eafc861e657668e30a5668fd781f,local-only/original-project
20260917-开发资料/source/market/dist/tryon/assets/compat-CfXjhjpK.js,492,0bbf78a90341dac11965bf524ae6acb68109f2c4232645114ff1c6a3305ff303,local-only/original-project
20260917-开发资料/source/market/dist/tryon/assets/cpp-DddhVWhK.js,796962,b9dfa8023b6f306908141bf8b39b56f6ef9702fc17b9f9154836248444899256,local-only/original-project
20260917-开发资料/source/market/dist/tryon/assets/credentials.schema-BqtqqydI.js,595,b70e2a3d88f8b49d3ea42257e5f5ec3cc330c56c25e614bda9b19164cc7dffe9,local-only/original-project
20260917-开发资料/source/market/dist/tryon/assets/csharp-DSvCPggb.js,90189,1ed6cae3a3f91c58b1ce9d8da2f95090c1804cd330b3ef813d35df14da2b88c6,local-only/original-project
20260917-开发资料/source/market/dist/tryon/assets/css-CLj8gQPS.js,49041,2848016b846e4595ae4798cb70305f259eb0e8d297b0cc9fa4ac5b0b612a3166,local-only/original-project
20260917-开发资料/source/market/dist/tryon/assets/deferred-tools-BH-n8mgx.js,507,cae9eb527c5071d96ead7cb86df23c33b2681c59c75640e14f856e57d8016cf0,local-only/original-project
20260917-开发资料/source/market/dist/tryon/assets/downloads.schema-DjMv9sQr.js,419,1dbd4729046b92df656ddeef863054115f1e7392a8a8e9849a3e4e3a0b8cb4f0,local-only/original-project
20260917-开发资料/source/market/dist/tryon/assets/error-body-B3wFA64H.js,1339,55dd99f37c5bfe888f3c4f88635424bf0b4fe498bbf9bcc7888e6682e405c36d,local-only/original-project
20260917-开发资料/source/market/dist/tryon/assets/events.schema-DGUuBlDc.js,2612,1e239d91f05de76d31c66916d8bdd2eb1ff8562f942552de0d0631613b918faf,local-only/original-project
20260917-开发资料/source/market/dist/tryon/assets/git-DJDr4heb.js,268069,14c2b0a5817d1938808bc23261504d9eef23332307ca999a9f7e1dbb2ae74a93,local-only/original-project
20260917-开发资料/source/market/dist/tryon/assets/github-copilot-headers-CrHPofPv.js,445,9890e1623ce5f56ba9e4b417dd5866b56686cecbb7b6d6d0b62ea2ad6a078980,local-only/original-project
20260917-开发资料/source/market/dist/tryon/assets/go-C27-OAKa.js,46818,46ec75c1455e917fb6e0b1b4aa0f0b15686386aba0c8e3ca3615984ae9be696e,local-only/original-project
20260917-开发资料/source/market/dist/tryon/assets/goals.schema-D8o4bsXQ.js,984,725fcec56070d82198ce7769d4199fa117d43b2096522a19e16a39b6b4f36847,local-only/original-project
20260917-开发资料/source/market/dist/tryon/assets/google-generative-ai-BFxloeZM.js,6228,e65cf7855e3bcf565ef31f24ee97ae2b74aeedbec32d51ccc1c778cd4e652f27,local-only/original-project
20260917-开发资料/source/market/dist/tryon/assets/google-shared-VW1lP7Ju.js,291832,88f458908e649ce0b13d86097ca66007d570f0c0e56e2a80d20b40fbf8bb65e3,local-only/original-project
20260917-开发资料/source/market/dist/tryon/assets/google-vertex-yDkMyTfn.js,7166,c061fc0358eab0461bd69c0f06d1afd82002457a35274bcc9a5a945f355a314c,local-only/original-project
20260917-开发资料/source/market/dist/tryon/assets/grammar-CYIzYIN4.js,499,4819ad5ae3c8879d28a49a081142f3f455c10154a5eb3d62ab3b721625458d29,local-only/original-project
20260917-开发资料/source/market/dist/tryon/assets/hash-DMDecQcg.js,345,e44926564836aed6d1c3ceabaa0d87128239e34bf5ba1ef60a776ec8d77345d5,local-only/original-project
20260917-开发资料/source/market/dist/tryon/assets/headers-z0zMURwp.js,225,3a18cd30ddc1d2d239d56c0e7619c6a9806c159f387196cd2f38a136ba8c0135,local-only/original-project
20260917-开发资料/source/market/dist/tryon/assets/host.schema-D00yZYS4.js,1050,9a3d6d4e5d4cc1ac31909b58cb45dbf4db174d692f09672b848c22508abe27f1,local-only/original-project
20260917-开发资料/source/market/dist/tryon/assets/html-CfGypltT.js,232117,21b1434a82cad81174ffdc1bc99fffffbef06a25b9838632e99eccc8c89ceeff,local-only/original-project
20260917-开发资料/source/market/dist/tryon/assets/index--11LKTsS.js,895,c7992c567b8cf63d6ee31b619763d3dadd8ba5355b06c6d64c78431b2b7872e5,local-only/original-project
20260917-开发资料/source/market/dist/tryon/assets/index--2H3-g35.js,34,8ec112463b1be2cf57c34574ca422ee36c2e72f9fdace21320751f5521bf5dc4,local-only/original-project
20260917-开发资料/source/market/dist/tryon/assets/index--sr43o0C.js,39217,ca705343904bb4f453d9d9e3a9fdd7b57867d9a6338de93c378bce377d599ef4,local-only/original-project
20260917-开发资料/source/market/dist/tryon/assets/index-15qnF5l_.js,1735,e8c319f64f640e10653a67e4b71403672abc8f8dfd4a35586aa421e26f48c9da,local-only/original-project
20260917-开发资料/source/market/dist/tryon/assets/index-1LxWKWez.js,34,8ec112463b1be2cf57c34574ca422ee36c2e72f9fdace21320751f5521bf5dc4,local-only/original-project
20260917-开发资料/source/market/dist/tryon/assets/index-3mXFJpqs.js,2806,8c5a035d5607abddf59e84a7e56b2e15855253a592753ebdda4043ccd54761ef,local-only/original-project
20260917-开发资料/source/market/dist/tryon/assets/index-3nKBfrKC.js,3867,f43ce8692d281bb4fcb5fc37d457e5991129dc3dc9df512e011f9991ec95bf3f,local-only/original-project
20260917-开发资料/source/market/dist/tryon/assets/index-3sEPdTbA.js,37130,7c8f7f7769158f1d434d4a42b66fc0727d41bda4781bb165367c15b10f54501b,local-only/original-project
20260917-开发资料/source/market/dist/tryon/assets/index-3tufxZvx.js,1682,7fefed04092c8f67ca5d40d6362b6dd73723ef1c6466cab5dac88515099ce9f9,local-only/original-project
20260917-开发资料/source/market/dist/tryon/assets/index-3y87H2s5.js,3751,9ea0e86ccee886a26b77afaa275e608d112123889dcb78c862b979d67c73b518,local-only/original-project
20260917-开发资料/source/market/dist/tryon/assets/index-7QljMh0V.js,1996,7192eabc44dfb125308356e5f6efb312641bdde07396ff46657214b9bd76bc0e,local-only/original-project
20260917-开发资料/source/market/dist/tryon/assets/index-_JvqZQyr.js,8720,8976e10855708727a5845398f2458e3f936a69a99dff2a6260bb2d96d0ed93bc,local-only/original-project
20260917-开发资料/source/market/dist/tryon/assets/index-A-IP34zN.js,7208,9d3305c5b2a58b4eb798a6a9073bba2bf6135077810c446afc9b47bd52cf0274,local-only/original-project
20260917-开发资料/source/market/dist/tryon/assets/index-A3BzZ0Xj.js,3203,56cf1d1ab20a5b0a7f5f33f4f7f0a28a9a067473dcfd00b1dd13aac22cefc84a,local-only/original-project
20260917-开发资料/source/market/dist/tryon/assets/index-B0i3gkq1.js,21007,a983a91127c769d78da8b27fe34100d9d52b23e47a7fa0b95d4730344af65b79,local-only/original-project
20260917-开发资料/source/market/dist/tryon/assets/index-B0rXwYK0.css,2459,1c93eedd22cee6e88c96f5955a4209484914aadc4a34a5d6889ecff4774da629,local-only/original-project
20260917-开发资料/source/market/dist/tryon/assets/index-B4m6SGOq.js,1438,649e69d0371df7c4830164f72ef72ca2d007c130d15323cbc20cd11b795bf4f1,local-only/original-project
20260917-开发资料/source/market/dist/tryon/assets/index-B7Ugx879.js,563,cb5d8c8a8c03808e2b7d345e0ecbefa65defb5dee2bbaa41e563a757ddd6a8df,local-only/original-project
20260917-开发资料/source/market/dist/tryon/assets/index-B8ARiQ2H.js,2916,b085533aac34354deab24b61ce3e7c6ed6748732558f2f1e56d1c7293ee6eb73,local-only/original-project
20260917-开发资料/source/market/dist/tryon/assets/index-B_eoKslb.js,7703,4a1f3546333e24fb8d31359c49ff36fa802fe2e8d2de938ff239de8e12dd1e49,local-only/original-project
20260917-开发资料/source/market/dist/tryon/assets/index-BAmYwFBR.js,8994,ff64e124cf23e679e136ca52c257aee7728438896eb4f6e4bceb199d7e1a762f,local-only/original-project
20260917-开发资料/source/market/dist/tryon/assets/index-BbIyIJ6Q.js,7237,fcb359d4d1103b4506de16eafc43f608c314bfc5ca0847d978d6a6eca894e66d,local-only/original-project
20260917-开发资料/source/market/dist/tryon/assets/index-BdFaJT_X.js,9352,3a49bb5d15c54babf4be962db928e4ac60f01ed555645542fbb253a449260235,local-only/original-project
20260917-开发资料/source/market/dist/tryon/assets/index-BDzXeTe6.js,2006,956d0c72092b5e2966fa60a484568f77bfea648fffa10a65f81bcc24b085c8dd,local-only/original-project
20260917-开发资料/source/market/dist/tryon/assets/index-BfyFJbxj.js,12565,bcfdf507cf41af0ce1bcd1c8cec5c6176ecfe4432ddc140719f7a5539af716a1,local-only/original-project
20260917-开发资料/source/market/dist/tryon/assets/index-BGuhWCFP.js,2790,5bc1ea50aa54d10d5e82e333bee930fc43974628d3d437ef4f014e2e3a88e7aa,local-only/original-project
20260917-开发资料/source/market/dist/tryon/assets/index-BH8to2NB.js,396,4e8cb1d0273039ee4dd14f2eed7bb75b394b16c1c028aec00c8fd0d45199ae16,local-only/original-project
20260917-开发资料/source/market/dist/tryon/assets/index-Bhd8IArO.js,1987,8ec865c344fedc506b378972ca783fc7c9cfabe5523a36d9d241d8493bbfddc1,local-only/original-project
20260917-开发资料/source/market/dist/tryon/assets/index-BI9LL__Y.js,233,9dd5ff22e4ed27379fdcb52a05027377ce7f5134f55d002c98902a2fe7a784bd,local-only/original-project
20260917-开发资料/source/market/dist/tryon/assets/index-bimCRxry.js,15194,9f6b0f6a584371ba1ca49debfae5ddfc26a5b56acbb0c84c0aa80691533df96e,local-only/original-project
20260917-开发资料/source/market/dist/tryon/assets/index-BiN24SA_.js,595,8f34fad9fc403e1030b6c622af87a78414499c0df9ddd73900048302b7974d93,local-only/original-project
20260917-开发资料/source/market/dist/tryon/assets/index-Bjcrt-VQ.js,11851,ea81ea5058b2fddab9e91a433cfa14b2ebe5347ca294a90ef725abc003abe1f6,local-only/original-project
20260917-开发资料/source/market/dist/tryon/assets/index-BJf9qJA-.js,7432,1d08371315ba360ffd27304c4bee997cfffbdf6de679be010bfc16d4ca4ab117,local-only/original-project
20260917-开发资料/source/market/dist/tryon/assets/index-BJFK7Tsi.js,1519,2927626f300bca657d478a2d37ebd4a31e11fefb0fc861dedecca58ffe5b20ed,local-only/original-project
20260917-开发资料/source/market/dist/tryon/assets/index-BJk2fCDu.js,3693,5c03a2198774d71f2543b29ed5280a864e9449bf8fe3806b7292d3f9c347d427,local-only/original-project
20260917-开发资料/source/market/dist/tryon/assets/index-BKKF_IKp.js,14405,1bf8575f1e14cebe39fd87235494532e54f85256c31c0b6d6f847ddce8d983ba,local-only/original-project
20260917-开发资料/source/market/dist/tryon/assets/index-BLN5q_Nr.js,20474,ed3146ca9373f8b9329b7b8d71e209df5c6123684e24d369208d0abf8f6e0e78,local-only/original-project
20260917-开发资料/source/market/dist/tryon/assets/index-BMQ49kHL.js,34,8ec112463b1be2cf57c34574ca422ee36c2e72f9fdace21320751f5521bf5dc4,local-only/original-project
20260917-开发资料/source/market/dist/tryon/assets/index-BNgZ_PDY.js,2949,5d3f115324eda74dfbfa5bcb554d7eca065a06ba1315f403a45af99d98f7a633,local-only/original-project
20260917-开发资料/source/market/dist/tryon/assets/index-Bo3nlwcW.js,1531,32f1c1809ebf240ce6f43c660904cbe4ec41a09b1ca48f793501c578fdfa8d67,local-only/original-project
20260917-开发资料/source/market/dist/tryon/assets/index-BOeKJYGE.js,4382,47b83851005894f523f8ca5b89a886efd78b4a4f651a0555fa1ad317a40338f8,local-only/original-project
20260917-开发资料/source/market/dist/tryon/assets/index-BOqYyBYH.js,34,8ec112463b1be2cf57c34574ca422ee36c2e72f9fdace21320751f5521bf5dc4,local-only/original-project
20260917-开发资料/source/market/dist/tryon/assets/index-BPrOXmEt.js,34,8ec112463b1be2cf57c34574ca422ee36c2e72f9fdace21320751f5521bf5dc4,local-only/original-project
20260917-开发资料/source/market/dist/tryon/assets/index-Brjf2SFV.js,11279,ebd63f2c19cbb7a6955750c86ee5ddf7a07233e40b1d9532c4abf2f4756db59c,local-only/original-project
20260917-开发资料/source/market/dist/tryon/assets/index-BrllLQkA.js,5988,00c9d3a7b70f2f6c2dea128d63769cfdf21d3501d8b496f4afd867f030258479,local-only/original-project
20260917-开发资料/source/market/dist/tryon/assets/index-BseSdTdY.js,10568,6bb79c092017c66732ca7a03c7f8bbb0b2016f7801109cbffe16c8367a381adc,local-only/original-project
20260917-开发资料/source/market/dist/tryon/assets/index-BsRgKScM.js,34,8ec112463b1be2cf57c34574ca422ee36c2e72f9fdace21320751f5521bf5dc4,local-only/original-project
20260917-开发资料/source/market/dist/tryon/assets/index-Bt9VInun.js,3979,33b27e6160ffe0505b209f8c643be352fad73a460bc67abd6499155087dffd1f,local-only/original-project
20260917-开发资料/source/market/dist/tryon/assets/index-BTBeNOnB.js,34,8ec112463b1be2cf57c34574ca422ee36c2e72f9fdace21320751f5521bf5dc4,local-only/original-project
20260917-开发资料/source/market/dist/tryon/assets/index-BuwTARWH.js,37605,e781d72883707a676cbff7d4cc9cfaf75ce498c774f1c808e8a4a368462851af,local-only/original-project
20260917-开发资料/source/market/dist/tryon/assets/index-BvhN_Ccf.js,4872,4eadce56cc80f9df9273a99eef6b962e909f35c7f078de7f539be78d277d7701,local-only/original-project
20260917-开发资料/source/market/dist/tryon/assets/index-BvZoPOVS.js,21111,032b15d4ffdf3daa26e16f46e300ee9e3d3466b9f970801ce5cd3ac429fe76d6,local-only/original-project
20260917-开发资料/source/market/dist/tryon/assets/index-bwh3FGhm.js,24969,1afe5d7c63743dc77c222a71a875e3cd2908cdff7984e341f5dd065f638b8e7f,local-only/original-project
20260917-开发资料/source/market/dist/tryon/assets/index-BYMwQ4xH.js,34,8ec112463b1be2cf57c34574ca422ee36c2e72f9fdace21320751f5521bf5dc4,local-only/original-project
20260917-开发资料/source/market/dist/tryon/assets/index-C-OMJQSh.js,5626,3442813e4550431590798c6b60fb5ce50cd1d3e2b4966d746fd7a28344ec8977,local-only/original-project
20260917-开发资料/source/market/dist/tryon/assets/index-C2ZGnl82.js,2653,bc35c11301c92de7333de986ff08992aa403639b677d603e08db2d3cfdb8e69f,local-only/original-project
20260917-开发资料/source/market/dist/tryon/assets/index-C406nqea.js,34,8ec112463b1be2cf57c34574ca422ee36c2e72f9fdace21320751f5521bf5dc4,local-only/original-project
20260917-开发资料/source/market/dist/tryon/assets/index-C4YD8-Y4.js,48552,050191614af7ba34fb916eeea891ecf30a28ecbcaf3eac13c78c467439748443,local-only/original-project
20260917-开发资料/source/market/dist/tryon/assets/index-C5agdHaW.js,20444,30d0a366c8f60295277e56c6c6f3941d8f420f392435117afc2e6cb89da598d7,local-only/original-project
20260917-开发资料/source/market/dist/tryon/assets/index-C88pSp00.js,1030,038cf974ef17a5bdbcb6c5d1fa5df7be0b42a1c18a92ec0f2ec3750d53ade888,local-only/original-project
20260917-开发资料/source/market/dist/tryon/assets/index-C8muv0HM.js,7024,1470d3a1a4e531ea0b38d38c0f91af5d9ff01cb7e57a16f5e83c04c5992cc16a,local-only/original-project
20260917-开发资料/source/market/dist/tryon/assets/index-c9mwA-g9.js,357,d05060473efbb7c951e758bf464835ea95332e49158037fcd630d2d4a4aa5527,local-only/original-project
20260917-开发资料/source/market/dist/tryon/assets/index-CauV5sLN.js,34,8ec112463b1be2cf57c34574ca422ee36c2e72f9fdace21320751f5521bf5dc4,local-only/original-project
20260917-开发资料/source/market/dist/tryon/assets/index-CBoAu-vr.js,34,8ec112463b1be2cf57c34574ca422ee36c2e72f9fdace21320751f5521bf5dc4,local-only/original-project
20260917-开发资料/source/market/dist/tryon/assets/index-Cceyhe93.js,34,8ec112463b1be2cf57c34574ca422ee36c2e72f9fdace21320751f5521bf5dc4,local-only/original-project
20260917-开发资料/source/market/dist/tryon/assets/index-CcJeJw1e.js,354645,c5048036578fabe670595ea0042821bff02ad668bb3bffa18edfe6a62d78ce08,local-only/original-project
20260917-开发资料/source/market/dist/tryon/assets/index-Ccvg8zt1.js,10215,03182bd03768ca78c88abe2b89ed23be83eece254cbdb7ab881b3d6f6669ecf3,local-only/original-project
20260917-开发资料/source/market/dist/tryon/assets/index-CDgoGp0R.js,3038,d4682ecfe9ae8bb1715bbfe02f2594f426bac55a9391791e4878428dd6e272f3,local-only/original-project
20260917-开发资料/source/market/dist/tryon/assets/index-CDK90dGA.js,689,2b713b6e119d679a1187fbd0f91a643595b6700575f5a1325ac18124dbe213fb,local-only/original-project
20260917-开发资料/source/market/dist/tryon/assets/index-CdzEijVG.js,6732,7717c7b65ec61ce30032e87be3224562b4c37bfb2a68f73b2462e79b3f37d630,local-only/original-project
20260917-开发资料/source/market/dist/tryon/assets/index-CeFZ9f-5.js,510123,2fb07a46934a09b9552c9643c9060c53024b0977cd5f719347376aee8d7257c2,local-only/original-project
20260917-开发资料/source/market/dist/tryon/assets/index-CEH3GV-2.js,34,8ec112463b1be2cf57c34574ca422ee36c2e72f9fdace21320751f5521bf5dc4,local-only/original-project
20260917-开发资料/source/market/dist/tryon/assets/index-CEUXMhs5.js,5524,be50f9e32dbf06d150d95d23a2aebd79e87196646c848978cc4e715809e82069,local-only/original-project
20260917-开发资料/source/market/dist/tryon/assets/index-CG-BknMd.js,35,fe502397179fcc277e20b46a2f2fde12fec159f1fcf46c2ae0264be5ad1b1433,local-only/original-project
20260917-开发资料/source/market/dist/tryon/assets/index-CGFR_YdM.js,8386,9afd4fa636499f4992c35cd3131126df8868e849415c7186ab84925bde20e6ba,local-only/original-project
20260917-开发资料/source/market/dist/tryon/assets/index-CgUrAH53.js,34,8ec112463b1be2cf57c34574ca422ee36c2e72f9fdace21320751f5521bf5dc4,local-only/original-project
20260917-开发资料/source/market/dist/tryon/assets/index-CHIX5RLK.js,326,696d61546ee8785fbd10fcb1c66f4f801561b298f88181a839a7bc2f2881eef5,local-only/original-project
20260917-开发资料/source/market/dist/tryon/assets/index-CHw68U6e.js,34,8ec112463b1be2cf57c34574ca422ee36c2e72f9fdace21320751f5521bf5dc4,local-only/original-project
20260917-开发资料/source/market/dist/tryon/assets/index-CiMyAgej.js,1283,8880b433641b3bc144520795aeced37e47c20b9c941a0eed7658abd766f89192,local-only/original-project
20260917-开发资料/source/market/dist/tryon/assets/index-CiQUy5mV.js,24687,c9f5e764b2753083444022a30f67134432ac28135c8c399fb1f01eab66471d15,local-only/original-project
20260917-开发资料/source/market/dist/tryon/assets/index-CjFecZL7.js,13831,8f3f83e9930852e2f4cb455d57e17507ce1ef0327bcd951c2b6227b3ec930bfe,local-only/original-project
20260917-开发资料/source/market/dist/tryon/assets/index-CLOeWQuA.js,34,8ec112463b1be2cf57c34574ca422ee36c2e72f9fdace21320751f5521bf5dc4,local-only/original-project
20260917-开发资料/source/market/dist/tryon/assets/index-Cmtlpn4u.js,1230,6af171ad85e4fbd373d31a175459ceadbb97c087f128f3612f27bfa8956d901e,local-only/original-project
20260917-开发资料/source/market/dist/tryon/assets/index-CmzpyhA-.js,34,8ec112463b1be2cf57c34574ca422ee36c2e72f9fdace21320751f5521bf5dc4,local-only/original-project
20260917-开发资料/source/market/dist/tryon/assets/index-CoKEmH7Q.js,35562,02c768b8f222bf17eb0e5a01f072fb79efbbf7eea01e65a3cd654e741be6995b,local-only/original-project
20260917-开发资料/source/market/dist/tryon/assets/index-Cq641hhX.js,862,a18f09f8450c2f8a92fda7b2b822ac572481c9c4bff3b20e8f1d5387a9238145,local-only/original-project
20260917-开发资料/source/market/dist/tryon/assets/index-CqBko04L.js,22454,ade32aa8bb64544bde977fb6bf583ce488b5b9ce95541490f4c6d8f0da4faf26,local-only/original-project
20260917-开发资料/source/market/dist/tryon/assets/index-CQHL7Nb4.js,2823,8acb7f11526b4c14de4558b2179af81554d0c29528db18776b1e93a6c0066977,local-only/original-project
20260917-开发资料/source/market/dist/tryon/assets/index-CQpPAeKU.js,695,629119851b9a06fd3d8e20b08e01c3607dde28b056692e54a485e667e6d682f8,local-only/original-project
20260917-开发资料/source/market/dist/tryon/assets/index-CqY3Ntp7.js,8458,ee6050def2429861542761f72d3d80fc48400a034500559dfc6c196330e18ff3,local-only/original-project
20260917-开发资料/source/market/dist/tryon/assets/index-CRB3LlXJ.js,87559,a55b625e6178f50afe1615d80940a97fca86cf93365f9186ede401f8e1d37e57,local-only/original-project
20260917-开发资料/source/market/dist/tryon/assets/index-CrbDNN4_.js,206,5dc91e1d026d6a15c02a1a105a10765585a13ae714f542e0cb0839a007e6e104,local-only/original-project
20260917-开发资料/source/market/dist/tryon/assets/index-CsknXMme.js,1023,4b308a309f12f78ec7aedd9fa3ac009666fdbe5b3121b24bb9191aa8116bc992,local-only/original-project
20260917-开发资料/source/market/dist/tryon/assets/index-CSkx45sy.js,4277,27c1804e2b45fab6bb8b52ebd07b5a74f145600c31d9fb6c2ffb9a23916a6e69,local-only/original-project
20260917-开发资料/source/market/dist/tryon/assets/index-CtozwtSC.js,456,4f92681bb0768713a8f4bd2748f419ff7d2999ea29eb36ae5f376265233e8bd0,local-only/original-project
20260917-开发资料/source/market/dist/tryon/assets/index-CUeuvQzN.js,16362,70aacf337700f1f1d0c316d84c6772229459d6d241016adc2da485aef44b918d,local-only/original-project
20260917-开发资料/source/market/dist/tryon/assets/index-CXi--S9k.js,1948,dda1c15adb7488a36a610a63df859b86e32a0645d018cf4029589c9dde9b1c9f,local-only/original-project
20260917-开发资料/source/market/dist/tryon/assets/index-CxjnrmdQ.js,7089,afc0f6d1860b7d48ae388569f884c4430aae8f164e8bd0036c386372e8ba681a,local-only/original-project
20260917-开发资料/source/market/dist/tryon/assets/index-Cxouz0IY.js,3783,f0cb36735a91089cf51e1123e492e7793a5e821f9de598b66baf51aef21d1f59,local-only/original-project
20260917-开发资料/source/market/dist/tryon/assets/index-CYLJUZo6.js,2148,1eecd916b4b0f6364a88873786e2fc8ddfc5f8fb6ed2d5d171c78c4e9a08ac3f,local-only/original-project
20260917-开发资料/source/market/dist/tryon/assets/index-CZaV8qGL.js,34,8ec112463b1be2cf57c34574ca422ee36c2e72f9fdace21320751f5521bf5dc4,local-only/original-project
20260917-开发资料/source/market/dist/tryon/assets/index-CZoJ3bRQ.js,4720,6e525ca39f4de36c631a7e2b32aaa3d7664b135fa9a4cb8eb04aea0a7f804ab2,local-only/original-project
20260917-开发资料/source/market/dist/tryon/assets/index-CzwKD20B.js,1283,9fe31d3f816c16d463228e8793fe5ee906439d252f878836ddb2cedea1fc8208,local-only/original-project
20260917-开发资料/source/market/dist/tryon/assets/index-D-6JdUzk.js,757,5e3b3a6644760efaeaf56fe4a96a45d2044b0ccb8e7e6de02d6a5cc5c3e005a1,local-only/original-project
20260917-开发资料/source/market/dist/tryon/assets/index-D-GXAcBQ.js,172342,81ba1e2158a517de4cbee30f52d5298b23f41d75bcaa7b810c549be48f81309a,local-only/original-project
20260917-开发资料/source/market/dist/tryon/assets/index-D9XgUsuf.js,2614,fcffea9ba13755576cb01c955f8e0dd4f504a940c43ef59ead9762af9461a427,local-only/original-project
20260917-开发资料/source/market/dist/tryon/assets/index-DApDp8Dz.js,34,8ec112463b1be2cf57c34574ca422ee36c2e72f9fdace21320751f5521bf5dc4,local-only/original-project
20260917-开发资料/source/market/dist/tryon/assets/index-daumXeMn.js,761,684c92f3bad33f85397e5ec62c7af0927968d55226ce352b7251faa141680ca0,local-only/original-project
20260917-开发资料/source/market/dist/tryon/assets/index-DBeo4Wou.js,8143,80b2790a13a9325d6d898c85d2a422aad191c96a746db9595a817774adf20bf1,local-only/original-project
20260917-开发资料/source/market/dist/tryon/assets/index-DBrf-KlZ.js,34,8ec112463b1be2cf57c34574ca422ee36c2e72f9fdace21320751f5521bf5dc4,local-only/original-project
20260917-开发资料/source/market/dist/tryon/assets/index-Dc5aVRpi.js,17852,9bb3b37fe4395b2d3cd0062d3764374701215050fc4381f3ea011f5e00c3ccd6,local-only/original-project
20260917-开发资料/source/market/dist/tryon/assets/index-Dcw_SR46.js,320,058c60d3af2b174ce2c3b9df0f492c709a5619c2eccd72d842243f8b63fa380e,local-only/original-project
20260917-开发资料/source/market/dist/tryon/assets/index-DCYyjCeh.js,2416,e7e111f88a5894f63126b8506b6c11846c94bbd7e9e84ca276a3562542f46465,local-only/original-project
20260917-开发资料/source/market/dist/tryon/assets/index-DDxfwAb0.js,2507,d2e8bcd040a447ad732bd519c67641149b66dd47b958e91fce4ac95c53c34c0d,local-only/original-project
20260917-开发资料/source/market/dist/tryon/assets/index-Dg1Sb0BX.js,6553,6b59f2b1a45737d28296151bd1510a75b6dbcd1a7eeb434fc832058e7c807a41,local-only/original-project
20260917-开发资料/source/market/dist/tryon/assets/index-DGheGNaa.js,6674,b45f569c59595bf8e171185b5f0c933358f8f241a9b3a91a0c8023b34cfbc4ac,local-only/original-project
20260917-开发资料/source/market/dist/tryon/assets/index-DGHT-k_u.js,17386,7087d1d3f1844fd8843899842324ad6c27aa08e181536158ed34c565dda53f29,local-only/original-project
20260917-开发资料/source/market/dist/tryon/assets/index-DGjCdnjq.js,34,8ec112463b1be2cf57c34574ca422ee36c2e72f9fdace21320751f5521bf5dc4,local-only/original-project
20260917-开发资料/source/market/dist/tryon/assets/index-DgpS6_F3.js,27760,a2b7f08c7c77d2b305a4a050e0f8897696f1efef0bc090df8b5fb8cfa571caca,local-only/original-project
20260917-开发资料/source/market/dist/tryon/assets/index-DGS2ur_Y.js,1256510,001b97230eef477b6d1e4dca9484d0b399a5e4ba3f17aa47fccd1d57456ab38f,local-only/original-project
20260917-开发资料/source/market/dist/tryon/assets/index-DHiNz-S8.js,1830,7fd4d9b0b60a3fc4d1ffdb1c5302296392adfadcca5b27a327e9ad585f52921b,local-only/original-project
20260917-开发资料/source/market/dist/tryon/assets/index-DHr1izdy.js,332,415fb23343c2320a1fb44e49c837669a5464cb9d53e6b1967b93250f770a9048,local-only/original-project
20260917-开发资料/source/market/dist/tryon/assets/index-DI3mskNp.js,34,8ec112463b1be2cf57c34574ca422ee36c2e72f9fdace21320751f5521bf5dc4,local-only/original-project
20260917-开发资料/source/market/dist/tryon/assets/index-Dj9o_whr.js,45706,112a122e259cc2a33710a9ee45c53bf671f5a190c2f046e7cbc993e73ca0cb38,local-only/original-project
20260917-开发资料/source/market/dist/tryon/assets/index-DJHXhgTL.js,3080,befa5daeed3982a9da3c00dc3f3b0950c64f575ec3cc94e42e83dc464d334c1a,local-only/original-project
20260917-开发资料/source/market/dist/tryon/assets/index-DJQl9kZy.js,16588,6095068be2b66695feb28d2ed91d71875f150a50e0533bf49634c201469c83cc,local-only/original-project
20260917-开发资料/source/market/dist/tryon/assets/index-DK00M8Om.js,11094,7e77fe48e2d984a77c07ad8a2c709796d6ab5b1131933ebc714838e65c064cb7,local-only/original-project
20260917-开发资料/source/market/dist/tryon/assets/index-DK8t7zAw.js,423,2410a1666459a7a31896f22a84335eec389bf21acf253b1ad46322de2355e0b1,local-only/original-project
20260917-开发资料/source/market/dist/tryon/assets/index-DKHi7tby.js,8498,4a9160154a615a76a259fa9de0b16da94e707ee38897d63e54d7510010770e20,local-only/original-project
20260917-开发资料/source/market/dist/tryon/assets/index-DkOLoR6q.js,11096,763b1867b351d51ff5a305c883149cc443dacea1bb3e80dffc38da578a81b396,local-only/original-project
20260917-开发资料/source/market/dist/tryon/assets/index-DLvmm-75.css,61907,c7728b636dbbfb0c097e32c9adbdbb5314c867dd0313ab4c53873ab5b85b0e5c,local-only/original-project
20260917-开发资料/source/market/dist/tryon/assets/index-DM0gztR9.js,13781,c1b1692f56bb795dcb08f865ed2a2bead731e6dea56bb25cc4bf739931dada2f,local-only/original-project
20260917-开发资料/source/market/dist/tryon/assets/index-Dm4iA6RD.js,34,8ec112463b1be2cf57c34574ca422ee36c2e72f9fdace21320751f5521bf5dc4,local-only/original-project
20260917-开发资料/source/market/dist/tryon/assets/index-DMVEH4Uc.js,10995,75669fce8930693281d9c6e8572d5aaaa0be991dc150eb2f28c363048f83993d,local-only/original-project
20260917-开发资料/source/market/dist/tryon/assets/index-DN5ZWqVW.js,20387,fe44680f7ffcbe3e185cf26132701951f59ba3cb29dfdc4e6c4406c8bf0d2a37,local-only/original-project
20260917-开发资料/source/market/dist/tryon/assets/index-DNe1ZWo7.js,354,a8e81a237635b353a94d116ce29be881add9cd4cedbae1a1893dd2de53f43281,local-only/original-project
20260917-开发资料/source/market/dist/tryon/assets/index-DnvLK3zA.js,8092,7be4aa8654188e282752c6f61ef76ac819bd853b129af977922fc2c852766410,local-only/original-project
20260917-开发资料/source/market/dist/tryon/assets/index-DO0I5SVB.js,833,d293e7582429e6392ed5b95aef242c4d5ca3f66b47e46471d716a6b6ac1771b2,local-only/original-project
20260917-开发资料/source/market/dist/tryon/assets/index-DqbeQU6F.js,8287,39e30bd2a7448e025837547c83afbc1c3d32facf8f33ecf84d4783c8755d6868,local-only/original-project
20260917-开发资料/source/market/dist/tryon/assets/index-DqkKEHeD.js,9246,6929cfa481c2eccdbc0272a947bdc604d9870c314d542b7321ba59b8985a45fc,local-only/original-project
20260917-开发资料/source/market/dist/tryon/assets/index-DqLrvYXV.js,26485,50549f9387db26d7995838369c23a2f5e6b5b35617d01169d5c4b6d9b2a49db0,local-only/original-project
20260917-开发资料/source/market/dist/tryon/assets/index-DRyVqiFk.js,2804,f116cd76c99c192b19774b6f48816f0bfc732fef8a360d7e381e4ebf4abf90d0,local-only/original-project
20260917-开发资料/source/market/dist/tryon/assets/index-Ds0Uz3R7.js,2053,735758ac0326e898639108fbd29e61440e8ac51aae9621a0f839b18bb7a49d8a,local-only/original-project
20260917-开发资料/source/market/dist/tryon/assets/index-DSjSScgq.js,5272,efe65e3211d0feea6d1478c45d463e72f14c144d193b1bc593d92966e3b85a13,local-only/original-project
20260917-开发资料/source/market/dist/tryon/assets/index-DSPOxbUY.js,1926,96b837968786a4e5076c1f840630918f4dfe2bf534e3830afb0dc4cf109cb15b,local-only/original-project
20260917-开发资料/source/market/dist/tryon/assets/index-DSuyoU9Y.js,1413,9936f569aa4ae5bf073841d7b9520108b77a4c28c652d395a94f83f098b0cfb3,local-only/original-project
20260917-开发资料/source/market/dist/tryon/assets/index-DtQ3Xp_w.js,344,7b3e6014b42cf268dc6f2e4f8a9ac10b20cbea7165925622e64a87ff3bd92a0d,local-only/original-project
20260917-开发资料/source/market/dist/tryon/assets/index-DTXBgCBt.js,34,8ec112463b1be2cf57c34574ca422ee36c2e72f9fdace21320751f5521bf5dc4,local-only/original-project
20260917-开发资料/source/market/dist/tryon/assets/index-Du7D5vTi.js,2392,780259edadf4e26d299c310d8115a5b3562b1423294ea5296d66020ff4275e7e,local-only/original-project
20260917-开发资料/source/market/dist/tryon/assets/index-DucG3LR4.js,1261,e751142998a6d6861a17268ff2be6b7c16b8db7bc32c8ec4983cabecb20ec443,local-only/original-project
20260917-开发资料/source/market/dist/tryon/assets/index-DUInEJtW.js,34,8ec112463b1be2cf57c34574ca422ee36c2e72f9fdace21320751f5521bf5dc4,local-only/original-project
20260917-开发资料/source/market/dist/tryon/assets/index-DURHiRsx.js,34,8ec112463b1be2cf57c34574ca422ee36c2e72f9fdace21320751f5521bf5dc4,local-only/original-project
20260917-开发资料/source/market/dist/tryon/assets/index-Dw-e4ywL.js,9532,33043b0045488a6f5e4cb26665df8120334775ccd2ef0dfd4a638bb0ea5a531d,local-only/original-project
20260917-开发资料/source/market/dist/tryon/assets/index-DXc5tg3K.js,15195,ef4737f092ac0fa883c4589cb701e0d9a498cf850373d70ad1c994c48e2e3335,local-only/original-project
20260917-开发资料/source/market/dist/tryon/assets/index-DXJU0nG0.js,2150,17164c1492abba7c8c0bbd1bf83b8df6cc9b314fc801793a73b93c8f3788ec64,local-only/original-project
20260917-开发资料/source/market/dist/tryon/assets/index-DXLTuzok.js,1074033,a45c8832af289e1cc5549e682b2a082c971c1c77927287520227ef831305071e,local-only/original-project
20260917-开发资料/source/market/dist/tryon/assets/index-DyaTRkRE.js,6492,186e0f3168a6bf2e91c6c651587db24e1855712d03c631808b3b4ff282fc5458,local-only/original-project
20260917-开发资料/source/market/dist/tryon/assets/index-eKzlKqLu.js,1962,397648b63961534eaa38ddfbb6818355353787c13559b65723db033c48bebe61,local-only/original-project
20260917-开发资料/source/market/dist/tryon/assets/index-exX7zLlH.js,2318,8f8aa89197bcfc9470fee4bcd34db5bcd5301f1208e14571dfa041da15bb1935,local-only/original-project
20260917-开发资料/source/market/dist/tryon/assets/index-FC7JALPf.js,10921,14da89bbc1536e26768d83389aed3120130fa276309c6393777309989a1aee8a,local-only/original-project
20260917-开发资料/source/market/dist/tryon/assets/index-FCS3tBiS.js,5299,2aa2487d5606d84c3f6ac57030ec1ea5e6d945a887d4e17dc41b866b311f2d75,local-only/original-project
20260917-开发资料/source/market/dist/tryon/assets/index-gE__1XEE.js,985,d3f1a49131b00c327b8c560d72e0f9c7b133d73bc940a7c3446f0ae40198cb66,local-only/original-project
20260917-开发资料/source/market/dist/tryon/assets/index-hhf0zjtQ.js,6890,472e7ab07149a1583e02b8c45b0cce53b2cd4de998e77aa7b9881fda2e84793c,local-only/original-project
20260917-开发资料/source/market/dist/tryon/assets/index-HJ7dd44B.js,2995,85faab17e871ea893e5d815b274ee32fa8d6d8501af45fbcdda5cb0ea653b8ae,local-only/original-project
20260917-开发资料/source/market/dist/tryon/assets/index-hWvrLjJB.js,26583,42dfa2a6242aa5a669891f8c70af50c966389e59696d38e7ca85cd69a02d2cf9,local-only/original-project
20260917-开发资料/source/market/dist/tryon/assets/index-iaXEHSGl.js,34,8ec112463b1be2cf57c34574ca422ee36c2e72f9fdace21320751f5521bf5dc4,local-only/original-project
20260917-开发资料/source/market/dist/tryon/assets/index-iHX5tp9J.js,2045,c158130d5c1a6e27f6ee767ae7f87796ace118534dc9e516507702eae334c7cc,local-only/original-project
20260917-开发资料/source/market/dist/tryon/assets/index-ilT-rUtV.js,34,8ec112463b1be2cf57c34574ca422ee36c2e72f9fdace21320751f5521bf5dc4,local-only/original-project
20260917-开发资料/source/market/dist/tryon/assets/index-IPGCbCbu.js,3661,4b37cfb2a074511b2ede175c78564d486aeddcfdeba1cdf9d67b1bbe92d3e32d,local-only/original-project
20260917-开发资料/source/market/dist/tryon/assets/index-Jg9fNKoQ.js,1102,f236d4e1d3fa7207d7b1fa2869f5cc8da1e947e2fa7a9b83bbc76bde5a9d94e6,local-only/original-project
20260917-开发资料/source/market/dist/tryon/assets/index-jrJKoh89.js,930,246afcf52e948e9898597c6424047f01dc42aff9af15564a0bce521f52c577d9,local-only/original-project
20260917-开发资料/source/market/dist/tryon/assets/index-L1bXwrZB.js,34,8ec112463b1be2cf57c34574ca422ee36c2e72f9fdace21320751f5521bf5dc4,local-only/original-project
20260917-开发资料/source/market/dist/tryon/assets/index-La7eKM2y.js,5765,a0406d193aade16864c56dbee5eccd1abe291c99ea56e27f6cbb294496321f24,local-only/original-project
20260917-开发资料/source/market/dist/tryon/assets/index-lYUGYGbP.js,14059,194b3ba2de29e269448ce71e379a8f51b39186bf061dde5c956b6dc5f1ad4591,local-only/original-project
20260917-开发资料/source/market/dist/tryon/assets/index-n_Xtm1JV.js,12142,336c5516ec00efac26ee5df6da74f3826f846c2294f1eb74a56e544bc41e2713,local-only/original-project
20260917-开发资料/source/market/dist/tryon/assets/index-NrMrI3Ix.js,3690,ea3130507d0c2d66ac49cb700ef422029870a9354c0f55ebea7988bc4687cb45,local-only/original-project
20260917-开发资料/source/market/dist/tryon/assets/index-OhkthUqz.js,1740,61bdf67c0301e7df2863cd7b030e6a51316f72f7840f3a9b3b5dc0e08fe3c71d,local-only/original-project
20260917-开发资料/source/market/dist/tryon/assets/index-oij5_iyl.js,10908,27ef6e99eb5cb18a5e5129ca2d423b0d1a0026dde79de2a20d39ed3932e6c1dc,local-only/original-project
20260917-开发资料/source/market/dist/tryon/assets/index-ooCXr9RX.js,9862,878a7fff15f1d1f110e5668a04326294f31b3204cb65af7008d81375a27eca75,local-only/original-project
20260917-开发资料/source/market/dist/tryon/assets/index-OODBwtTx.js,4256,c1dc29423fd6449d4582d1dcf585bdfb7ad5771c9461ae0eaaf5f5db500b2c1b,local-only/original-project
20260917-开发资料/source/market/dist/tryon/assets/index-PmYe9J4t.js,12570,6e987c677348253c2b22b984d0e15a5bd9a3b6e992c7d420c8da04192a395f4a,local-only/original-project
20260917-开发资料/source/market/dist/tryon/assets/index-q1cBTtuc.js,23887,21271c14d1623f3e48021f35fb9fd5f4b91cd6da52acc8dd24b618355c2cd035,local-only/original-project
20260917-开发资料/source/market/dist/tryon/assets/index-rAmamHD2.js,7166,f78b95aa72a5b7edbbbd7e9ce0ec69c9562bf6224b9dd58068b623c35caecc2e,local-only/original-project
20260917-开发资料/source/market/dist/tryon/assets/index-TRM042IU.js,4840,3657f0807e759118fe1d18e0f49423500561c2add9cdaec985f511313c1f0534,local-only/original-project
20260917-开发资料/source/market/dist/tryon/assets/index-V83xaZcj.js,34775,bf26e19681a4e28233e4d02f12adc12796b187a916b8d7fd179351003d1a479b,local-only/original-project
20260917-开发资料/source/market/dist/tryon/assets/index-vsA_KriW.js,5610,75af2446b611b7c09c075a91781e963578260093bf95dfbd2eaf0569d7873e85,local-only/original-project
20260917-开发资料/source/market/dist/tryon/assets/index-yHAIBwrl.js,1968,bb286308d60e0a3452f3c6d007a35a978ae7c13689e41f12943fb0dbfe1f15bf,local-only/original-project
20260917-开发资料/source/market/dist/tryon/assets/index-YSLnleTF.js,220446,2ddd7f1ddf8b409e867a096530ec741501ce3d67ab99384072e178db25a655f9,local-only/original-project
20260917-开发资料/source/market/dist/tryon/assets/index-Z25Zbh9_.js,34,8ec112463b1be2cf57c34574ca422ee36c2e72f9fdace21320751f5521bf5dc4,local-only/original-project
20260917-开发资料/source/market/dist/tryon/assets/ini-BEwlwnbL.js,1525,7830e62a2a96e22c418b5a1e52ba15545ece3c5684346dd50fc174a60b3c225f,local-only/original-project
20260917-开发资料/source/market/dist/tryon/assets/invariant-1BPtdYBR.js,174,8e8f6bf48e872f3f546fe5daa8a61916901f61f66c8d8c01d044ed09d71c3aab,local-only/original-project
20260917-开发资料/source/market/dist/tryon/assets/invariant-2ijDcxo6.js,180,5587bd09634d883160555b57c385cb62ba73d7440fbe8c03d234a67344d48162,local-only/original-project
20260917-开发资料/source/market/dist/tryon/assets/invariant-3ne9sDKu.js,178,27853c8c3416e221722132f864e309fbcae5e255e6cdbd526c878bc831dcf6f5,local-only/original-project
20260917-开发资料/source/market/dist/tryon/assets/invariant-4OeeGfC5.js,184,0e86ef544d1480be16fb68596209263e8beb5de61760d6d1b519c1b7b1916e88,local-only/original-project
20260917-开发资料/source/market/dist/tryon/assets/invariant-8NTOMzAP.js,210,b46a5540d1e32d53dbe7ee9985bad197ba41ab561c1f70b27b8da423e7540de7,local-only/original-project
20260917-开发资料/source/market/dist/tryon/assets/invariant-9psaLAji.js,182,15bc762a548fe801b31e73a7e1465ba303982b02b73ec51704323ae13f940f91,local-only/original-project
20260917-开发资料/source/market/dist/tryon/assets/invariant-_ZsqW_M8.js,192,97d5148c58add410f13369deb198f2475f7fe4a09a2f196f2948ea19a51efdcc,local-only/original-project
20260917-开发资料/source/market/dist/tryon/assets/invariant-AT5JmOzZ.js,182,069a5f69d5a3bb1a5f0bb5d30d34d9275121103f7a4a19b5719eeca141543249,local-only/original-project
20260917-开发资料/source/market/dist/tryon/assets/invariant-aveyBc07.js,5605,faeed97a282b1bac44c8b5345962455dacec187d956c3f5ae436519767f3188a,local-only/original-project
20260917-开发资料/source/market/dist/tryon/assets/invariant-B0nNCp9B.js,184,c2f4cd696924c83be7bcf10ed9d62e396bf171066728b33788568d4cf1e8cefc,local-only/original-project
20260917-开发资料/source/market/dist/tryon/assets/invariant-B1hbfOfJ.js,184,2680239d71600f285c657d06bfdc55e2bd7ebac614e96b45d9f683472a9621fe,local-only/original-project
20260917-开发资料/source/market/dist/tryon/assets/invariant-B1LgKVK7.js,188,866330bf22214ef5e3c2fb0d9ca8064da38865c78e00ef84091699062219bbfd,local-only/original-project
20260917-开发资料/source/market/dist/tryon/assets/invariant-B3BEYkuR.js,230,43b1b419b4572bb466d9e1df70c562728b9db9606358ceccef1b11603c902f22,local-only/original-project
20260917-开发资料/source/market/dist/tryon/assets/invariant-B5bBRrQ7.js,180,b6fbcd09206f2c758b02f45a1f0558fd1f9661eda59659f1f9c3e358f75ea028,local-only/original-project
20260917-开发资料/source/market/dist/tryon/assets/invariant-B75zCm4v.js,198,0db581f30c6d70996c74bece4b2921839f98e455cac6eebbf6bb0bead1174436,local-only/original-project
20260917-开发资料/source/market/dist/tryon/assets/invariant-B7Y98Uek.js,182,057f83abfe78dae22b4515be89aa14a12d33c436abae2683df7a0ff741ec37f0,local-only/original-project
20260917-开发资料/source/market/dist/tryon/assets/invariant-B_9DHsCO.js,200,49b55815922f16f925732a85b9abe1f4c9d9345020f81a816085496311a796b1,local-only/original-project
20260917-开发资料/source/market/dist/tryon/assets/invariant-Ba0J0Eel.js,688,2d7d3da1db37870bc734190674e5d5db898c9c602332755d50443e38af7fa3bb,local-only/original-project
20260917-开发资料/source/market/dist/tryon/assets/invariant-Ba0mFryr.js,624,60a4a0aa9241530554b7fd797656daca8cea119be65a2d37b9dc667862dec113,local-only/original-project
20260917-开发资料/source/market/dist/tryon/assets/invariant-BaHZ5xa3.js,212,a2c6f0de6a4bc53b06b7d2629727d4d01b96b565976f4085170bb4c143cd3ba2,local-only/original-project
20260917-开发资料/source/market/dist/tryon/assets/invariant-BBvJ73j-.js,174,9954bb7a243da992b2f2cf68744f38d1065ee6977ac22b488c5dae9373fd4d15,local-only/original-project
20260917-开发资料/source/market/dist/tryon/assets/invariant-BCB8DVhw.js,178,67fbcb41454237c16e5a589ac0ade39cf0f8ea05ec3b357d4687e2aab039de24,local-only/original-project
20260917-开发资料/source/market/dist/tryon/assets/invariant-BcrMbaqt.js,186,02629dd9052ba05a0d0f8bb563b24b557f92321bdc79be9c7167e21052f65b20,local-only/original-project
20260917-开发资料/source/market/dist/tryon/assets/invariant-bDEkL_cx.js,170,8c842e22ecaa1d84d88ec4d6a2b696ae20c34049661287413fd47e4555bb8f5e,local-only/original-project
20260917-开发资料/source/market/dist/tryon/assets/invariant-BDWoNa7d.js,180,fadc960e1e21367570ec46a6b65ea544c3726082c1a8a66dacbddc92c5f2a58f,local-only/original-project
20260917-开发资料/source/market/dist/tryon/assets/invariant-BFEMAPqI.js,605,bf2251b7369c57dcbc42621dc964c9778e3ccf5033eb519e03336c797ff82e52,local-only/original-project
20260917-开发资料/source/market/dist/tryon/assets/invariant-Bfr4jlOz.js,180,3d5925970b74e22cb10c8df34c81a05f524b9a2354baa2147162aab0802d096e,local-only/original-project
20260917-开发资料/source/market/dist/tryon/assets/invariant-BgBVmZRn.js,1476,04fb17bf883a15fb5579e9b5e6a8d95893196febe9f9665972375f7ff31100c3,local-only/original-project
20260917-开发资料/source/market/dist/tryon/assets/invariant-BGdO6NMe.js,184,8c094fb71d0e3f3e759977817d7827a9914fb39a00eaf602358345d2c071900a,local-only/original-project
20260917-开发资料/source/market/dist/tryon/assets/invariant-BgjZD1nW.js,186,bea4f6a846869975412ca521be92c0e4399bce481f3ad2e56448431238aa2188,local-only/original-project
20260917-开发资料/source/market/dist/tryon/assets/invariant-Bib1K3HM.js,170,0210341fec8e17edf7efec8847644f473f81bb77153afe60e497eced18e4bc7a,local-only/original-project
20260917-开发资料/source/market/dist/tryon/assets/invariant-BIQGToJa.js,186,1d529159fba88077f2152a32dee9331bd83b1b3a9afbd31f7d5f563d96739953,local-only/original-project
20260917-开发资料/source/market/dist/tryon/assets/invariant-BjmkHUue.js,200,3fdf3f0a20311da80c3b76f2f0c9c4cf94d0ba4013d57a666ffb8964c8ee1aa9,local-only/original-project
20260917-开发资料/source/market/dist/tryon/assets/invariant-BjVxNWcm.js,212,a7d6a4b7cbe8793336414fb66a10e4cc695696dec10db8f396d8fc11897ab4b7,local-only/original-project
20260917-开发资料/source/market/dist/tryon/assets/invariant-BKRS_vKU.js,204,706233f79d9939fde246054f52247809f1c1ab4ccd6bbf8505b7fd720006ca35,local-only/original-project
20260917-开发资料/source/market/dist/tryon/assets/invariant-BKu1ruLr.js,477,1447640d29e3f804767b431b9ef12f4dd235ebd859a5ee06ed750c68f914f239,local-only/original-project
20260917-开发资料/source/market/dist/tryon/assets/invariant-Bl7cfIBl.js,4381,3c1091bbcd84c8d6ceafef142afc8f68952e347a496acf22f13028888a421d0c,local-only/original-project
20260917-开发资料/source/market/dist/tryon/assets/invariant-BLUIiVot.js,174,83ef1fff73d26b20dfb9a2da8b2b73609b5ba5f3d7ea596cd853150c90bacbc1,local-only/original-project
20260917-开发资料/source/market/dist/tryon/assets/invariant-BlyF7O3L.js,186,aee4268dde8af0a5e6ed0534f93b55145a8f1f0f84c355548f607c4edb9f6022,local-only/original-project
20260917-开发资料/source/market/dist/tryon/assets/invariant-BnFxFe-B.js,175,db6dd0db43e78e68b5cb6319655bb1e25e160df943453aa3f44cc68cce39fd83,local-only/original-project
20260917-开发资料/source/market/dist/tryon/assets/invariant-BnuGln_z.js,6117,936715ed5b05b050403eb789365a30dbfaada98570d9bc598e247019835398a4,local-only/original-project
20260917-开发资料/source/market/dist/tryon/assets/invariant-BoAiH9EM.js,212,bbb747d13c333f23978b81879abc3f18db9cacb4952c31176eb86628c83ae155,local-only/original-project
20260917-开发资料/source/market/dist/tryon/assets/invariant-BOFDIIq_.js,184,6710d892a5f6bf047a107f5c60bb6c37105a48a193886777d643151724de946c,local-only/original-project
20260917-开发资料/source/market/dist/tryon/assets/invariant-BPcJvbPt.js,1476,8cad955c7ceda5598215d043a1b2849377186eab976d87a1920d424fc0c0a265,local-only/original-project
20260917-开发资料/source/market/dist/tryon/assets/invariant-Br9eEOGD.js,186,da1d3d597039566685e4f846aac340590fc558be0b0bf93524702984a146db73,local-only/original-project
20260917-开发资料/source/market/dist/tryon/assets/invariant-BsZIQ_nu.js,605,0fb76ca84e4b6495d64648adf8eb8d240cbb08c79a0df635180833844c0cf847,local-only/original-project
20260917-开发资料/source/market/dist/tryon/assets/invariant-BTynhdCA.js,3471,e40ec6412c64114062934ce1de1e1409bae3297713da21a05c5dc02b9afd48e2,local-only/original-project
20260917-开发资料/source/market/dist/tryon/assets/invariant-Bu3HN4Az.js,182,ffd69ad25c742407daf6dad6e9446a9ecbaa2e10d015294c2c011de61ff8a045,local-only/original-project
20260917-开发资料/source/market/dist/tryon/assets/invariant-BuDDLw_g.js,200,ce567ec878f14ce2cf5e23677226e48fc1801c0788a3b5d7e22e62ecd70175f3,local-only/original-project
20260917-开发资料/source/market/dist/tryon/assets/invariant-BuyYe6Ww.js,188,e8ca21bb059f23c2dbc99b4a46fbd74143fe5113f131091283713078d8650c12,local-only/original-project
20260917-开发资料/source/market/dist/tryon/assets/invariant-BXASYJqF.js,170,a35ffc6b242b0faa5b66899f80dcf16914cc8a20516c30b8ccc3021dc1a8240c,local-only/original-project
20260917-开发资料/source/market/dist/tryon/assets/invariant-By3d7vqg.js,194,69c8f7e47c784b0c4c43f5f6d0d9a5caf453cee9caf37006c62ba973afef5548,local-only/original-project
20260917-开发资料/source/market/dist/tryon/assets/invariant-BY_ddWNM.js,192,bea471ae634326ba44953253cf0f0095d7211d54e37fd05eec81b73b65875560,local-only/original-project
20260917-开发资料/source/market/dist/tryon/assets/invariant-BymOw-xi.js,3227,bf15595bffbc168f7efa06e717f272136f9e7b6670da9566df51a53773aaeb11,local-only/original-project
20260917-开发资料/source/market/dist/tryon/assets/invariant-C1e8-N9a.js,198,04178e8c31614b21aa66a808ca8832ba1fd6ddccb7bf2d260f507ef76f2b3976,local-only/original-project
20260917-开发资料/source/market/dist/tryon/assets/invariant-C2o6SOfi.js,204,a3387ec0195a7de7a70bc13026b92ae1c27631e128fce17256fa0158ddda6b54,local-only/original-project
20260917-开发资料/source/market/dist/tryon/assets/invariant-C2Pfd4dD.js,1248,0612e863a79339aa9b4b0e0945fd425aae6ef29dec150711d486f378411d176d,local-only/original-project
20260917-开发资料/source/market/dist/tryon/assets/invariant-C38kqaKj.js,1062,bbf9a90da836d1b7a81059fb4f0ad8e3cf67bdf61a814f0fd7ab0ffb020c726b,local-only/original-project
20260917-开发资料/source/market/dist/tryon/assets/invariant-C3F-Yt23.js,184,8cbc782fe1104d0b746ccf7c800845e70943449eeda51a1fd86f5e71aa31b905,local-only/original-project
20260917-开发资料/source/market/dist/tryon/assets/invariant-C54Rsfsy.js,204,3ec17e90a96021fce504e7c7dc5d9e68c40ae289fcefb047aedfd2b1e665e4cb,local-only/original-project
20260917-开发资料/source/market/dist/tryon/assets/invariant-C5Afw2-V.js,202,25605d4266d50ae0939f2b4d807e16f864d7e95b1a4790ff5901f4021ef3b0e7,local-only/original-project
20260917-开发资料/source/market/dist/tryon/assets/invariant-C5D-Z4qL.js,166,89ecea7d659b994c730aaeb377ccda6d70e38430c184ca9062a5468c81ec67c9,local-only/original-project
20260917-开发资料/source/market/dist/tryon/assets/invariant-C9nlX3Bt.js,194,998d6065ca0350f127a1d719116bf759c759a847168d1356a3bf41360f594141,local-only/original-project
20260917-开发资料/source/market/dist/tryon/assets/invariant-CA47OyIl.js,4691,4fd7133526983baa0fa9a67a9a2e8b5645dff28d5bb463417c4dff184185c5ed,local-only/original-project
20260917-开发资料/source/market/dist/tryon/assets/invariant-CAsl9d9A.js,188,67a3ac2da02b30a0dbf8f9ec9bda6894502c96eda25bde0c23a801fd3be5c1cc,local-only/original-project
20260917-开发资料/source/market/dist/tryon/assets/invariant-CbE-JLcB.js,6194,8d0aab79a0c8212527095ad48882e9a5af87a30987f1f88d1becf38e789424f8,local-only/original-project
20260917-开发资料/source/market/dist/tryon/assets/invariant-CBZrLTys.js,196,188cf68390772896d1a72352316d6983b5fe725a945fce6cef811a71e7b0b387,local-only/original-project
20260917-开发资料/source/market/dist/tryon/assets/invariant-CCN4FJro.js,176,3f2ac95274ca380783e121eda478246d2f93b5a98740ac7cd89fcbb04fc9f665,local-only/original-project
20260917-开发资料/source/market/dist/tryon/assets/invariant-CDm-VgzW.js,208,694c3c24b3c1178b3365265c1fdd506c10a43a3fcd118045481d6fee7767b11c,local-only/original-project
20260917-开发资料/source/market/dist/tryon/assets/invariant-CHa1ToQp.js,195,f12dfa4f29bcc9bba2ccee6d92baf18b6078d80983402a588aa4414d1be61bd9,local-only/original-project
20260917-开发资料/source/market/dist/tryon/assets/invariant-CHajQ6bT.js,1212,91f850830a20492e2aeec4f0bfdafe488955def8f8cc50dea5b84217b8deffc1,local-only/original-project
20260917-开发资料/source/market/dist/tryon/assets/invariant-ChcE989k.js,210,575166c85464a2708d91599d169f658225f9f16ff411bb570ea8d32e9daa6df8,local-only/original-project
20260917-开发资料/source/market/dist/tryon/assets/invariant-ChQxhTc1.js,188,b1a5980b40b5086721cc2ca0976e64159330fdde3ce78646303b992faef6b565,local-only/original-project
20260917-开发资料/source/market/dist/tryon/assets/invariant-CHvU0AHI.js,200,0f167f648c532bce9433e63abd1ad574094e8941bed6edf1905497ab0a35f32b,local-only/original-project
20260917-开发资料/source/market/dist/tryon/assets/invariant-CIBFlzWb.js,182,8ac03f4d19f76b57b3e1e6045b07a3185fa43f86c6b1e93acb5fb03d16b4adb0,local-only/original-project
20260917-开发资料/source/market/dist/tryon/assets/invariant-CIGEsQO2.js,178,7705a4979c0304b8ab61683e5cda1a75dca05c9898329fc41503348cd0e41dfc,local-only/original-project
20260917-开发资料/source/market/dist/tryon/assets/invariant-Cip_5A9a.js,180,438df0b1478bb0f53b8841d5b17158bab487b66ef6c8035c3c6c2420b84b4a6f,local-only/original-project
20260917-开发资料/source/market/dist/tryon/assets/invariant-Cjgay9lv.js,188,a06fdce812c092ce0e6a46c856a3f3e847dc2ad3996dbba5b17c527049acd567,local-only/original-project
20260917-开发资料/source/market/dist/tryon/assets/invariant-CjPMR0ob.js,194,59049d730d1bb5195b6e8722f6ddd43bfa58e01affa83c7a733be9a93b761fc0,local-only/original-project
20260917-开发资料/source/market/dist/tryon/assets/invariant-CKkK2nug.js,198,e5f8eca5b8d02d05bdf107a1467336c776df61a3168ff507f9e6b32dfd2d8c7e,local-only/original-project
20260917-开发资料/source/market/dist/tryon/assets/invariant-CLeXMqlH.js,180,e5741d6577e03b03a8fd1bd87e410a357f6c0caca4a457cb8f2665d73c25111c,local-only/original-project
20260917-开发资料/source/market/dist/tryon/assets/invariant-Cm4esCx7.js,176,13cc2ea23a20c30830a33f3349d7176145db9200222054dc4c7d41c60303ae32,local-only/original-project
20260917-开发资料/source/market/dist/tryon/assets/invariant-CmepvlQ7.js,182,937d71d6c056e246f7a25d1afd80b5252a348c1761a6a9057b38c8e88062aa5c,local-only/original-project
20260917-开发资料/source/market/dist/tryon/assets/invariant-CMetzP9M.js,559,9fa706db0a4cf34ff9c1227d4308445e40f0eba19f1f1e8dc4a29534d16e7144,local-only/original-project
20260917-开发资料/source/market/dist/tryon/assets/invariant-CMOEIgxB.js,200,cf931cbd0f52d60a943d5bfcf459e847345584a253407bff0021ee8ed4fae456,local-only/original-project
20260917-开发资料/source/market/dist/tryon/assets/invariant-CMYcS22x.js,208,91364c030b1f09e809d735efa2c5693e01749e6605d22bc2fe8f37981c37489d,local-only/original-project
20260917-开发资料/source/market/dist/tryon/assets/invariant-CORu44_1.js,196,407e34e9934cfda96f043fb15637a03808818c49a2f882dd22bafff897ac3758,local-only/original-project
20260917-开发资料/source/market/dist/tryon/assets/invariant-Cp1IVkZM.js,2532,68ddc1474e68ee31640326e9dd0947683185d81161077f67d3badacbd7b7ef54,local-only/original-project
20260917-开发资料/source/market/dist/tryon/assets/invariant-CPiu_74Q.js,188,fd8082120127b4f752c26252283a91dd64ca02f337cbdf5889512008c363b546,local-only/original-project
20260917-开发资料/source/market/dist/tryon/assets/invariant-CRESryso.js,325,6fbe0940a46129fbc2eb53d0791a1f7c09b00d49dd767c9dcfcf46d40b47e26e,local-only/original-project
20260917-开发资料/source/market/dist/tryon/assets/invariant-Csntn8A2.js,2149,ccf55b11e0ff7f75bbfd839468dd14a518f6d95c549a272a99a2a670cc661b4e,local-only/original-project
20260917-开发资料/source/market/dist/tryon/assets/invariant-Cu4oQxX_.js,206,a0fa6730a231f75701870b9199747294f795c9812e55d4328391d77752340686,local-only/original-project
20260917-开发资料/source/market/dist/tryon/assets/invariant-CUgHTeNI.js,180,f106011ac34cf8d56dd71ebd3afcadd8c7e2b01a15efceb86bb1fb710736a791,local-only/original-project
20260917-开发资料/source/market/dist/tryon/assets/invariant-CuNeKfLu.js,184,f1c42722fd638fad875a6603466b8fff21e8a5ac03a25d3619a0ac9f4906416a,local-only/original-project
20260917-开发资料/source/market/dist/tryon/assets/invariant-CvgzB8Vr.js,204,5fded9e175b55512bec1bae89f18558f640148d63e7b440c82ed7076e32f1ab4,local-only/original-project
20260917-开发资料/source/market/dist/tryon/assets/invariant-CwMk6MO9.js,216,6ee3d419d0da8c285471b3abe6ca9e8253aa836132fcb2a0f8ecffb766a0c9d3,local-only/original-project
20260917-开发资料/source/market/dist/tryon/assets/invariant-Cxbf50mC.js,198,bbf26ecf6946dad77e07fd7b0ed0aa862accc4dd8becd8857c2f7025420f8c41,local-only/original-project
20260917-开发资料/source/market/dist/tryon/assets/invariant-CXUpmloy.js,202,be931ec50a37583e86ab4d69692cd7a0c20841710b87e335cff554a33a6cf58c,local-only/original-project
20260917-开发资料/source/market/dist/tryon/assets/invariant-Cy9SWGB9.js,190,dce30cc2a14622e7012ad1eb1045d29b619fee93f3bf1c9811c0fa35136b1c40,local-only/original-project
20260917-开发资料/source/market/dist/tryon/assets/invariant-CyA8HPK1.js,178,eb9825365263ad794c93002f4fa5530c6021676fa31aeec45c9b4d9c08bb804f,local-only/original-project
20260917-开发资料/source/market/dist/tryon/assets/invariant-CyFTcWX4.js,180,7da42768105305c4077e09fbda61fcc278d8b48fd7216f8df2c758d14cc471ca,local-only/original-project
20260917-开发资料/source/market/dist/tryon/assets/invariant-CYIA_lfB.js,1587,01a02cfcf1d059cff4003a4db51f665fcbe04b92e51bc2ba4c67be29c119279f,local-only/original-project
20260917-开发资料/source/market/dist/tryon/assets/invariant-Cyz4Wv1T.js,194,51665af75bbaf80294aa0d21c0ceed8adf24e4992215b6750b650ce171e3bb0b,local-only/original-project
20260917-开发资料/source/market/dist/tryon/assets/invariant-D080Ws2N.js,236,65a8d7a43cf35f4c8bf8b5b43dade4047e864eb8fd3aac2f819ad95c5de330aa,local-only/original-project
20260917-开发资料/source/market/dist/tryon/assets/invariant-D0fAWDxq.js,347,f1b48c7bacf37565f5522cfa22a77c89473a8eaf56e3aa6a75a2098e22fa20cb,local-only/original-project
20260917-开发资料/source/market/dist/tryon/assets/invariant-D16RB2zr.js,192,cfaf9a7432b6c13b3d6f7b90f248b9eeb06c435920eca2956f70c7d863a76513,local-only/original-project
20260917-开发资料/source/market/dist/tryon/assets/invariant-D2ArrM-J.js,184,0413930a6c4af8cf029ce0c9266862f75ad5fee6222462348f03e24aeb2ef99f,local-only/original-project
20260917-开发资料/source/market/dist/tryon/assets/invariant-D2CkGbiu.js,196,d1057a8116420efb463b3d0ea5b0ebb510c6bd00db5e0d96427a9724b419562e,local-only/original-project
20260917-开发资料/source/market/dist/tryon/assets/invariant-D3YgQGi1.js,2483,157b8fbbd99722075f5c2d0c9d24dcef96de4414e74dafb8a330d3e2fbe90309,local-only/original-project
20260917-开发资料/source/market/dist/tryon/assets/invariant-D4BTbcBD.js,206,60653a617c566da6ca7131a31ecaf071fb209a90429d31ddc9716bb9372e0bd4,local-only/original-project
20260917-开发资料/source/market/dist/tryon/assets/invariant-D5DxbrcO.js,198,5f1cd5f74b7b19a2e555c2a13acf15e0995ed3269449f8e3a52fcfe5731da68d,local-only/original-project
20260917-开发资料/source/market/dist/tryon/assets/invariant-D5xxmo3Y.js,210,4d88e86fcf500164d4292b8bbefbe69ea6290e4f9d3a420f3142438bee192c71,local-only/original-project
20260917-开发资料/source/market/dist/tryon/assets/invariant-D6qCau50.js,204,066c20430854e499e36b5f8d5866c67f4619ab089bdf5963d25cb12be07dbfaa,local-only/original-project
20260917-开发资料/source/market/dist/tryon/assets/invariant-D9LafwZJ.js,1638,fe85433fdeaf1a553a3c9c2038494a98b15cc096ad49ad300d5dd713d73b05a5,local-only/original-project
20260917-开发资料/source/market/dist/tryon/assets/invariant-DamXkzkz.js,194,fd8d7c7b741e9861bf08c5a0d085a0e976f8b12c342352a9c1a708bdc48cf7da,local-only/original-project
20260917-开发资料/source/market/dist/tryon/assets/invariant-DASrWClz.js,190,c5251d497ce3bf3a352edfbfcfddc874f9ad1fd750d7952c74d5dcf8a27e400c,local-only/original-project
20260917-开发资料/source/market/dist/tryon/assets/invariant-Db1HuKys.js,174,b9978939bbaac70ae6a1050bc94df25dc0fc4ccfb063b24b7059e0e7afea3acf,local-only/original-project
20260917-开发资料/source/market/dist/tryon/assets/invariant-DbGC9aED.js,190,6942a80f8e35218c69e23610513f3569291bbfffa7acaa76f973b2ebb1fea43b,local-only/original-project
20260917-开发资料/source/market/dist/tryon/assets/invariant-DbI9eCe7.js,196,2f3c6610082ec2fe82f3852dfc2333514b4f6931dd3c111c5f74de36ad36bfd5,local-only/original-project
20260917-开发资料/source/market/dist/tryon/assets/invariant-DChSniN4.js,196,0e2022af92500ad77af391d03e73f5e0cf562636cba2d913e3aa6efaa75fe755,local-only/original-project
20260917-开发资料/source/market/dist/tryon/assets/invariant-DfDaHum9.js,176,3bbe18e51450c39a39bdc7971d7267721fc6a53b6f4f79e09ca4c242e498024d,local-only/original-project
20260917-开发资料/source/market/dist/tryon/assets/invariant-DgGDGTyS.js,1686,098d40f2de4ff23ead0939b572009e3321d943587cbd78df18ef26faa12aa7a5,local-only/original-project
20260917-开发资料/source/market/dist/tryon/assets/invariant-DI50Pl43.js,190,4811536ddce16b00210371ff0a1c4b7e4f0c32f4d007e85868404c3d08cb56f7,local-only/original-project
20260917-开发资料/source/market/dist/tryon/assets/invariant-DiCdvZxJ.js,186,b92aadeb4c7a18c8daaf82c56dd671c91da8427ccb1f96142689f4f4fb0d6fcf,local-only/original-project
20260917-开发资料/source/market/dist/tryon/assets/invariant-DjfVGRNo.js,180,92369f867ad7022b259ea10d6c5a8a42a88ddc7801878df6e22d3ce45d9b7b6b,local-only/original-project
20260917-开发资料/source/market/dist/tryon/assets/invariant-DJl-e9VZ.js,174,5468a31b9190a7b351675aa5393f3db82b8a5583231402df1709988d088974ef,local-only/original-project
20260917-开发资料/source/market/dist/tryon/assets/invariant-DjY6voNN.js,180,6c2851afd23aa0b2ed92280c01c3b44ef03580693f5f2510dcdd1dafdf2bb1ac,local-only/original-project
20260917-开发资料/source/market/dist/tryon/assets/invariant-DkkXQ4-L.js,180,c90e62831d8a1c809d7c544d41f95977af5af64a6c57f184056dcae842008311,local-only/original-project
20260917-开发资料/source/market/dist/tryon/assets/invariant-DkMmmrld.js,190,bbf8319f1b70f1396f14812f16b7b503e115dfe16f383b6c4dab59aecc1b65fb,local-only/original-project
20260917-开发资料/source/market/dist/tryon/assets/invariant-DkSxWCZf.js,200,66d1c0f9bcf33aaf74ae6d3c28c26868d60a4c6a2956f85e66333f5351383517,local-only/original-project
20260917-开发资料/source/market/dist/tryon/assets/invariant-Dlgy3rHg.js,184,0aa5db2b4687ec9d2b61136594ecb426602ab925910990d7533b3be15351b22c,local-only/original-project
20260917-开发资料/source/market/dist/tryon/assets/invariant-DMKmv5KH.js,588,56313e85c5859fb59e290fdbab6de12211066c0a8fbc8170984f68d283513919,local-only/original-project
20260917-开发资料/source/market/dist/tryon/assets/invariant-DmMx0WTR.js,198,5d6e4c94f0fc54fee774952a8f31cc175f02d23e46e39ee17a018cc0cf8f2b24,local-only/original-project
20260917-开发资料/source/market/dist/tryon/assets/invariant-DmrYELqw.js,212,a8c5f99f1e6879dfd43af9e5d5927a281f24c957bc3f87c321498a540f902ec9,local-only/original-project
20260917-开发资料/source/market/dist/tryon/assets/invariant-DMY0jt8h.js,212,6cfb31ba22be5a0402b3a262f6b76e821ee77fa5e2ffe7004333d61b76af00f5,local-only/original-project
20260917-开发资料/source/market/dist/tryon/assets/invariant-DnE4wryU.js,190,2264934eac429cc80c986edd7d1ba530e261bf486dc554eb65f83682431706a3,local-only/original-project
20260917-开发资料/source/market/dist/tryon/assets/invariant-DP0xyM72.js,226,af97770f548bcb10752d2ed43d7ce967dcc1437e9f91cb45e7d3394c49987915,local-only/original-project
20260917-开发资料/source/market/dist/tryon/assets/invariant-DPQY4IQV.js,174,5a3d6f60f43bc593df52e032c376242da3c1822fde23299c81adf684bc7693b7,local-only/original-project
20260917-开发资料/source/market/dist/tryon/assets/invariant-DPsmMOgS.js,192,5561fd841140a744d36b147c9a4f3f75e424a6e48ea93fed6c207ce205f7a82c,local-only/original-project
20260917-开发资料/source/market/dist/tryon/assets/invariant-DPYMypVv.js,192,cc05233a390d9a8c6a63e42f3dc2721ce52ed9268b5044d59f44012b8a82d34b,local-only/original-project
20260917-开发资料/source/market/dist/tryon/assets/invariant-Dq0JlNR5.js,176,1323faac37702825074aba5f0e8eb4721b521fdb8b46090489b4576f7cae5515,local-only/original-project
20260917-开发资料/source/market/dist/tryon/assets/invariant-DqqTIgFy.js,200,d8a0e828ddf6e447479a9a81a03f67eb19467d401026c50d7ca69d375ccf1f6e,local-only/original-project
20260917-开发资料/source/market/dist/tryon/assets/invariant-DrkMshoz.js,206,93b9112e214e81b841228a18119bf2773ad41c62c0b323a3df381d972f11a711,local-only/original-project
20260917-开发资料/source/market/dist/tryon/assets/invariant-Drv89UP1.js,200,fb9448372bc8f15ed02a2f0b9dd20a2934583e051046498b1eb7b477d245f195,local-only/original-project
20260917-开发资料/source/market/dist/tryon/assets/invariant-Drvd-2gi.js,218,bd14914afdd83e0351dbbc16d1af92970f5db45f0eea99fa9de3023009ee9e60,local-only/original-project
20260917-开发资料/source/market/dist/tryon/assets/invariant-DtIL0S0o.js,176,efc993d7f518f3c1542eac94e9ca84454e338f9d1661b095a0967d60863b43fb,local-only/original-project
20260917-开发资料/source/market/dist/tryon/assets/invariant-DuIp-nCk.js,216,6c4b8b91845439727aa0f13d3f8b4975ff40c91d0c19b861e24b36453ca69ca9,local-only/original-project
20260917-开发资料/source/market/dist/tryon/assets/invariant-Dvf5DaF0.js,605,9090a8b941771ad0b328b1e1219cd9555a8ef1cb1e82534a75f4045558746188,local-only/original-project
20260917-开发资料/source/market/dist/tryon/assets/invariant-DVlODJBC.js,220,29dbfc098cbbb1db4a74a773f3f4b88c7afe12d2602b5d71f3993f65b674b2e9,local-only/original-project
20260917-开发资料/source/market/dist/tryon/assets/invariant-DVXodAEr.js,900,639d00c4cd41b201af9faad4b14bf43c92a689ad85ff37b6d7a64d23a464d0b4,local-only/original-project
20260917-开发资料/source/market/dist/tryon/assets/invariant-DW4OBXOE.js,202,e898fd37c5e917eb97cbec013e3b881d313dc1a3328ec6a629b189a357d64a9f,local-only/original-project
20260917-开发资料/source/market/dist/tryon/assets/invariant-DWi7KAOi.js,204,bf5f07ea7d39abb5c38e363a6256575fff56fabd1ed20015f795aa70dd146723,local-only/original-project
20260917-开发资料/source/market/dist/tryon/assets/invariant-dwu4Svcv.js,8017,a76a55f840dbc1c5641c4f76eb45c580aee93174384baaa898f28ed73d88df56,local-only/original-project
20260917-开发资料/source/market/dist/tryon/assets/invariant-DXfaFA43.js,186,dc5b4d0756a0775316c895683224f285c0978604760f508bcd08721f1c4f8928,local-only/original-project
20260917-开发资料/source/market/dist/tryon/assets/invariant-ebNb2uRB.js,178,7d4260e67266f09d251fcca192f78ff02f8c927ce48b3a6d3932e1848e4dfddf,local-only/original-project
20260917-开发资料/source/market/dist/tryon/assets/invariant-EfdEi69-.js,192,97b4d5bc6a91ea57ab4fa65b7f9fe064c96a6dcc2d4c78b64a4c5ec9c224eab6,local-only/original-project
20260917-开发资料/source/market/dist/tryon/assets/invariant-eTVcVx0q.js,200,0b8245daf23d0cb18f7f43e3e879ad49635c4adb1d2603f2be4a112683278a5a,local-only/original-project
20260917-开发资料/source/market/dist/tryon/assets/invariant-ggqBnjuy.js,188,a2e272bb7f6ca1601e7f7baf7377b5f80eb7bdea6af66ebf89c73ac43874fa0b,local-only/original-project
20260917-开发资料/source/market/dist/tryon/assets/invariant-hCGtphFm.js,200,d160578c09e419b523912a83104f4f6f5fa01b3d48dfcdbd817cc82f72b7325b,local-only/original-project
20260917-开发资料/source/market/dist/tryon/assets/invariant-iCJ46B7x.js,186,c1ee4626322a53741439c74c0f679657a15bc0ae75fcf8a2f3e50ee7ddc968a1,local-only/original-project
20260917-开发资料/source/market/dist/tryon/assets/invariant-ILdR2AcU.js,1017,1934b7aa857dc2c8871f40bfd79e7002d8a47dbae727be8d89f7477b96e58b96,local-only/original-project
20260917-开发资料/source/market/dist/tryon/assets/invariant-IlowKehC.js,170,70d34c5c1696e0f6ec2363f5c769358cdea949833b16a23ef7e7f13a4410006a,local-only/original-project
20260917-开发资料/source/market/dist/tryon/assets/invariant-In_UvXBL.js,194,de033f55bb55e3b877d35fb836122dc611f19cc042805e530ce7139902824127,local-only/original-project
20260917-开发资料/source/market/dist/tryon/assets/invariant-Ip39810W.js,178,8993690001a6c9b0601a55a99df7f4e559d7af49f2e7a5b759dcdae15149fd1d,local-only/original-project
20260917-开发资料/source/market/dist/tryon/assets/invariant-Jcrp5x4t.js,196,f8da4805bbbf20fc693c757c4d12e5f0df084b641845714c21f9d8ba41fa4765,local-only/original-project
20260917-开发资料/source/market/dist/tryon/assets/invariant-K5pVKF7Z.js,202,4509a3d12a371598e62b30ae8005681f6b4bfa2ac212dd698706495886a8f579,local-only/original-project
20260917-开发资料/source/market/dist/tryon/assets/invariant-kHv8nOtC.js,210,65310f40eb61e1b622bd4a5fbc81598958ef2af2396adf51ff4d8d63cd6651bc,local-only/original-project
20260917-开发资料/source/market/dist/tryon/assets/invariant-KxMJgHKj.js,977,bfccec2ee2a422285207cdf849eec08757cc684e4c2c602cca09b97dcc4c79cd,local-only/original-project
20260917-开发资料/source/market/dist/tryon/assets/invariant-NHws_p3A.js,216,fd051346ac13597403ae9963cb39f90f075e7ea1ae19a3eaf651a2825189d0b0,local-only/original-project
20260917-开发资料/source/market/dist/tryon/assets/invariant-p17f28ex.js,192,f2d8df9c5fdeff5474d743d7990d6e04609dff3510956442c6066e741fb65d1d,local-only/original-project
20260917-开发资料/source/market/dist/tryon/assets/invariant-p7eIw7zV.js,180,ccdb50a0fd88bdfd25b6b03be93f96a7d306507766f595b4c59272022d420ebc,local-only/original-project
20260917-开发资料/source/market/dist/tryon/assets/invariant-Pq_Icyiz.js,208,8a91559d30fd965453b41d67c3ad99135c2a2e222c72d679d470e22f5201e954,local-only/original-project
20260917-开发资料/source/market/dist/tryon/assets/invariant-px1H18vb.js,200,69fbabd54937b1144fd8fca2a9a37bc80d925090b3bb0d0f978417cc6af7adc6,local-only/original-project
20260917-开发资料/source/market/dist/tryon/assets/invariant-qICTQfHL.js,591,e80f2ea7ee6f56429c64b75b67f20ba0be3208f26bee354dbdf2ce902790829b,local-only/original-project
20260917-开发资料/source/market/dist/tryon/assets/invariant-rLi6VH1z.js,204,a64872a7c67e8e40ee69d91da46b194306b6478d27f69285e94350d757c876fb,local-only/original-project
20260917-开发资料/source/market/dist/tryon/assets/invariant-Rrm1eQVZ.js,198,5070c6fe4eb27f11a5daadeb2d5d47576d2d2c2fa1e7ed99fbb82f3241d16b70,local-only/original-project
20260917-开发资料/source/market/dist/tryon/assets/invariant-SHpKKJBV.js,208,347636a101d4b8862618f60c889ae574613d1011dbc5977cc9c97d4dfade3c01,local-only/original-project
20260917-开发资料/source/market/dist/tryon/assets/invariant-tagMtChq.js,186,e691c8b70e0a27d192f38bba223f90a7eb1c0534d0365802c37b81c5372ca77b,local-only/original-project
20260917-开发资料/source/market/dist/tryon/assets/invariant-tK0hHwNG.js,210,40d894b398f5d882e2ca8fa5a1f5138ee6c839fe85168f98ca0c33476eaf505e,local-only/original-project
20260917-开发资料/source/market/dist/tryon/assets/invariant-TTKWk-Re.js,186,e9140a7c4293fb157994d1aded5e4cab41961f52c67d767b0ed210d814cb5933,local-only/original-project
20260917-开发资料/source/market/dist/tryon/assets/invariant-uaG-6ImF.js,11982,e5621fc5353746bee8f6b199be1af1e13b46d9cf90f387e403bd431bba939e01,local-only/original-project
20260917-开发资料/source/market/dist/tryon/assets/invariant-uGdLfl9l.js,192,4074417f102aa0e8f3f0c9ccbce97aad81b8cd3d16abe805688d5f008dd80540,local-only/original-project
20260917-开发资料/source/market/dist/tryon/assets/invariant-Wb9wSyv_.js,174,d82c2a5bfb021b4a034ca14cf38143c804bd2824478da6ad9c866b56932e0609,local-only/original-project
20260917-开发资料/source/market/dist/tryon/assets/invariant-wGPOgjLv.js,194,f6695c047481bf4a9492e2b83e7ca656870f69a73378c7c1f9516f40eb31c3a3,local-only/original-project
20260917-开发资料/source/market/dist/tryon/assets/invariant-xIixedbQ.js,196,d6c179758c92a85269e1fd670a8f5ade4841222117175eed57c178bf3b45dbea,local-only/original-project
20260917-开发资料/source/market/dist/tryon/assets/invariant-Xuc4nfSv.js,196,5c7bb6e346ca055a1250334e6612354e2483f43af1293899467cb5a565bd7124,local-only/original-project
20260917-开发资料/source/market/dist/tryon/assets/invariant-yf1HFbzN.js,200,f590ae0d26ed03a860a2e562c109b233a056dcbabf75a5b26d07a2c7ed147705,local-only/original-project
20260917-开发资料/source/market/dist/tryon/assets/invariant-yhdvNuYD.js,188,fc369c98cd20920769c972756641d8a6bb7e3485c982c5c430fc3eab56a74384,local-only/original-project
20260917-开发资料/source/market/dist/tryon/assets/invariant-yqsOoyJG.js,226,a838ba1f52bf95c498ab14d5d331e706486cb002c6e220ea701eb2da2e53c962,local-only/original-project
20260917-开发资料/source/market/dist/tryon/assets/invariant-yrciKHGr.js,192,ff5b008e580877d6e5f7293a041f766b40235226ac3a6131304ee6b6b2d2dbcb,local-only/original-project
20260917-开发资料/source/market/dist/tryon/assets/java-CylS5w8V.js,27219,2bec4be5ba0dea3d8258669df1e6957e1ba2590a1ad56c6e103ea8c00baeba7e,local-only/original-project
20260917-开发资料/source/market/dist/tryon/assets/jobs.schema-C-78hP_0.js,406,fece8b80000f0714fc7f312cdbbcae620eb9651c57293fa63dc74196d3f7c462,local-only/original-project
20260917-开发资料/source/market/dist/tryon/assets/json-parse-BGLjr51I.js,4835,b8a34b808b2d56421821157971a56a203fdd6f97269195cf982a8cf1306e9869,local-only/original-project
20260917-开发资料/source/market/dist/tryon/assets/json-schema-processors-6dmQcDt8.js,27684,9cbbeb9c17c0edc02127bd48647cd61d607a96b9f8b733ee80f27bffcb231ea2,local-only/original-project
20260917-开发资料/source/market/dist/tryon/assets/KaTeX_AMS-Regular-BQhdFMY1.woff2,28076,0cdd387c9590a1a9f9794560022dbb59654a7d86f187aa0c81495ad42d3a7308,local-only/original-project
20260917-开发资料/source/market/dist/tryon/assets/KaTeX_AMS-Regular-DMm9YOAa.woff,33516,30da91e84c893f875e252689faebdc590b2871145e8adc7f9a9d4dbd8ce0b251,local-only/original-project
20260917-开发资料/source/market/dist/tryon/assets/KaTeX_AMS-Regular-DRggAlZN.ttf,63632,68534840bcfdd2bffb6f0e8deb48684dd01e7f04ea2813267577afb906de1d13,local-only/original-project
20260917-开发资料/source/market/dist/tryon/assets/KaTeX_Caligraphic-Bold-ATXxdsX0.ttf,12368,07d8e303ce4fc12b4bb54f1004170dd190a1f3db45d400fe68060df3e0897268,local-only/original-project
20260917-开发资料/source/market/dist/tryon/assets/KaTeX_Caligraphic-Bold-BEiXGLvX.woff,7716,1ae6bd7475590e97e7f145a89e09ccde322f7a6bc0b91607b1c8b8ee28290fed,local-only/original-project
20260917-开发资料/source/market/dist/tryon/assets/KaTeX_Caligraphic-Bold-Dq_IR9rO.woff2,6912,de7701e42cf1f4cf0b766c03fb27977207eee2f4fd5d76fa82188406da43ea4c,local-only/original-project
20260917-开发资料/source/market/dist/tryon/assets/KaTeX_Caligraphic-Regular-CTRA-rTL.woff,7656,3398dd02302557a793f2863f88e02d96ce10df2abffa07c8e9fa90775116e65c,local-only/original-project
20260917-开发资料/source/market/dist/tryon/assets/KaTeX_Caligraphic-Regular-Di6jR-x-.woff2,6908,5d53e70ad607c2352162dec9e0923fb54ecdafaccbf604cd8dcf7d00facb989b,local-only/original-project
20260917-开发资料/source/market/dist/tryon/assets/KaTeX_Caligraphic-Regular-wX97UBjC.ttf,12344,ed0b74372feefcbb9c0666b2e210da37b7e49fa7fbbf3eeb11db5f693dacfbb7,local-only/original-project
20260917-开发资料/source/market/dist/tryon/assets/KaTeX_Fraktur-Bold-BdnERNNW.ttf,19584,9163df9c7122432e6495b4229fa9071cf9ae86a758ae5efc4924ec2e1a6dbce1,local-only/original-project
20260917-开发资料/source/market/dist/tryon/assets/KaTeX_Fraktur-Bold-BsDP51OF.woff,13296,9be7ceb88004ab8ad124082246fbfcca4091e36385d4ec6ed1df67375dad50fb,local-only/original-project
20260917-开发资料/source/market/dist/tryon/assets/KaTeX_Fraktur-Bold-CL6g_b3V.woff2,11348,74444efd593c005e3f4573b44524704c0af0a937fe911cca9e94068d0d140d3f,local-only/original-project
20260917-开发资料/source/market/dist/tryon/assets/KaTeX_Fraktur-Regular-CB_wures.ttf,19572,1e6f9579e90e2cac37f8f60a597c436e075c114385652b7cbeb0dec0421291b3,local-only/original-project
20260917-开发资料/source/market/dist/tryon/assets/KaTeX_Fraktur-Regular-CTYiF6lA.woff2,11316,51814d270d06ff0255dba0799994fa4d8c84d11f09951d47595f4abb1f3602dc,local-only/original-project
20260917-开发资料/source/market/dist/tryon/assets/KaTeX_Fraktur-Regular-Dxdc4cR9.woff,13208,5e28753be717dac97f559f49bc10be9cf3c124ddcabda6659d11cb68febc6463,local-only/original-project
20260917-开发资料/source/market/dist/tryon/assets/KaTeX_Main-Bold-Cx986IdX.woff2,25324,0f60d1b897938ec918c8ce073092411baf9438f6739465693ff18b0f9d20b021,local-only/original-project
20260917-开发资料/source/market/dist/tryon/assets/KaTeX_Main-Bold-Jm3AIy58.woff,29912,c76c5d696297d51b9cb1639c7da4334f0e7dec81b42b11213b5e25ef671bb822,local-only/original-project
20260917-开发资料/source/market/dist/tryon/assets/KaTeX_Main-Bold-waoOVXN0.ttf,51336,138ac28d1663b3037e9c5f52371fa5c63d8324f4a38d22cd573e6ea3a3fd0cf8,local-only/original-project
20260917-开发资料/source/market/dist/tryon/assets/KaTeX_Main-BoldItalic-DxDJ3AOS.woff2,16780,99cd42a3c072d918f2f44984a807cf7aa16e13545fd0875fc07c6c65f99e715b,local-only/original-project
20260917-开发资料/source/market/dist/tryon/assets/KaTeX_Main-BoldItalic-DzxPMmG6.ttf,32968,70ee1f64a20f2048c21940ef46d0144fd215baa953ca69afd1e31e98544f708f,local-only/original-project
20260917-开发资料/source/market/dist/tryon/assets/KaTeX_Main-BoldItalic-SpSLRI95.woff,19412,a6f7ec0d846ac7ad975adb8959c37ed49b94acbc4ae436db9ce9e20287e4a64c,local-only/original-project
20260917-开发资料/source/market/dist/tryon/assets/KaTeX_Main-Italic-3WenGoN9.ttf,33580,0d85ae7cc30f23790a7f1a58c4a112fdca8aae769b6ba11429af1d98b1b6cb3a,local-only/original-project
20260917-开发资料/source/market/dist/tryon/assets/KaTeX_Main-Italic-BMLOBm91.woff,19676,f1d6ef86f3b11a528bd5185199bd2443ecb2b0dead96d88674b5a2c12be24bdf,local-only/original-project
20260917-开发资料/source/market/dist/tryon/assets/KaTeX_Main-Italic-NWA7e6Wa.woff2,16988,97479ca6cce906abc961ecac96faa5f9ca2e61b8e7670d475826bcdee9a7c267,local-only/original-project
20260917-开发资料/source/market/dist/tryon/assets/KaTeX_Main-Regular-B22Nviop.woff2,26272,c2342cd8b869e01752a9321dc17213fc40d4d04c79688c1d43f2cf316abd7866,local-only/original-project
20260917-开发资料/source/market/dist/tryon/assets/KaTeX_Main-Regular-Dr94JaBh.woff,30772,c6368d87e8a1a3a5d337623d83d8dc4b868f242a9ad476237d6f8d1e0f168cdc,local-only/original-project
20260917-开发资料/source/market/dist/tryon/assets/KaTeX_Main-Regular-ypZvNtVU.ttf,53580,d0332f52868370fd83ae7fa46470f90c8f2eab2fcf12bc4f88080b340c95a830,local-only/original-project
20260917-开发资料/source/market/dist/tryon/assets/KaTeX_Math-BoldItalic-B3XSjfu4.ttf,31196,f9377ab0271cda59af24bcffbd46a4d0c8a3572ffafdbb38de2ad5ea7b0d5ee5,local-only/original-project
20260917-开发资料/source/market/dist/tryon/assets/KaTeX_Math-BoldItalic-CZnvNsCZ.woff2,16400,dc47344dbb6cb5b655c8460d561f4df5f501b90c804ad3c6cec65fe322351ab1,local-only/original-project
20260917-开发资料/source/market/dist/tryon/assets/KaTeX_Math-BoldItalic-iY-2wyZ7.woff,18668,850c0af5c2238497febaf5e461d880bf458c341f42f4f330f1b1ab5698b1998e,local-only/original-project
20260917-开发资料/source/market/dist/tryon/assets/KaTeX_Math-Italic-DA0__PXp.woff,18748,8a8d244581371912b8f3f5a23e2437cb2a59cd9bcaebb0346e722c05737a2571,local-only/original-project
20260917-开发资料/source/market/dist/tryon/assets/KaTeX_Math-Italic-flOr_0UB.ttf,31308,08ce98e51b04d58945a301e639e02b6998af29fdfd61a7b8afdd07bbfc479d4a,local-only/original-project
20260917-开发资料/source/market/dist/tryon/assets/KaTeX_Math-Italic-t53AETM-.woff2,16440,7af58c5ec8f132a2ddde9027c6d7814decce4d3b822a11192a42a20e2e973264,local-only/original-project
20260917-开发资料/source/market/dist/tryon/assets/KaTeX_SansSerif-Bold-CFMepnvq.ttf,24504,1ece03f79f95277d57dc7f6b435a74e1379b0d46104a8530286b60ff49369ea0,local-only/original-project
20260917-开发资料/source/market/dist/tryon/assets/KaTeX_SansSerif-Bold-D1sUS0GD.woff2,12216,e99ae51144bf1232efcc1bfe5add36262c6866b0faab24fa75740e1b98577a62,local-only/original-project
20260917-开发资料/source/market/dist/tryon/assets/KaTeX_SansSerif-Bold-DbIhKOiC.woff,14408,ece03cfd83e22c212cdef66feb8442d25a083beb988db3f1883f3f9738d750ba,local-only/original-project
20260917-开发资料/source/market/dist/tryon/assets/KaTeX_SansSerif-Italic-C3H0VqGB.woff2,12028,00b26ac825e2095056396e0553b8ac26d3f8ad158c3826e28b4c45b385c4714a,local-only/original-project
20260917-开发资料/source/market/dist/tryon/assets/KaTeX_SansSerif-Italic-DN2j7dab.woff,14112,91ee67500cc0129aa0ace3ac5c61ff1692102f0f31d02b69347fba35dcb75bf2,local-only/original-project
20260917-开发资料/source/market/dist/tryon/assets/KaTeX_SansSerif-Italic-YYjJ1zSn.ttf,22364,3931dd81faed86ba021bb2bbdc36f5bed9a38d6b4f4077aca59b265aa1b02083,local-only/original-project
20260917-开发资料/source/market/dist/tryon/assets/KaTeX_SansSerif-Regular-BNo7hRIc.ttf,19436,f36ea897e19f4a2e571d1e900e4e3710e438deb05a842486045ba0a3e616a4ad,local-only/original-project
20260917-开发资料/source/market/dist/tryon/assets/KaTeX_SansSerif-Regular-CS6fqUqJ.woff,12316,11e4dc8a6471ff6d6ee561d53d10fde8f7489e798257ff449c5d37c197435605,local-only/original-project
20260917-开发资料/source/market/dist/tryon/assets/KaTeX_SansSerif-Regular-DDBCnlJ7.woff2,10344,68e8c73ef42afd3ccec58bf0fba302cce448938e7fc020a5e31f8a952eee1342,local-only/original-project
20260917-开发资料/source/market/dist/tryon/assets/KaTeX_Script-Regular-C5JkGWo-.ttf,16648,1c67f068fea8bb09bf099c088b1cf64bd27516a6e07f4684344873564bb66a67,local-only/original-project
20260917-开发资料/source/market/dist/tryon/assets/KaTeX_Script-Regular-D3wIWfF6.woff2,9644,036d4e95149b69ff9bcc0cd55771efeb25ffa3947293e69acd78d5ac328c684b,local-only/original-project
20260917-开发资料/source/market/dist/tryon/assets/KaTeX_Script-Regular-D5yQViql.woff,10588,d96cdf2b3bdd4d64a8fd5f74a4c467f123a8a73931cd435889f08ffaf9bf947a,local-only/original-project
20260917-开发资料/source/market/dist/tryon/assets/KaTeX_Size1-Regular-C195tn64.woff,6496,c943cc986384f59e86bea5fd7dc50a9c4dfe567a7c05eb40d6790720dead97c9,local-only/original-project
20260917-开发资料/source/market/dist/tryon/assets/KaTeX_Size1-Regular-Dbsnue_I.ttf,12228,95b6d2f1a50173bfedb8c63e1d1c99b10427d0a4df4201cb44513b226951a22b,local-only/original-project
20260917-开发资料/source/market/dist/tryon/assets/KaTeX_Size1-Regular-mCD8mA8B.woff2,5468,6b47c40166b6dbe21a5dfca7718413f2147fd2399be1ba605d8ad39cedf25dfe,local-only/original-project
20260917-开发资料/source/market/dist/tryon/assets/KaTeX_Size2-Regular-B7gKUWhC.ttf,11508,a6b2099fb555c60e3a0db3a08842ebf1d732c6eb4e4bf44913613bed4fc4e39b,local-only/original-project
20260917-开发资料/source/market/dist/tryon/assets/KaTeX_Size2-Regular-Dy4dx90m.woff2,5208,d04c54219f9eaec6d4d4fd42dfb28785975a4794d6b2fc71e566b9cd6db842dd,local-only/original-project
20260917-开发资料/source/market/dist/tryon/assets/KaTeX_Size2-Regular-oD1tc_U0.woff,6188,2014c523c3210bcc166648c4d4cc57f05b747df07a24277bf71c51e67dc79e3d,local-only/original-project
20260917-开发资料/source/market/dist/tryon/assets/KaTeX_Size3-Regular-CTq5MqoE.woff,4420,6ab6b62e9b62dae2c00dd90f791bd10950be0ecc3490d7d6045f51c2e8fe0949,local-only/original-project
20260917-开发资料/source/market/dist/tryon/assets/KaTeX_Size3-Regular-DgpXs0kz.ttf,7588,500e04d54f0d51666332c9d2089aa803be22aa878eca539e59fa53c6e522b082,local-only/original-project
20260917-开发资料/source/market/dist/tryon/assets/KaTeX_Size4-Regular-BF-4gkZK.woff,5980,99f9c6750b489c9462bf04900bd3f939df9b829339daaaaa99ef5495cdddea58,local-only/original-project
20260917-开发资料/source/market/dist/tryon/assets/KaTeX_Size4-Regular-Dl5lxZxV.woff2,4928,a4af7d414440a1c1790825cfb700cf9cf43b0f2c4b04f0ebc523011ad9853ec0,local-only/original-project
20260917-开发资料/source/market/dist/tryon/assets/KaTeX_Size4-Regular-DWFBv043.ttf,10364,c647367d1dd4e162468717d020e1fc0f1dc5c26ebfdffbe55261713bf88c5877,local-only/original-project
20260917-开发资料/source/market/dist/tryon/assets/KaTeX_Typewriter-Regular-C0xS9mPB.woff,16028,e14fed02b1aba7ce9f5afd5844b5d0321b22351febc720e0de8b8723527609f7,local-only/original-project
20260917-开发资料/source/market/dist/tryon/assets/KaTeX_Typewriter-Regular-CO6r4hn1.woff2,13568,71d517d67827787cfabdf186914cc3358eda539e37931941f2b2fd4a21f68c0b,local-only/original-project
20260917-开发资料/source/market/dist/tryon/assets/KaTeX_Typewriter-Regular-D3Ib7_Hf.ttf,27556,f01f3e87d9c6a61c0c081ceb577abd864eb00a612f7ac1620dd6915fad2ef5aa,local-only/original-project
20260917-开发资料/source/market/dist/tryon/assets/kotlin-BdnUsdx6.js,8785,2a95758b9ec1532516fb3fa38cdd82fed5534d944ca791f327e624ec94e829ac,local-only/original-project
20260917-开发资料/source/market/dist/tryon/assets/less-B1dDrJ26.js,97633,ed3ea44927fda1db6ba56ae932f08ce7f82f8d8a06d2b3d63e3b29db54ec5c65,local-only/original-project
20260917-开发资料/source/market/dist/tryon/assets/libv86-CgGkZ55j.js,353216,09839315be9e535bc07eb52890fdb9c81c6189ac26d160b4598086339c94b618,local-only/original-project
20260917-开发资料/source/market/dist/tryon/assets/list-agents-CLi4_9lM.js,3195,eb0a74c1242dea351486bbe65b51554c5391c93ed9ca7efe2f0491b277c8f7ca,local-only/original-project
20260917-开发资料/source/market/dist/tryon/assets/llm.schema-qpAFmuPN.js,1013,59b67024b504dcdc78b66e8a4ec19bce001a468c93d3727926de6c0dd68c5dcf,local-only/original-project
20260917-开发资料/source/market/dist/tryon/assets/lua-BaeVxFsk.js,15535,890724e2d1bc79e6f6498ce6cedd5a4bed0d9489121621c1946ef05e209f5623,local-only/original-project
20260917-开发资料/source/market/dist/tryon/assets/markdown-Cvjx9yec.js,59335,ce6a8b1a6ed9b803b1847231214ba37621c2fa51611ec3037d38b561b360c278,local-only/original-project
20260917-开发资料/source/market/dist/tryon/assets/mdx-Cmh6b_Ma.js,136114,c2c652334464f6085341dd1c46e32717e22556890fbc0d2651d9200f372069bb,local-only/original-project
20260917-开发资料/source/market/dist/tryon/assets/message-Dd97Ee8I.js,1322,f4ca063be5a99312f21872e95aa1990095c22a9012cd5092b49ba5654efd923b,local-only/original-project
20260917-开发资料/source/market/dist/tryon/assets/mistral-conversations-BUtjFg01.js,546122,8e34fd51c13f0fdf47680f5e54d39d909567a1cb0e9a400d44e0b8f9529bddce,local-only/original-project
20260917-开发资料/source/market/dist/tryon/assets/node-pty-mC60yIRK.js,1896,ea0d6d39540f57f128c6525b352e3820c25410b920fedaa7a0d09d00f141366a,local-only/original-project
20260917-开发资料/source/market/dist/tryon/assets/openai-codex-responses-CaNCy4EF.js,22246,990ce9eeb4b712a733a86508c303aa68333db371b64dc9794d21d2be5102d77a,local-only/original-project
20260917-开发资料/source/market/dist/tryon/assets/openai-completions-DMklACFV.js,20485,feb2d730a56064eb7916fc4bab29edd0ce8b53620bf37e8fc6ba0f3edf7ed716,local-only/original-project
20260917-开发资料/source/market/dist/tryon/assets/openai-prompt-cache-h_V5PL7P.js,118,8faa62192fa293413035507fcd99e641d311afc41e06b18b3024b0a8d5bc5607,local-only/original-project
20260917-开发资料/source/market/dist/tryon/assets/openai-responses-3a3-bLVo.js,5590,176eb329b9b8e29a999afb88df63376a8209639697228aa84237e9e02ba38330,local-only/original-project
20260917-开发资料/source/market/dist/tryon/assets/openai-responses-shared-B5Bo-3iv.js,10887,01a20e95049c6ecb45bec9cb8a2ea16eefb7e15a45bb2386891940128aa627cb,local-only/original-project
20260917-开发资料/source/market/dist/tryon/assets/otel-Bu0U-rvQ.js,157347,430b5a3fea719b3df3cf8bc7a1fa06a5fbd35f5c1dd791dd3c7ff13e649bff6a,local-only/original-project
20260917-开发资料/source/market/dist/tryon/assets/php-BDqm3kKS.js,113150,11e417f4a980869ff0a3a9fe375ac6fe12e7c3df947c78926cbd98cc2f5cc48f,local-only/original-project
20260917-开发资料/source/market/dist/tryon/assets/pi-messages-Bpx8yUtT.js,5069,d80405c02f0c4eaa6cd050102f45ab0d73f2c5ba022e4304dbfa7b1ec01eb49a,local-only/original-project
20260917-开发资料/source/market/dist/tryon/assets/provider-env-BpN9bFOS.js,422,60ac3dee7b43a062bc1f547a98a9792eea740b61b78fe810dc92b3d0aa02afdc,local-only/original-project
20260917-开发资料/source/market/dist/tryon/assets/provider-retry-0eg5FNoa.js,1408,6c8e38872750b41f81f94c85d21e2dac8ef3ddc523f014c68ba8832efc56cc81,local-only/original-project
20260917-开发资料/source/market/dist/tryon/assets/public-api-BQRfuiBN.js,97030,5a744a3d27729515687624de0c00801db76f26be6edf8771532f2c379c1666ac,local-only/original-project
20260917-开发资料/source/market/dist/tryon/assets/python-B6aJPvgy.js,69952,7652ab863f920a5959c4aa52d6decb8c11d23fd590773977ce8aa0fbb3c555c4,local-only/original-project
20260917-开发资料/source/market/dist/tryon/assets/questions.schema-BESnWNrH.js,371,0e5e868d21bdb7d1fac182e7f73486e3918dbcce94d9c138db1f26a6ecd89f6d,local-only/original-project
20260917-开发资料/source/market/dist/tryon/assets/rpc-DzYjRzQd.js,173,d178801727692c1fd492579fa3ef78a50866f092588091e9d3777ee44eb82871,local-only/original-project
20260917-开发资料/source/market/dist/tryon/assets/rpc.schema-DuBDsQnX.js,4001,f0fc9ef65a0512faf5ed25e221d65ffd2a463ce7c42ebe67c1d64441ec4229ea,local-only/original-project
20260917-开发资料/source/market/dist/tryon/assets/ruby-DTRp0d29.js,425829,f9c75d2d38e72b0b3df47ee888279c067bcf34cac8cb8b4dc14297c7635f7a93,local-only/original-project
20260917-开发资料/source/market/dist/tryon/assets/runner-D5HIfaB8.js,2766,c6ed027347f94a48bf436b29567bab6e4b47d4be3330e95aaba0bde9520a9637,local-only/original-project
20260917-开发资料/source/market/dist/tryon/assets/rust-B1yitclQ.js,15069,c48161f6b21740ac415d982a627f24bb81081225f7405632784f667cf915d985,local-only/original-project
20260917-开发资料/source/market/dist/tryon/assets/schemas-BjdgLEE2.js,87324,26d22df5f63c0aa2fae8a8efe500ecfabb3fe993681537bdce3c6b06bcb742cf,local-only/original-project
20260917-开发资料/source/market/dist/tryon/assets/scss-D5BDwBP9.js,27204,82424791b215254726f7754b2b7ac79cf90ec58a31c023cc959957e832fa0326,local-only/original-project
20260917-开发资料/source/market/dist/tryon/assets/search-BaFEsldR.js,4681,93df96484b3eed21f5897f07d63975041169500892d512044f6b839901ba702b,local-only/original-project
20260917-开发资料/source/market/dist/tryon/assets/session-search-BOHnX8ad.js,234,38de5570c7ee08986a3338b4330ea5dadb8a7a7131ff2353e88afcdbe0446b02,local-only/original-project
20260917-开发资料/source/market/dist/tryon/assets/sessions.schema-CLLI6_-E.js,4803,c844a203e7a3e3d8920308e23c90d19901072fbd78ea187536247cf3e4c941e9,local-only/original-project
20260917-开发资料/source/market/dist/tryon/assets/settings.schema-B8BsUT2e.js,1144,9f3d97ad2aef697f4179fa70ee01f80c0211203a3ac620e3e10cb93579c02294,local-only/original-project
20260917-开发资料/source/market/dist/tryon/assets/sharp-Ch5STygN.js,2041,7e62fa77ffefc4ad34b9ce22421b14a53d9ddd013045da41e6138fd468916f99,local-only/original-project
20260917-开发资料/source/market/dist/tryon/assets/shim-buffer-DRPSFYQe.js,161,2cdc97da839f1b9eb7ccc4b2a395c2db7f3f7882a5bc79d8e03a3cc3271e6fcb,local-only/original-project
20260917-开发资料/source/market/dist/tryon/assets/shim-events-DwOSbtCh.js,105,8d9608711581220c4b370b71207b23787b5957b358ac9921ec3573da273c4bca,local-only/original-project
20260917-开发资料/source/market/dist/tryon/assets/shim-process-Co19wCHn.js,88,328a78846a7aaf0c1b0f3e6f0bbe74e4d2f447effb1a18fbadffd99642cb9ab5,local-only/original-project
20260917-开发资料/source/market/dist/tryon/assets/shim-stream-dIh08aIL.js,170,f1b590c885e6eaea3a49c63528c72ecb1fadc518de74c35a6b083ddcf1f6a9c3,local-only/original-project
20260917-开发资料/source/market/dist/tryon/assets/shim-vm-shuIvv6B.js,351,a509a511f94eee15c066ba18c6b3edea4b7f4f77f2212f11e99ecb046d444620,local-only/original-project
20260917-开发资料/source/market/dist/tryon/assets/shim-worker-threads-ClRVBuVa.js,121,c102dbc887e3019a4ad6f5cb48a32874d51189ec56131d61b87bf0511e7047b3,local-only/original-project
20260917-开发资料/source/market/dist/tryon/assets/shim-worker-threads-CvOTxeSV.js,670,75880ae95f3b41d9f4a3323a38385362130820e39083c47a8e95de7f30c86f78,local-only/original-project
20260917-开发资料/source/market/dist/tryon/assets/skills.schema-BgvvULN6.js,411,e09c9169500ac973a759643a8917df7bda9a64bbc8855c72290e95ca5d553731,local-only/original-project
20260917-开发资料/source/market/dist/tryon/assets/sql-CRqJ_cUM.js,23428,6df4a8b7587aced94ab3c692d791a8095269b8cb3106c7276088aaa3b7a016e7,local-only/original-project
20260917-开发资料/source/market/dist/tryon/assets/sqlite-l0sNRNKZ.js,1,01ba4719c80b6fe911b091a7c05124b64eeece964e09c058ef8f9805daca546b,local-only/original-project
20260917-开发资料/source/market/dist/tryon/assets/stable_attributes-DH6Jirau.js,13599,4b672d4a5a2add318565a8453c5b4ee4f60fcd0f987c139e63e676f28520e308,local-only/original-project
20260917-开发资料/source/market/dist/tryon/assets/startup-Bqk2tjMt.js,1549,e073b91d41ee19c2dabbf6a1aafbfa1ed6c00a48a371734ebd7080e3b3b86d01,local-only/original-project
20260917-开发资料/source/market/dist/tryon/assets/startup-Ddq75nJb.js,910,28625c18b68b12afdf5bcf9ab4c5bb68c6d3d079fb2b05841d3405bd16a53d26,local-only/original-project
20260917-开发资料/source/market/dist/tryon/assets/stream-guEy05Ot.js,3757,ed858b05c13ff19ca730a525f119f9b7d6a9060c9673099d7dcffb983084d1d2,local-only/original-project
20260917-开发资料/source/market/dist/tryon/assets/string-eS2cLIiX.js,6174,94af77f6c7efc89196353613d1fa1a29f73ddd8771db193e1e43c6de7ce58ba3,local-only/original-project
20260917-开发资料/source/market/dist/tryon/assets/subagents.schema-DY1vN4R6.js,1463,bbf30f324e414c2913c6c2c59a4132e21cb571a014a22a6fc7eced01a8ae922e,local-only/original-project
20260917-开发资料/source/market/dist/tryon/assets/surface-BX_7N-P6.js,5540,80c083cdc5c212960289801f2b4f6dfd450a5e92ab7ff8680de17c377514de72,local-only/original-project
20260917-开发资料/source/market/dist/tryon/assets/swift-C2oV4EkX.js,87231,9f7077844a225a537eea5869de8ca98bd00d512cf62674f7d0b903d827cab839,local-only/original-project
20260917-开发资料/source/market/dist/tryon/assets/toml-vGWfd6FD.js,6426,13957c3e75de850523d59c55223a274de54f38319159b54c11a41e1e909965de,local-only/original-project
20260917-开发资料/source/market/dist/tryon/assets/transform-messages-XzjB7V5r.js,6733,63a3673c786e013c803715884cfb7a6dc20d96a7259d596c8eb5092f9e65db3e,local-only/original-project
20260917-开发资料/source/market/dist/tryon/assets/typert.host-BA7VnA_J.js,25117,db056b66a471ea421da8d6bd2e4f538f60e06497c7cad0008f0f6629ec58125c,local-only/original-project
20260917-开发资料/source/market/dist/tryon/assets/typert.host-BfboVpQt.js,20351,8b1262eb48366bb497d236c87dcf00c7bd7d3f2b883b6d8d8e9868bbbcbab4c5,local-only/original-project
20260917-开发资料/source/market/dist/tryon/assets/typert.host-BwE1iEyI.js,877,9deb1fd8c1a6e924d65f76b30ed1ed8542d7eee3fea0f1db540049f7778a1df9,local-only/original-project
20260917-开发资料/source/market/dist/tryon/assets/typert.host-BXGXJX9f.js,22150,4dc7f789cf83a317b426ebd10be78094b03d834ae11c55b0f014c1f66163f49b,local-only/original-project
20260917-开发资料/source/market/dist/tryon/assets/typert.host-CMqwGi_t.js,9814,ef582c94af7932d4c03462ded16682b70e3faea12eff206a9862ae24d3e6ddde,local-only/original-project
20260917-开发资料/source/market/dist/tryon/assets/typert.host-CS2qkDhg.js,78806,8b6572c03a49a7865cb633cc00adf869f710da652fb0f9144d0a98f28936a115,local-only/original-project
20260917-开发资料/source/market/dist/tryon/assets/typert.host-DnoFbQdz.js,30452,3a2ba75262a15df879cb382ce3cd72e974de876ce78745f853c1fd721b776a13,local-only/original-project
20260917-开发资料/source/market/dist/tryon/assets/typert.remote-client-7Q64qgge.js,838,47abecfca798704f99d6173fc1ea7f26ba9f3d466e048a9eba9350d955ab6fb9,local-only/original-project
20260917-开发资料/source/market/dist/tryon/assets/typert.remote-client-C7WhLlQS.js,2090,6226c1742754a2d1a5ec5e5f26fdc136e556e6018669f021e6c16bfc61f8cf57,local-only/original-project
20260917-开发资料/source/market/dist/tryon/assets/typert.remote-client-CqelK3t7.js,6213,48ee1721d8f1018052b31375e9dc634c8796d68bfd11cd40644fe9ccf6f5f02d,local-only/original-project
20260917-开发资料/source/market/dist/tryon/assets/typert.remote-client-CwNX_byG.js,1061,b0ef83478a2523a8d8ad42eddc94ec349c4585ad9d6484ae2422883219525b73,local-only/original-project
20260917-开发资料/source/market/dist/tryon/assets/typert.remote-client-CZ86fAaq.js,3915,c812082f14874d2d06df2329e4613f2c94eee25124e5327668b343e4283a0bd8,local-only/original-project
20260917-开发资料/source/market/dist/tryon/assets/typert.remote-client-DDqaK0C_.js,1182,6336a5dea595b0bf424feb9c70744f299254017a42c3892539589ad267aea163,local-only/original-project
20260917-开发资料/source/market/dist/tryon/assets/typert.remote-client-DMPNLQqT.js,15109,f073e662c4ca9bd319a9650db91103bcafe5aa272d6532b5ca47989dd9f5e1b4,local-only/original-project
20260917-开发资料/source/market/dist/tryon/assets/types-BXjYBWhn.js,55,522f90863d004e98e426ce43d56632de4c9e245fb0b278a46d0ead3c59607410,local-only/original-project
20260917-开发资料/source/market/dist/tryon/assets/types-CvQ7fwRm.js,85,2b44e8e003ae4c56e0051427d060de7c4d462dd97e4f79e447b662f0b6e374a7,local-only/original-project
20260917-开发资料/source/market/dist/tryon/assets/types-Dt1W50iy.js,51,8888756999e0bc1b5aa0c16b94b1a78c986c48ad16239a0501aab1551ad0eb60,local-only/original-project
20260917-开发资料/source/market/dist/tryon/assets/vscode-ripgrep-i6Dqf2M0.js,43,70ca312fa669513b21d805f8ec9d84c6c9a223b67147fc4f9b1306e5f44b4d93,local-only/original-project
20260917-开发资料/source/market/dist/tryon/assets/worker-_TGLIVKD.cjs,32142,5ff18c639abe3404de579b9571c2d45b29ff39e0e3b5f97d4dddc3dce405a3db,local-only/original-project
20260917-开发资料/source/market/dist/tryon/assets/worker-BZWWt8nD.js,13305,63e7be9f6200f10079ae8a3113b04cb1fbdddb43f358dfb28c546e5a0afe021c,local-only/original-project
20260917-开发资料/source/market/dist/tryon/assets/worker-CgMGsjDu.cjs,34969,bc9e803bf0038aaa4262c78624823b569652278a74f9d39c7f9031e1d9fb07ca,local-only/original-project
20260917-开发资料/source/market/dist/tryon/assets/worker-CyaDsRC5.js,3685,82e6118af54b24f56cbbf8108fb76965393a70c54375e4a8ab45cf51f87b6571,local-only/original-project
20260917-开发资料/source/market/dist/tryon/assets/worker-D69Qy8Of.cjs,9461,8ff0995ab762380fddeddd3bb92079f60b10031c944f87a0ff58396ed2f85852,local-only/original-project
20260917-开发资料/source/market/dist/tryon/assets/worker-DxtjaMKt.js,11456,f2562a7e1fc2eaa2ec7a06c98076291d73c1d864cf2b16b647dcd5942f43f3ad,local-only/original-project
20260917-开发资料/source/market/dist/tryon/assets/workspace.schema-CzYzl5mO.js,1382,5e614b639e38dc3fa5e0d21553c66a8cb000b4d0ff91bdab4ad398744bf53132,local-only/original-project
20260917-开发资料/source/market/dist/tryon/assets/ws-zG0X5ym2.js,1017,f84c98bcd5149a5d16970ced4554eac4e5478ab93f3ff09746ae74c8649e3c21,local-only/original-project
20260917-开发资料/source/market/dist/tryon/assets/xml-sdJ4AIDG.js,5384,50f00554f7503986c098ada8706f8e6a8fdad39e5158c7626d31532a883a51e8,local-only/original-project
20260917-开发资料/source/market/dist/tryon/assets/xterm-Bb8UKAlD.js,329682,6321976beea2f4122a0ddd6563b3f4afa2772d662d83d15c84a18498020f510d,local-only/original-project
20260917-开发资料/source/market/dist/tryon/assets/xterm-gFKON5JR.js,7145,8d0c4047de5bef2e23bb3bd54924e8d7b0c9d7d292b87078588b929f7f6e4a84,local-only/original-project
20260917-开发资料/source/market/dist/tryon/assets/yaml-Buea-lGh.js,10506,a7a8b4fc14fa7ba338598f61185a3a13e49d7450830af367407ae61b9634bede,local-only/original-project
20260917-开发资料/source/market/dist/tryon/assets/zstd-CV7N7xSg.wasm,251806,80260eee5795ee8072bb5821e203730c74dca3909938f5ac1128da67f96223df,local-only/original-project
20260917-开发资料/source/market/dist/tryon/index.html,10492,183da78083ad490f48e93a4fb63c0ae573fd8e493c5773a37c15151b49623368,local-only/original-project
20260917-开发资料/source/market/dist/tryon/plugins/@deepseek-ai/dsh-api-gateway/client.js,18560,035f0326a86a9905643734eb5f30fc112fdcd096e42defba61518d1a4e5632f6,local-only/original-project
20260917-开发资料/source/market/dist/tryon/plugins/@deepseek-ai/dsh-api-remotes/client.js,205655,8e377e95280eb4d7a26f65f0d6420b00d9d7fa2727d35382c9a8e02fdbbe7350,local-only/original-project
20260917-开发资料/source/market/dist/tryon/plugins/@deepseek-ai/dsh-client-connection/client.js,354366,0735d9af8a012d1edb19a02c4cef50903a783cdb28eac8b62fe9141625592845,local-only/original-project
20260917-开发资料/source/market/dist/tryon/plugins/@deepseek-ai/dsh-client-hmr/client.js,3427,b4b414537f4169bc0a9da6b66a974edceb74d91c1570b4018f4fc34c7ec92478,local-only/original-project
20260917-开发资料/source/market/dist/tryon/plugins/@deepseek-ai/dsh-client-locale/client.js,48844,709ffe258ad3ae7e9c654f05aabc4ddca007d84ee250b556b4b4662f412bb653,local-only/original-project
20260917-开发资料/source/market/dist/tryon/plugins/@deepseek-ai/dsh-client-modules/client.js,15347,01abe15bd0c624312ac587d00a0219f9756336b1e83b7b8d2f6d273a6e8c8050,local-only/original-project
20260917-开发资料/source/market/dist/tryon/plugins/@deepseek-ai/dsh-client-runtime/client.js,392229,13a5fe0ee8cddda2306d302eb0dbfdd601e96d14baeb512867b4b6d1d72f6679,local-only/original-project
20260917-开发资料/source/market/dist/tryon/plugins/@deepseek-ai/dsh-client-ui-agent-preset/client.js,73924,64515029974a7b4f240f756c5598dfead86d9cc1138390103eb843aa9771ffe0,local-only/original-project
20260917-开发资料/source/market/dist/tryon/plugins/@deepseek-ai/dsh-client-ui-attachment/client.js,35171,83a012b35a4399c039068e29794b23d6552d00d7bdb9d55d9b60472837baf223,local-only/original-project
20260917-开发资料/source/market/dist/tryon/plugins/@deepseek-ai/dsh-client-ui-brand-official/client.js,1910,04006081f2623dc481773e73a40496523e7388a1e68b8493c45eb18a498a9743,local-only/original-project
20260917-开发资料/source/market/dist/tryon/plugins/@deepseek-ai/dsh-client-ui-commands/client.js,45718,173abdab1a2d986da217a32895ec85b862f68138a538c83d66a62e89188aa7e5,local-only/original-project
20260917-开发资料/source/market/dist/tryon/plugins/@deepseek-ai/dsh-client-ui-conversation/client.js,447932,fe448ef7e0b1f3e7713dadfc7eff56b9f80d103a2111dfe69c1735ffd0196d61,local-only/original-project
20260917-开发资料/source/market/dist/tryon/plugins/@deepseek-ai/dsh-client-ui-cordis/client.js,74240,25ab414ba4f62ba0787921809c9824a4ad315b7a397c6b562da3257ca9b62a36,local-only/original-project
20260917-开发资料/source/market/dist/tryon/plugins/@deepseek-ai/dsh-client-ui-deliverables/client.js,16387,175179ffafe140a2073c3b229cc6881b859757215953bbda2e29ff8379e29358,local-only/original-project
20260917-开发资料/source/market/dist/tryon/plugins/@deepseek-ai/dsh-client-ui-directory-picker-browse/client.js,49270,7ec6a08b44a0d994ee0e91ebb38d7adc46f89687b2a984467ed3828dfb771681,local-only/original-project
20260917-开发资料/source/market/dist/tryon/plugins/@deepseek-ai/dsh-client-ui-directory-picker-native/client.js,2925,5eacf9770d3eee4fcfb2081a1419747b05021bbb1beebf0cad390098e81fda4a,local-only/original-project
20260917-开发资料/source/market/dist/tryon/plugins/@deepseek-ai/dsh-client-ui-goal/client.js,18910,35e9649d83dda59989b8ee78ae851664a41512b87a8b45e8f50662bc38c29274,local-only/original-project
20260917-开发资料/source/market/dist/tryon/plugins/@deepseek-ai/dsh-client-ui-input-trigger/client.js,36837,e99f77453616c5d6e5e073563d8b8b2786b90990ba8bfcb2ff0d4ea569a22942,local-only/original-project
20260917-开发资料/source/market/dist/tryon/plugins/@deepseek-ai/dsh-client-ui-jobs/client.js,12858,0abba67c6624acea34b46bef1fa22bb83004f98674622b7991f62e7e68655748,local-only/original-project
20260917-开发资料/source/market/dist/tryon/plugins/@deepseek-ai/dsh-client-ui-layout/client.js,19364,16f001f89a9bc19c54cfa90e37cf52e191113af0abe5efd593e57d7ab30060ad,local-only/original-project
20260917-开发资料/source/market/dist/tryon/plugins/@deepseek-ai/dsh-client-ui-message-feedback/client.js,28240,b4ca0905437f0b4ca7217587450458997ec1af3828edd15287a6127dce893894,local-only/original-project
20260917-开发资料/source/market/dist/tryon/plugins/@deepseek-ai/dsh-client-ui-model-selection/client.js,36889,1d279bd5bc2a46cf83ddbec6695f9b53148a099ef61a1aaaa8815deae397590f,local-only/original-project
20260917-开发资料/source/market/dist/tryon/plugins/@deepseek-ai/dsh-client-ui-permission-presets/client.js,19762,cb118541fa83f5e6478ca44894ae62da1009c22a8c8bf6c7f49895caf3923e97,local-only/original-project
20260917-开发资料/source/market/dist/tryon/plugins/@deepseek-ai/dsh-client-ui-plan/client.js,5834,982a9587359ea0d6f7715b3e6dd12db7457db0d8778252884a4a8cbbcdd7e003,local-only/original-project
20260917-开发资料/source/market/dist/tryon/plugins/@deepseek-ai/dsh-client-ui-reference/client.js,5492,54df16efdb012063e24e5c21affa4c5e0386045cd4e5621c6fbcbc98411463b8,local-only/original-project
20260917-开发资料/source/market/dist/tryon/plugins/@deepseek-ai/dsh-client-ui-renderer/client.js,39235,4361ea099f70506010482babd7075dc700e0f94485e71f0c989b68e4e278c229,local-only/original-project
20260917-开发资料/source/market/dist/tryon/plugins/@deepseek-ai/dsh-client-ui-settings/client.js,51168,d93f420e0c9caff2ba35c6e766f3cfaf38b8195305272efe63e365625b47a878,local-only/original-project
20260917-开发资料/source/market/dist/tryon/plugins/@deepseek-ai/dsh-client-ui-settings-general/client.js,26630,9298ac5b087056555498550e0e0e6dd9d3202dce48bb07b2a2c4bfeed1d63da5,local-only/original-project
20260917-开发资料/source/market/dist/tryon/plugins/@deepseek-ai/dsh-client-ui-settings-models/client.js,131544,c3b9a2d2d074c600c10553a4b15e294082f5851dd4a834d06ddb268b310d18de,local-only/original-project
20260917-开发资料/source/market/dist/tryon/plugins/@deepseek-ai/dsh-client-ui-settings-plugin-inventory/client.js,17303,ac45985fec2dfc0e761b36eb35c02aecc5f4c882cd8f53c2a451d62f9bee1c3e,local-only/original-project
20260917-开发资料/source/market/dist/tryon/plugins/@deepseek-ai/dsh-client-ui-settings-plugins/client.js,53066,36afbb9bcc6ea7770dcd5adfa44dee42a1298459895eab07d3a0c4f9b07dacaf,local-only/original-project
20260917-开发资料/source/market/dist/tryon/plugins/@deepseek-ai/dsh-client-ui-sidebar/client.js,17411,719693c401e7175e73f50e8021d918b2829a602fbd09761a6ef39d055c53460a,local-only/original-project
20260917-开发资料/source/market/dist/tryon/plugins/@deepseek-ai/dsh-client-ui-skill/client.js,16067,22b7db444a212a6a6fd56aac6388a07b82a8246cf0a00b6adb6491c66e4e7d7b,local-only/original-project
20260917-开发资料/source/market/dist/tryon/plugins/@deepseek-ai/dsh-client-ui-subagent/client.js,41404,5499863cb2fc4d2b68157e6fa2d072b5e3b29be99ecfa6ec71fa1c659aef80cb,local-only/original-project
20260917-开发资料/source/market/dist/tryon/plugins/@deepseek-ai/dsh-client-ui-theme/client.js,80114,86f6ae4775ca2f4af29b7abaf200a18833b6675aa8446942f819342829eba6a5,local-only/original-project
20260917-开发资料/source/market/dist/tryon/plugins/@deepseek-ai/dsh-client-ui-tool/client.js,78222,da1f011ba65411ac08a4145cb72fb3170bf5940fed04ebe7e2f45ceb523edefd,local-only/original-project
20260917-开发资料/source/market/dist/tryon/plugins/@deepseek-ai/dsh-client-ui-trajectory/client.js,359162,3f73ae35d357083556609e45d5b350dbf06303d4370c86116af0954235c5e7b6,local-only/original-project
20260917-开发资料/source/market/dist/tryon/plugins/@deepseek-ai/dsh-client-ui-user-questions/client.js,37586,391aaacd84506f0c29e294c2b99528a449a2c75ef0da7d61b3fcd3409d322b47,local-only/original-project
20260917-开发资料/source/market/dist/tryon/plugins/@deepseek-ai/dsh-client-ui-workflow-run/client.js,27951,d720aacf97797f3b73c960c442b2e063690069bc314e5dc2193d9db5e7a2a0bc,local-only/original-project
20260917-开发资料/source/market/dist/tryon/plugins/@deepseek-ai/dsh-client-ui-workspace/client.js,114011,75d8a09a43a820e0ff8470e7b9c87b6dced523764ee650a8382317f6ef7a314b,local-only/original-project
20260917-开发资料/source/market/dist/tryon/plugins/@deepseek-ai/dsh-cordis-client-runner/client.js,230403,e72c9122ec5486b02dfda6aa2098248571834a032d09735a34904b96b0a4857a,local-only/original-project
20260917-开发资料/source/market/dist/tryon/plugins/@deepseek-ai/dsh-session-log-export/client.js,11446,480dc31686b80f1310f3dddd0e746c5f0ce6785cd6201e6815a35e1a8292db12,local-only/original-project
20260917-开发资料/source/market/dist/tryon/plugins/@deepseek-ai/dsh-typert-registry/client.js,52153,e316e02b09bd4cc271ae8cfe9045d82eb8aa636d15e221ccc57077415081f3f8,local-only/original-project
20260917-开发资料/source/market/dist/tryon/plugins/@dsh-web/files/client.js,25576,26e26f44c1d85b10f7cc9507e86aa8cbf59d4292642abe347549db576f5ffde2,local-only/original-project
20260917-开发资料/source/market/dist/tryon/plugins/@dsh-web/network/client.js,13549,cb3221e9731f12742451e8e99ca1006ad1d2a201552607f139118e27dbc58d2f,local-only/original-project
20260917-开发资料/source/market/dist/tryon/plugins/@dsh-web/plugin-install/client.js,12777,bd68cbc4eaab3ac4bc21c0684ebade282d8a0f298ab430ecc4f11e7c43492fda,local-only/original-project
20260917-开发资料/source/market/dist/tryon/plugins/@dsh-web/runtime/client.js,23751,a20f67fff3809880b461d8258c5b442f85a9c91efc5cee5462614938cb3dc296,local-only/original-project
20260917-开发资料/source/market/dist/tryon/plugins/@dsh-web/star/client.js,6046,6e7a44832f1d8c88cf9b044b8720c8b64f24777edae13e17442d4fd7d000972e,local-only/original-project
20260917-开发资料/source/market/dist/tryon/plugins/@dsh-web/terminal/client.js,12362,d28805c5a30140478238e5be61937cd5e539aee029339375b5fb7da87657d454,local-only/original-project
20260917-开发资料/source/market/dist/tryon/plugins/@dsh-web/tryon/client.js,9300,58b37a2ab8699bba0b414a66f804dcd123f1ad552b21d44be189fce7f4053acd,local-only/original-project
20260917-开发资料/source/market/dist/tryon/plugins/@linxin666/dsh-client-ui-skin-center/client.js,186054,4654148a08c0cd19abfb4100176625561df7ead94c3c71aaec8985342c0aeabe,local-only/original-project
20260917-开发资料/source/market/dist/tryon/plugins/@linxin666/dsh-client-ui-skin-center/client.js.map,294345,80fa93c4841b20c1d35766da5ff64afbbed64cd6a5bcaae389426bb948af721d,local-only/original-project
20260917-开发资料/source/market/dist/tryon/shell/assets/fonts/KaTeX_AMS-Regular-BQhdFMY1.woff2,28076,0cdd387c9590a1a9f9794560022dbb59654a7d86f187aa0c81495ad42d3a7308,local-only/original-project
20260917-开发资料/source/market/dist/tryon/shell/assets/fonts/KaTeX_AMS-Regular-DMm9YOAa.woff,33516,30da91e84c893f875e252689faebdc590b2871145e8adc7f9a9d4dbd8ce0b251,local-only/original-project
20260917-开发资料/source/market/dist/tryon/shell/assets/fonts/KaTeX_AMS-Regular-DRggAlZN.ttf,63632,68534840bcfdd2bffb6f0e8deb48684dd01e7f04ea2813267577afb906de1d13,local-only/original-project
20260917-开发资料/source/market/dist/tryon/shell/assets/fonts/KaTeX_Caligraphic-Bold-ATXxdsX0.ttf,12368,07d8e303ce4fc12b4bb54f1004170dd190a1f3db45d400fe68060df3e0897268,local-only/original-project
20260917-开发资料/source/market/dist/tryon/shell/assets/fonts/KaTeX_Caligraphic-Bold-BEiXGLvX.woff,7716,1ae6bd7475590e97e7f145a89e09ccde322f7a6bc0b91607b1c8b8ee28290fed,local-only/original-project
20260917-开发资料/source/market/dist/tryon/shell/assets/fonts/KaTeX_Caligraphic-Bold-Dq_IR9rO.woff2,6912,de7701e42cf1f4cf0b766c03fb27977207eee2f4fd5d76fa82188406da43ea4c,local-only/original-project
20260917-开发资料/source/market/dist/tryon/shell/assets/fonts/KaTeX_Caligraphic-Regular-CTRA-rTL.woff,7656,3398dd02302557a793f2863f88e02d96ce10df2abffa07c8e9fa90775116e65c,local-only/original-project
20260917-开发资料/source/market/dist/tryon/shell/assets/fonts/KaTeX_Caligraphic-Regular-Di6jR-x-.woff2,6908,5d53e70ad607c2352162dec9e0923fb54ecdafaccbf604cd8dcf7d00facb989b,local-only/original-project
20260917-开发资料/source/market/dist/tryon/shell/assets/fonts/KaTeX_Caligraphic-Regular-wX97UBjC.ttf,12344,ed0b74372feefcbb9c0666b2e210da37b7e49fa7fbbf3eeb11db5f693dacfbb7,local-only/original-project
20260917-开发资料/source/market/dist/tryon/shell/assets/fonts/KaTeX_Fraktur-Bold-BdnERNNW.ttf,19584,9163df9c7122432e6495b4229fa9071cf9ae86a758ae5efc4924ec2e1a6dbce1,local-only/original-project
20260917-开发资料/source/market/dist/tryon/shell/assets/fonts/KaTeX_Fraktur-Bold-BsDP51OF.woff,13296,9be7ceb88004ab8ad124082246fbfcca4091e36385d4ec6ed1df67375dad50fb,local-only/original-project
20260917-开发资料/source/market/dist/tryon/shell/assets/fonts/KaTeX_Fraktur-Bold-CL6g_b3V.woff2,11348,74444efd593c005e3f4573b44524704c0af0a937fe911cca9e94068d0d140d3f,local-only/original-project
20260917-开发资料/source/market/dist/tryon/shell/assets/fonts/KaTeX_Fraktur-Regular-CB_wures.ttf,19572,1e6f9579e90e2cac37f8f60a597c436e075c114385652b7cbeb0dec0421291b3,local-only/original-project
20260917-开发资料/source/market/dist/tryon/shell/assets/fonts/KaTeX_Fraktur-Regular-CTYiF6lA.woff2,11316,51814d270d06ff0255dba0799994fa4d8c84d11f09951d47595f4abb1f3602dc,local-only/original-project
20260917-开发资料/source/market/dist/tryon/shell/assets/fonts/KaTeX_Fraktur-Regular-Dxdc4cR9.woff,13208,5e28753be717dac97f559f49bc10be9cf3c124ddcabda6659d11cb68febc6463,local-only/original-project
20260917-开发资料/source/market/dist/tryon/shell/assets/fonts/KaTeX_Main-Bold-Cx986IdX.woff2,25324,0f60d1b897938ec918c8ce073092411baf9438f6739465693ff18b0f9d20b021,local-only/original-project
20260917-开发资料/source/market/dist/tryon/shell/assets/fonts/KaTeX_Main-Bold-Jm3AIy58.woff,29912,c76c5d696297d51b9cb1639c7da4334f0e7dec81b42b11213b5e25ef671bb822,local-only/original-project
20260917-开发资料/source/market/dist/tryon/shell/assets/fonts/KaTeX_Main-Bold-waoOVXN0.ttf,51336,138ac28d1663b3037e9c5f52371fa5c63d8324f4a38d22cd573e6ea3a3fd0cf8,local-only/original-project
20260917-开发资料/source/market/dist/tryon/shell/assets/fonts/KaTeX_Main-BoldItalic-DxDJ3AOS.woff2,16780,99cd42a3c072d918f2f44984a807cf7aa16e13545fd0875fc07c6c65f99e715b,local-only/original-project
20260917-开发资料/source/market/dist/tryon/shell/assets/fonts/KaTeX_Main-BoldItalic-DzxPMmG6.ttf,32968,70ee1f64a20f2048c21940ef46d0144fd215baa953ca69afd1e31e98544f708f,local-only/original-project
20260917-开发资料/source/market/dist/tryon/shell/assets/fonts/KaTeX_Main-BoldItalic-SpSLRI95.woff,19412,a6f7ec0d846ac7ad975adb8959c37ed49b94acbc4ae436db9ce9e20287e4a64c,local-only/original-project
20260917-开发资料/source/market/dist/tryon/shell/assets/fonts/KaTeX_Main-Italic-3WenGoN9.ttf,33580,0d85ae7cc30f23790a7f1a58c4a112fdca8aae769b6ba11429af1d98b1b6cb3a,local-only/original-project
20260917-开发资料/source/market/dist/tryon/shell/assets/fonts/KaTeX_Main-Italic-BMLOBm91.woff,19676,f1d6ef86f3b11a528bd5185199bd2443ecb2b0dead96d88674b5a2c12be24bdf,local-only/original-project
20260917-开发资料/source/market/dist/tryon/shell/assets/fonts/KaTeX_Main-Italic-NWA7e6Wa.woff2,16988,97479ca6cce906abc961ecac96faa5f9ca2e61b8e7670d475826bcdee9a7c267,local-only/original-project
20260917-开发资料/source/market/dist/tryon/shell/assets/fonts/KaTeX_Main-Regular-B22Nviop.woff2,26272,c2342cd8b869e01752a9321dc17213fc40d4d04c79688c1d43f2cf316abd7866,local-only/original-project
20260917-开发资料/source/market/dist/tryon/shell/assets/fonts/KaTeX_Main-Regular-Dr94JaBh.woff,30772,c6368d87e8a1a3a5d337623d83d8dc4b868f242a9ad476237d6f8d1e0f168cdc,local-only/original-project
20260917-开发资料/source/market/dist/tryon/shell/assets/fonts/KaTeX_Main-Regular-ypZvNtVU.ttf,53580,d0332f52868370fd83ae7fa46470f90c8f2eab2fcf12bc4f88080b340c95a830,local-only/original-project
20260917-开发资料/source/market/dist/tryon/shell/assets/fonts/KaTeX_Math-BoldItalic-B3XSjfu4.ttf,31196,f9377ab0271cda59af24bcffbd46a4d0c8a3572ffafdbb38de2ad5ea7b0d5ee5,local-only/original-project
20260917-开发资料/source/market/dist/tryon/shell/assets/fonts/KaTeX_Math-BoldItalic-CZnvNsCZ.woff2,16400,dc47344dbb6cb5b655c8460d561f4df5f501b90c804ad3c6cec65fe322351ab1,local-only/original-project
20260917-开发资料/source/market/dist/tryon/shell/assets/fonts/KaTeX_Math-BoldItalic-iY-2wyZ7.woff,18668,850c0af5c2238497febaf5e461d880bf458c341f42f4f330f1b1ab5698b1998e,local-only/original-project
20260917-开发资料/source/market/dist/tryon/shell/assets/fonts/KaTeX_Math-Italic-DA0__PXp.woff,18748,8a8d244581371912b8f3f5a23e2437cb2a59cd9bcaebb0346e722c05737a2571,local-only/original-project
20260917-开发资料/source/market/dist/tryon/shell/assets/fonts/KaTeX_Math-Italic-flOr_0UB.ttf,31308,08ce98e51b04d58945a301e639e02b6998af29fdfd61a7b8afdd07bbfc479d4a,local-only/original-project
20260917-开发资料/source/market/dist/tryon/shell/assets/fonts/KaTeX_Math-Italic-t53AETM-.woff2,16440,7af58c5ec8f132a2ddde9027c6d7814decce4d3b822a11192a42a20e2e973264,local-only/original-project
20260917-开发资料/source/market/dist/tryon/shell/assets/fonts/KaTeX_SansSerif-Bold-CFMepnvq.ttf,24504,1ece03f79f95277d57dc7f6b435a74e1379b0d46104a8530286b60ff49369ea0,local-only/original-project
20260917-开发资料/source/market/dist/tryon/shell/assets/fonts/KaTeX_SansSerif-Bold-D1sUS0GD.woff2,12216,e99ae51144bf1232efcc1bfe5add36262c6866b0faab24fa75740e1b98577a62,local-only/original-project
20260917-开发资料/source/market/dist/tryon/shell/assets/fonts/KaTeX_SansSerif-Bold-DbIhKOiC.woff,14408,ece03cfd83e22c212cdef66feb8442d25a083beb988db3f1883f3f9738d750ba,local-only/original-project
20260917-开发资料/source/market/dist/tryon/shell/assets/fonts/KaTeX_SansSerif-Italic-C3H0VqGB.woff2,12028,00b26ac825e2095056396e0553b8ac26d3f8ad158c3826e28b4c45b385c4714a,local-only/original-project
20260917-开发资料/source/market/dist/tryon/shell/assets/fonts/KaTeX_SansSerif-Italic-DN2j7dab.woff,14112,91ee67500cc0129aa0ace3ac5c61ff1692102f0f31d02b69347fba35dcb75bf2,local-only/original-project
20260917-开发资料/source/market/dist/tryon/shell/assets/fonts/KaTeX_SansSerif-Italic-YYjJ1zSn.ttf,22364,3931dd81faed86ba021bb2bbdc36f5bed9a38d6b4f4077aca59b265aa1b02083,local-only/original-project
20260917-开发资料/source/market/dist/tryon/shell/assets/fonts/KaTeX_SansSerif-Regular-BNo7hRIc.ttf,19436,f36ea897e19f4a2e571d1e900e4e3710e438deb05a842486045ba0a3e616a4ad,local-only/original-project
20260917-开发资料/source/market/dist/tryon/shell/assets/fonts/KaTeX_SansSerif-Regular-CS6fqUqJ.woff,12316,11e4dc8a6471ff6d6ee561d53d10fde8f7489e798257ff449c5d37c197435605,local-only/original-project
20260917-开发资料/source/market/dist/tryon/shell/assets/fonts/KaTeX_SansSerif-Regular-DDBCnlJ7.woff2,10344,68e8c73ef42afd3ccec58bf0fba302cce448938e7fc020a5e31f8a952eee1342,local-only/original-project
20260917-开发资料/source/market/dist/tryon/shell/assets/fonts/KaTeX_Script-Regular-C5JkGWo-.ttf,16648,1c67f068fea8bb09bf099c088b1cf64bd27516a6e07f4684344873564bb66a67,local-only/original-project
20260917-开发资料/source/market/dist/tryon/shell/assets/fonts/KaTeX_Script-Regular-D3wIWfF6.woff2,9644,036d4e95149b69ff9bcc0cd55771efeb25ffa3947293e69acd78d5ac328c684b,local-only/original-project
20260917-开发资料/source/market/dist/tryon/shell/assets/fonts/KaTeX_Script-Regular-D5yQViql.woff,10588,d96cdf2b3bdd4d64a8fd5f74a4c467f123a8a73931cd435889f08ffaf9bf947a,local-only/original-project
20260917-开发资料/source/market/dist/tryon/shell/assets/fonts/KaTeX_Size1-Regular-C195tn64.woff,6496,c943cc986384f59e86bea5fd7dc50a9c4dfe567a7c05eb40d6790720dead97c9,local-only/original-project
20260917-开发资料/source/market/dist/tryon/shell/assets/fonts/KaTeX_Size1-Regular-Dbsnue_I.ttf,12228,95b6d2f1a50173bfedb8c63e1d1c99b10427d0a4df4201cb44513b226951a22b,local-only/original-project
20260917-开发资料/source/market/dist/tryon/shell/assets/fonts/KaTeX_Size1-Regular-mCD8mA8B.woff2,5468,6b47c40166b6dbe21a5dfca7718413f2147fd2399be1ba605d8ad39cedf25dfe,local-only/original-project
20260917-开发资料/source/market/dist/tryon/shell/assets/fonts/KaTeX_Size2-Regular-B7gKUWhC.ttf,11508,a6b2099fb555c60e3a0db3a08842ebf1d732c6eb4e4bf44913613bed4fc4e39b,local-only/original-project
20260917-开发资料/source/market/dist/tryon/shell/assets/fonts/KaTeX_Size2-Regular-Dy4dx90m.woff2,5208,d04c54219f9eaec6d4d4fd42dfb28785975a4794d6b2fc71e566b9cd6db842dd,local-only/original-project
20260917-开发资料/source/market/dist/tryon/shell/assets/fonts/KaTeX_Size2-Regular-oD1tc_U0.woff,6188,2014c523c3210bcc166648c4d4cc57f05b747df07a24277bf71c51e67dc79e3d,local-only/original-project
20260917-开发资料/source/market/dist/tryon/shell/assets/fonts/KaTeX_Size3-Regular-CTq5MqoE.woff,4420,6ab6b62e9b62dae2c00dd90f791bd10950be0ecc3490d7d6045f51c2e8fe0949,local-only/original-project
20260917-开发资料/source/market/dist/tryon/shell/assets/fonts/KaTeX_Size3-Regular-DgpXs0kz.ttf,7588,500e04d54f0d51666332c9d2089aa803be22aa878eca539e59fa53c6e522b082,local-only/original-project
20260917-开发资料/source/market/dist/tryon/shell/assets/fonts/KaTeX_Size4-Regular-BF-4gkZK.woff,5980,99f9c6750b489c9462bf04900bd3f939df9b829339daaaaa99ef5495cdddea58,local-only/original-project
20260917-开发资料/source/market/dist/tryon/shell/assets/fonts/KaTeX_Size4-Regular-Dl5lxZxV.woff2,4928,a4af7d414440a1c1790825cfb700cf9cf43b0f2c4b04f0ebc523011ad9853ec0,local-only/original-project
20260917-开发资料/source/market/dist/tryon/shell/assets/fonts/KaTeX_Size4-Regular-DWFBv043.ttf,10364,c647367d1dd4e162468717d020e1fc0f1dc5c26ebfdffbe55261713bf88c5877,local-only/original-project
20260917-开发资料/source/market/dist/tryon/shell/assets/fonts/KaTeX_Typewriter-Regular-C0xS9mPB.woff,16028,e14fed02b1aba7ce9f5afd5844b5d0321b22351febc720e0de8b8723527609f7,local-only/original-project
20260917-开发资料/source/market/dist/tryon/shell/assets/fonts/KaTeX_Typewriter-Regular-CO6r4hn1.woff2,13568,71d517d67827787cfabdf186914cc3358eda539e37931941f2b2fd4a21f68c0b,local-only/original-project
20260917-开发资料/source/market/dist/tryon/shell/assets/fonts/KaTeX_Typewriter-Regular-D3Ib7_Hf.ttf,27556,f01f3e87d9c6a61c0c081ceb577abd864eb00a612f7ac1620dd6915fad2ef5aa,local-only/original-project
20260917-开发资料/source/market/dist/tryon/shell/assets/index-C6eRlFa6.css,35770,8422b97a5843c0f31bb0e8470febd6adcd5cff78fe4cf22c73b1a29872acced6,local-only/original-project
20260917-开发资料/source/market/dist/tryon/shell/assets/index-ClqxG24t.js,399361,e7e0fe9aa54df4397e42ce3b3231f06c888dca9fef37f171f1748907b5e047e8,local-only/original-project
20260917-开发资料/source/market/dist/tryon/shell/assets/langs/c-BIGW1oBm.js,72152,9c06263922b97a0e5890b832e23d44f3c0da54430ac6f971aa0ede8f4c2b8b66,local-only/original-project
20260917-开发资料/source/market/dist/tryon/shell/assets/langs/cpp-DIPi6g--.js,637594,e8e90a01d5632251be2784ecea9b061cf05f962db1c8684a8bae6480eba88823,local-only/original-project
20260917-开发资料/source/market/dist/tryon/shell/assets/langs/csharp-DSvCPggb.js,90233,8443ef70cc6fec2de601c15c548ab1890e9bbc71a21ba9c216de77481c3cb6d6,local-only/original-project
20260917-开发资料/source/market/dist/tryon/shell/assets/langs/css-CLj8gQPS.js,49082,69ee0204c2c40a92b8368049da700f0d08d40f5274809cfb624fd09e73eb32ee,local-only/original-project
20260917-开发资料/source/market/dist/tryon/shell/assets/langs/go-C27-OAKa.js,46858,a6c3f73f1abb778ef3f5e489db1942542dc88ddac5b111ff55813fa1655dd23c,local-only/original-project
20260917-开发资料/source/market/dist/tryon/shell/assets/langs/html-CfGypltT.js,232159,15ce12410bda36a36fe67290bd2ed65ab32f90c9624554f129632613843e43d0,local-only/original-project
20260917-开发资料/source/market/dist/tryon/shell/assets/langs/ini-BEwlwnbL.js,1566,d72bde3de42bb1ef3268bd65afedecf54747c208ac24335f7c6b4456924091c1,local-only/original-project
20260917-开发资料/source/market/dist/tryon/shell/assets/langs/java-CylS5w8V.js,27261,934a0e63cf4cefb991100f15c42fdc60aaee3c7036a7ba6cb10ce5a6322a7ae9,local-only/original-project
20260917-开发资料/source/market/dist/tryon/shell/assets/langs/kotlin-BdnUsdx6.js,8829,99d81f485d9366a1f3f8c84b0fc5cee69b0d28d6c8f7f1e8dac29e554e80d24f,local-only/original-project
20260917-开发资料/source/market/dist/tryon/shell/assets/langs/less-B1dDrJ26.js,97675,50c4bace8838379b74e0a22dab369c3cb81b57ba1b5b17ea5af8668f8290e8bf,local-only/original-project
20260917-开发资料/source/market/dist/tryon/shell/assets/langs/lua-BaeVxFsk.js,15576,b218901041a92a152f51a7f3f74f26120e931e258abb1c73bcee551721015f67,local-only/original-project
20260917-开发资料/source/market/dist/tryon/shell/assets/langs/markdown-Cvjx9yec.js,59381,d9a83df9f57287a1f3594d5231480ea90a14adf7a8550c7a57930c3cf5b3f47d,local-only/original-project
20260917-开发资料/source/market/dist/tryon/shell/assets/langs/mdx-Cmh6b_Ma.js,136155,8b88c45af52bcc95513e479bfce5b068d91f60a811acf8bb614bbb071d0e1151,local-only/original-project
20260917-开发资料/source/market/dist/tryon/shell/assets/langs/php-DDkx9sim.js,113111,feb3eb88af969fbaf3212d97eb372267f59ed99772d8ca6d6acb4e3f9e76d9c6,local-only/original-project
20260917-开发资料/source/market/dist/tryon/shell/assets/langs/python-B6aJPvgy.js,69996,1c6725168b498ade965cf0d8723c600fc9bf0de74988b6191106b304b571aaae,local-only/original-project
20260917-开发资料/source/market/dist/tryon/shell/assets/langs/ruby-DCxyoPen.js,425791,39ab9af7240010afa36748998c39ff47895c3a905739d75bc0443276d4afb7db,local-only/original-project
20260917-开发资料/source/market/dist/tryon/shell/assets/langs/rust-B1yitclQ.js,15111,c02d27696b07c37fa2cac9de826a967a30401a33959cd891ebbf11d5bf245ce3,local-only/original-project
20260917-开发资料/source/market/dist/tryon/shell/assets/langs/scss-D5BDwBP9.js,27246,d873165bb797f0547966aa681ade9af96c06ec17c2b0c12708303d9ace461753,local-only/original-project
20260917-开发资料/source/market/dist/tryon/shell/assets/langs/sql-CRqJ_cUM.js,23469,60e00dca0f03a580d3717adbb9c730772e750909dc8c78408051091278eda6c0,local-only/original-project
20260917-开发资料/source/market/dist/tryon/shell/assets/langs/swift-D82vCrfD.js,86730,db1c1476b58bc8b4ed86fe585ad9191fcb55b7ad851144e7d60af1836f49c26a,local-only/original-project
20260917-开发资料/source/market/dist/tryon/shell/assets/langs/toml-vGWfd6FD.js,6468,aeb916b96e9eb064aa87c8f765abfded0ab0d53aefa3aa9b90cc1af4d1ad75d2,local-only/original-project
20260917-开发资料/source/market/dist/tryon/shell/assets/langs/xml-sdJ4AIDG.js,5425,d41d94621a62727ad56943d2d7e04e820c2642c3a9c246eb10e7d6e6e89d1fed,local-only/original-project
20260917-开发资料/source/market/dist/tryon/shell/assets/langs/yaml-Buea-lGh.js,10548,8aad9cddbe3602b06b194e66d021aa63d715df01cf94e8ffcac810e48f0529e3,local-only/original-project
20260917-开发资料/source/market/dist/tryon/shell/assets/vendor-CjyC-hUb.css,29288,9860041e810431da5a6b83e63f883ab8ff4fc49b4af3fc76681b46f778783a9f,local-only/original-project
20260917-开发资料/source/market/dist/tryon/shell/assets/vendor-D22_Mp1f.js,744872,a999d26735448a40f2a8a21bf9cf9748b7815634fae4c5ca51d929843da9a907,local-only/original-project
20260917-开发资料/source/market/dist/tryon/shell/favicon.svg,3721,c61a62a9d47d8660f9cfe08aac6775ff0476f7d6c5053f7659c1f8493fd6d814,local-only/original-project
20260917-开发资料/source/market/dist/tryon/shell/index.html,673,f64ff1fca53360a2ae76819ed23c64ddb5b92ae8bf43b2323c8139416efcf065,local-only/original-project
20260917-开发资料/source/market/dist/tryon/shell/manifest.webmanifest,267,9b54d57eea00f2fdd1affe6e7999a4209a515755f12ac1a3299da2d55e178d4c,local-only/original-project
20260917-开发资料/source/market/dist/tryon/sw.js,5345,c5e3d19c0e5cb6f68abb0144d0e1fdd735b1230eebf867ad62a3a022b0d5fbb5,local-only/original-project
20260917-开发资料/source/market/dist/tryon/v86/COPYING.LESSER,7639,a853c2ffec17057872340eee242ae4d96cbf2b520ae27d903e1b2fef1a5f9d1c,local-only/original-project
20260917-开发资料/source/market/dist/tryon/v86/README.md,1741,d5db7fc9077f37ed555ca40a5333ef2cdb9ce9442ca676c8f95af1d4eeb09455,local-only/original-project
20260917-开发资料/source/market/dist/tryon/v86/seabios.bin,131072,73e3f359102e3a9982c35fce98eb7cd08f18303ac7f1ba6ebfbe6cdc1c244d98,local-only/original-project
20260917-开发资料/source/market/dist/tryon/v86/v86-fallback.wasm,2125595,0781163ce2153a945701c3392408994712cd22086e6ecbb63c8b01b544109abd,local-only/original-project
20260917-开发资料/source/market/dist/tryon/v86/v86.wasm,2096474,8a969d64cf8f64b8183fdcc3a2ccdb31ae5ae6db7c9fba49949106f574640a7b,local-only/original-project
20260917-开发资料/source/market/dist/tryon/v86/vgabios.bin,36352,a4bc0d80cc3ca028c73dafa8fee396b8d054ce87ebd8abfbd31b06b437607880,local-only/original-project
20260917-开发资料/source/market/dist/tryon-assets/skins/abyssal-serenade/skin.css,19836,90395a395cfe795b10de27e3e5ebe9700c1b4ad234d4575d48e45df59eb7b31a,local-only/original-project
20260917-开发资料/source/market/dist/tryon-assets/skins/astral-choir/patches.css,18031,078510326f5bec9e50d86d9143fd42f0436d88b45c7a23797b5ec9e14cad5761,local-only/original-project
20260917-开发资料/source/market/dist/tryon-assets/skins/astral-choir/skin.css,21927,f6e1455c1e275842700017074c601b89d118653368605bd80b29f5053afc7eb9,local-only/original-project
20260917-开发资料/source/market/dist/tryon-assets/skins/black-gold/patches.css,21623,384d76be0bfd6e4c1bfd8ac20ffd933de7131fe4682085091c05f5c9bb899740,local-only/original-project
20260917-开发资料/source/market/dist/tryon-assets/skins/black-gold/skin.css,17319,82f0f3eee1a810bd693c1a5426ab139b6a994f76a363024ac865a0b639dc4914,local-only/original-project
20260917-开发资料/source/market/dist/tryon-assets/skins/blue-fantasy/patches.css,32608,3f56a91c4ac766cf1b91d42c2358ad26027a6be6280b4265a2bd37245e8cd7db,local-only/original-project
20260917-开发资料/source/market/dist/tryon-assets/skins/blue-fantasy/skin.css,21777,d9b9ea5ff3955d8378966da7919e4982dd30f428f8b9624dbbd2aeaed26b8816,local-only/original-project
20260917-开发资料/source/market/dist/tryon-assets/skins/blue-throated-bee-eater/skin.css,16777,417341ad0e37d5eb0a8e5ee726ac3008cca883f5df1ef10faabd82866c40b7c1,local-only/original-project
20260917-开发资料/source/market/dist/tryon-assets/skins/blueprint/patches.css,16537,3253fede50e1085193eaa4903061405fc9116a3324be100951311c2c105e3437,local-only/original-project
20260917-开发资料/source/market/dist/tryon-assets/skins/blueprint/skin.css,17703,f68fc18ea941ac35ab35131e9895af62b5a8b874a8cf33a9caf7c5f965b985bb,local-only/original-project
20260917-开发资料/source/market/dist/tryon-assets/skins/cafe-roastery/patches.css,9595,312d1b308c675aac12cd2bbe254fafc7f48de5dbbd3961e702be6a49d1342383,local-only/original-project
20260917-开发资料/source/market/dist/tryon-assets/skins/cafe-roastery/skin.css,19222,0fc9df365c23883e823341fb43679eafeceb584aec7b6afc0fa903f866c569b4,local-only/original-project
20260917-开发资料/source/market/dist/tryon-assets/skins/catppuccin/patches.css,2265,507123bab995cecaed599549ba4f2e4b6dab3c60edb9f0b78acd2d6fa27e6e0d,local-only/original-project
20260917-开发资料/source/market/dist/tryon-assets/skins/catppuccin/skin.css,22336,d8378d181d85d557981c3286aa46ed793889f671f3ab97a6ffc5a9061cd38aac,local-only/original-project
20260917-开发资料/source/market/dist/tryon-assets/skins/cyber-night/patches.css,13006,c5b9207c14030b07267a8362cd0d05fd8a0c72a447675071ad153d84c99f664d,local-only/original-project
20260917-开发资料/source/market/dist/tryon-assets/skins/cyber-night/skin.css,30041,656993b0e98df4cd86a124f5172f035ca7d99ba74268b3197ca29a752ece426f,local-only/original-project
20260917-开发资料/source/market/dist/tryon-assets/skins/deep-current/patches.css,11570,4a2e3746463515525ffd04c5bc97dd911072748427f4fd66f7c48eed9db7a180,local-only/original-project
20260917-开发资料/source/market/dist/tryon-assets/skins/deep-current/skin.css,18905,24dd6cb7fe3327ce7af2dfefc41b446becaa1c3cea5504a67db5fd2a7c03fc26,local-only/original-project
20260917-开发资料/source/market/dist/tryon-assets/skins/dragon-heir/patches.css,10824,82a2507b5f144d084cbe62366ed45e7cdba53bcc9593ef658736be48d55fcbd1,local-only/original-project
20260917-开发资料/source/market/dist/tryon-assets/skins/dragon-heir/skin.css,21508,08306ccea9dfdc7ba33282fdf5d15c5cdea6bcf7e62f27fd087d893be439af95,local-only/original-project
20260917-开发资料/source/market/dist/tryon-assets/skins/ember-fall/patches.css,18030,3d9080906c765232ba1e0552ea44c4c265cfa0c3f670127c63992060d69a8e98,local-only/original-project
20260917-开发资料/source/market/dist/tryon-assets/skins/ember-fall/skin.css,21896,4c97969942da7a5f484402a912cfe6e563944ad71dfe92e3df874f53b49d5ca5,local-only/original-project
20260917-开发资料/source/market/dist/tryon-assets/skins/furina/patches.css,10300,048c90f8f5897302ca99ba231279dc09167a9c22933c7455532d4460ecf57a11,local-only/original-project
20260917-开发资料/source/market/dist/tryon-assets/skins/furina/skin.css,21007,e8efa62ad43d3fa2f4ca4dd4bbebb76ba2961e712317c81bb105f7911048f052,local-only/original-project
20260917-开发资料/source/market/dist/tryon-assets/skins/future-window/patches.css,8175,0ee5aa6c7261cf62757bd83c0b69b6e41228ede81e5f56ba71e343ab820dafd5,local-only/original-project
20260917-开发资料/source/market/dist/tryon-assets/skins/future-window/skin.css,6965,4775077d527caf25f7d9d6d541b439dad493dc298deb39c87fa86e491d276be3,local-only/original-project
20260917-开发资料/source/market/dist/tryon-assets/skins/harbor/patches.css,233,a0e9fd943ae75fcea06dce85ceed4288a0338f2c408e58fbd40731fc02c8ff5f,local-only/original-project
20260917-开发资料/source/market/dist/tryon-assets/skins/harbor/skin.css,11349,530568fdff6440e4639a854a4e96654027f6f53c10498ad60e2c9bb3c33960f9,local-only/original-project
20260917-开发资料/source/market/dist/tryon-assets/skins/hive-maw/patches.css,19318,9d3beef80309a6b2d6ebf5caed660fd7fb3c1d6b6f71989dbd8dbfb6e841f017,local-only/original-project
20260917-开发资料/source/market/dist/tryon-assets/skins/hive-maw/skin.css,21864,245e0414012116a0a03392f30a25759d448e9ea7541a4414fe84033be17565a4,local-only/original-project
20260917-开发资料/source/market/dist/tryon-assets/skins/hologram-sanctum/skin.css,19834,2daf4ec6d0dd3458604f8ade89c86f290400aec8f1a9e4193bc765aa4bce8a8a,local-only/original-project
20260917-开发资料/source/market/dist/tryon-assets/skins/ice-princess/patches.css,37553,2e4d65478a6e08188f10afb58edbbb418ed7ba81d918305d22173fce2e2910f5,local-only/original-project
20260917-开发资料/source/market/dist/tryon-assets/skins/ice-princess/skin.css,22048,3816abee82892ee98e37dd1165f895fdd11b53b4adbd3d5b289b23236246e5d0,local-only/original-project
20260917-开发资料/source/market/dist/tryon-assets/skins/maid-atelier/patches.css,89564,948504c71df10df57b17d36e597d56e0640789483947902f4e533dfd4d668013,local-only/original-project
20260917-开发资料/source/market/dist/tryon-assets/skins/maid-atelier/skin.css,8133,11372f3649f98e8065f97baff8a2170e22e5e01f100d18ad77e91e58199808da,local-only/original-project
20260917-开发资料/source/market/dist/tryon-assets/skins/matrix/patches.css,5804,28cf035874a0bf02f03357194eebc463b84ce3801d185d32e98c45311c40476d,local-only/original-project
20260917-开发资料/source/market/dist/tryon-assets/skins/matrix/skin.css,13150,ca818d40a88b12f58b931238ee390c0d7188270e28735f55b503813985a3235f,local-only/original-project
20260917-开发资料/source/market/dist/tryon-assets/skins/miku/patches.css,76591,7b77fcfb7cc02137783301b1ceb6abdf04c260d699ebea2c2cd171d81d98654a,local-only/original-project
20260917-开发资料/source/market/dist/tryon-assets/skins/miku/skin.css,23840,7875e110968089a9292c4680b0dfee04693db732258570a6ea9bd9be5ad843ee,local-only/original-project
20260917-开发资料/source/market/dist/tryon-assets/skins/minecraft/patches.css,20665,f2b60efbf63cd1c298f8257c673d13511f7d5933b7980113529c34423454ae13,local-only/original-project
20260917-开发资料/source/market/dist/tryon-assets/skins/minecraft/skin.css,13510,98a59cbfc97f88f110a2ef659f70040aca1dab493440635e1ccbfbb5a693cf37,local-only/original-project
20260917-开发资料/source/market/dist/tryon-assets/skins/mint/skin.css,7245,a826e776080a948c6b270921c1655333e86afb961ce33ee34d3c20e928ee5578,local-only/original-project
20260917-开发资料/source/market/dist/tryon-assets/skins/observatory/patches.css,30270,fecff1fe63636e90b91c8a111c219742addcdb9408241df6bb63542fd67b3648,local-only/original-project
20260917-开发资料/source/market/dist/tryon-assets/skins/observatory/skin.css,21765,b865fe7456743a84ad9675896c2f22bf367e0aa41cc27ed8863e8ca2afbdca05,local-only/original-project
20260917-开发资料/source/market/dist/tryon-assets/skins/orca-link/patches.css,88292,d3b43f7fd9ae0cf0604c2036e072baf1c2b42a72458fc4b5d41c808b05e6e4c1,local-only/original-project
20260917-开发资料/source/market/dist/tryon-assets/skins/orca-link/skin.css,11015,3bab9ac674c5275f38d5c461b69fcda2aacf8fff99e2c8372bebdf762d94d958,local-only/original-project
20260917-开发资料/source/market/dist/tryon-assets/skins/phoebe-atelier/skin.css,165647,c10ee9230fd77f29cb8538b635b656ac5c4af3ca593959c5167a465add48bcdf,local-only/original-project
20260917-开发资料/source/market/dist/tryon-assets/skins/pink-sakura/skin.css,16380,baf26b8627dec1690a517d4c5fdc50da7a09d82c8be1ccabfc9b3e1de9c0af3c,local-only/original-project
20260917-开发资料/source/market/dist/tryon-assets/skins/starry-nocturne/skin.css,19796,b06148a3cb2425b524b85f11c0ddfbd95c8c7d83134e3dde92850bd5a4902a50,local-only/original-project
20260917-开发资料/source/market/dist/tryon-assets/skins/stellar-diva/skin.css,19761,5e73a6d01da17e132352663074d724a1e5bc28e58dda99760b82d03ea87f1784,local-only/original-project
20260917-开发资料/source/market/dist/tryon-assets/skins/summer-liquid-glass/patches.css,5276,93670dba64b3674653bb6a965c672786f95653183e34a102ea66618b36e5b740,local-only/original-project
20260917-开发资料/source/market/dist/tryon-assets/skins/summer-liquid-glass/skin.css,23870,1aca120ef9c415ac0dd55affeaa900bbc259724e150e2012f6a421f8eeb444d8,local-only/original-project
20260917-开发资料/source/market/dist/tryon-assets/skins/tokyo-night/patches.css,2477,9d8f754c2d10be3594e67f9d71d6004d1551c747de80e9744431956e66444726,local-only/original-project
20260917-开发资料/source/market/dist/tryon-assets/skins/tokyo-night/skin.css,30751,12665655206cb671df47c45b9b08d0b0cc1e65cf48f6b0ed70c6b55c8d70a24a,local-only/original-project
20260917-开发资料/source/market/dist/tryon-assets/skins/trading/patches.css,7522,efdd22de47a5fec228bb9fe99774800e808efe8226c1c2a7d4276525c300c81f,local-only/original-project
20260917-开发资料/source/market/dist/tryon-assets/skins/trading/skin.css,16086,4eac117c91dce587fb864ffb122d4945e23cdbc88db2966116d792a2573ac297,local-only/original-project
20260917-开发资料/source/market/dist/tryon-assets/skins/wallpaper-exclusive/patches.css,41561,59461dd2242c718306e07694c68b05fcb2f9246fe11a1e8a910c8d89e1a09b05,local-only/original-project
20260917-开发资料/source/market/dist/tryon-assets/skins/wallpaper-exclusive/skin.css,10796,ec4f9cc0c84aeb44d178814681300ef3348c15d78c1c2e8022094d8048494549,local-only/original-project
20260917-开发资料/source/market/dist/tryon-assets/skins/war-thunder/patches.css,14537,500e1a66a8df374e56022142ce017d22f953c34c8cb34253510ce3c93d8678bc,local-only/original-project
20260917-开发资料/source/market/dist/tryon-assets/skins/war-thunder/skin.css,28567,9308b587dda7f99a57630953e727e9f991481707ec7a3e2fef714383b5321ab4,local-only/original-project
20260917-开发资料/source/market/dist/tryon-assets/skins/whale-mom/patches.css,3875,65fa3dde8d7a10cbe640dc442c8f61966affa5321ef733faf23ee6f6dfa0bf14,local-only/original-project
20260917-开发资料/source/market/dist/tryon-assets/skins/whale-mom/skin.css,27331,26e5ff3460b11aee8d7418b9599a7944429552d7a5be25a35b7940542a4ad6a4,local-only/original-project
20260917-开发资料/source/market/dist/tryon-assets/skins/whale-song/patches.css,10530,12ed3a7f80c992ce103a8736dac040cb1542fe1a234310f4d2608435631269cd,local-only/original-project
20260917-开发资料/source/market/dist/tryon-assets/skins/whale-song/skin.css,21121,8fb055219680489cfe1bbe98fa095539519772f0edfa18f1aa61c60da90b1015,local-only/original-project
20260917-开发资料/source/market/dist/tryon-assets/skins/whalechan-harness/patches.css,40384,d7d712e2d93102e55047c22006c184ab38971721d3fc7294763cfa99c353c401,local-only/original-project
20260917-开发资料/source/market/dist/tryon-assets/skins/whalechan-harness/skin.css,8095,23324a0dcabd7f3ac485a32300e2a2be5b603fe4688fa1d74fa88a6176e445ba,local-only/original-project
20260917-开发资料/source/market/dist/tryon-assets/skins/xp/patches.css,30471,86418b008fba347198686e00ff4b67d8370bbf747e92ca746236db22d87c4485,local-only/original-project
20260917-开发资料/source/market/dist/tryon-assets/skins/xp/skin.css,18350,e99aafe6b99f134793e623d709ca68fa2fbd05972c52d4e239e830a200b69e9b,local-only/original-project
20260917-开发资料/source/market/shell/.github/workflows/ci.yml,4925,74b4a686dc258b010c2ecf0e3280b7f022324f9f4fed9bc67c8edf15d97207c9,local-only/original-project
20260917-开发资料/source/market/shell/.github/workflows/pages.yml,2883,48191269b57e5cac8cb260047b69bcbb734cbc9a794227336b4f01eeab9b7923,local-only/original-project
20260917-开发资料/source/market/shell/.gitignore,312,816a65b87651035d2723acb7fe664da97098ad2fafe58a4c97a32b56f93d1f32,local-only/original-project
20260917-开发资料/source/market/shell/AGENTS.md,397,30319fbbb83d3330363da9bbb760f835f87ee55d8339340967cb0d39d224cdae,local-only/original-project
20260917-开发资料/source/market/shell/CLAUDE.md,10,918b1c90559355ef78f33fdf3562f2b021ef8bdfd8a5c8415e5decd44934de55,local-only/original-project
20260917-开发资料/source/market/shell/docs/local-changes.md,3597,7a46807310cb166f519f5b67ff053c55e81295f1b0545f259a342530fed7e6a2,local-only/original-project
20260917-开发资料/source/market/shell/docs/plugin-compatibility.md,5343,4cc792db3326b4b5658cc22abfb79ce034299f9d853a3222e0d5a37f906853b4,local-only/original-project
20260917-开发资料/source/market/shell/index.html,10391,0a12380fc5bd2780f2b4ef149e58166ceae06ea0ec45ddc2867f0d6af9ae1478,local-only/original-project
20260917-开发资料/source/market/shell/LICENSE,11343,3c214236b92332072d08073ef2d78355af7e93c4504881e1d8e41fd4697ef0f9,local-only/original-project
20260917-开发资料/source/market/shell/package-lock.json,467905,52cf661fe758800c8e268a9efcfe542107a2f590c9a64ab506924007608bcc79,local-only/original-project
20260917-开发资料/source/market/shell/package.json,11997,fa9f7eed449da6d818852279e0be0d4665d8d199d9d9349beeae6bc2da615590,local-only/original-project
20260917-开发资料/source/market/shell/packages/dsh-web-files/cordis.patch.yml,611,4b671a2649fa9409f710f7ff743b6bf6f5df5a01ee03d25bcf49cebaca9666e0,local-only/original-project
20260917-开发资料/source/market/shell/packages/dsh-web-files/package.json,586,322a30a6af08d3beb305c5de955d04e394bd6b8d30ba263283ea7a934448b0d7,local-only/original-project
20260917-开发资料/source/market/shell/packages/dsh-web-files/src/client.tsx,25686,414f805a396d6e0f40f810e4326ba962101c45519f9e096d82d39b1c829329ad,local-only/original-project
20260917-开发资料/source/market/shell/packages/dsh-web-files/src/index.ts,1823,82aa5ef0240ee26dba35c413b0b3c4ac91eaeffc65c9a424ea68c0a4d09419fb,local-only/original-project
20260917-开发资料/source/market/shell/packages/dsh-web-network/cordis.patch.yml,791,4e1fd0f76a34d0f3f79c2fde58846a536dfe256d8919f3f93c82d14243ffa287,local-only/original-project
20260917-开发资料/source/market/shell/packages/dsh-web-network/package.json,592,6b7f553282828ab8ac30dd3045f972a919dd5ff6a2a43f53000f6dfc86c11f06,local-only/original-project
20260917-开发资料/source/market/shell/packages/dsh-web-network/src/client.tsx,11883,6d744ff334b12ad0029fa860eaad0ea7bf1eedeab9f5952c55530f8b833e38d5,local-only/original-project
20260917-开发资料/source/market/shell/packages/dsh-web-network/src/index.ts,806,b7eaa16567b547cb472f3fd80595a86070919e58e22cae838b092aefd14f1c24,local-only/original-project
20260917-开发资料/source/market/shell/packages/dsh-web-plugins/cordis.patch.yml,500,d75e5456e88b6abcdf7602d88c13157ccbe844e23c4c77f315fca0c546940a5d,local-only/original-project
20260917-开发资料/source/market/shell/packages/dsh-web-plugins/package.json,569,6d9dc979240c15ff9eef89b22f80011e08f31681cb974c59f0ee5a626aef391f,local-only/original-project
20260917-开发资料/source/market/shell/packages/dsh-web-plugins/src/client.tsx,13392,e307f7b86e4060e6e48a31ebe1cf5d6699999b6e45df2db92eb00aa4535bb2ff,local-only/original-project
20260917-开发资料/source/market/shell/packages/dsh-web-plugins/src/index.ts,5105,b8ece04f01c63a72f0953b9418f20dc11d669fab049074c96ccc5992531c0adb,local-only/original-project
20260917-开发资料/source/market/shell/packages/dsh-web-runtime/cordis.patch.yml,682,a68c04fb893f5ca3b6384ddf2ace579107fbd713ece35885e6d86d3931fd0d6b,local-only/original-project
20260917-开发资料/source/market/shell/packages/dsh-web-runtime/package.json,606,b116626554eda056427f38e5d2b71b647885184a5afca0bb384ffe7f69ed0f31,local-only/original-project
20260917-开发资料/source/market/shell/packages/dsh-web-runtime/src/client.tsx,23988,c1e46af4e0611859f2700375ead563ffe8ee4a76474aecb345bfbba640b5ae11,local-only/original-project
20260917-开发资料/source/market/shell/packages/dsh-web-runtime/src/index.ts,1806,c4a2adaa95aa0436dc216c816c4844ec54f5373413df6249e07cc6ce989dc686,local-only/original-project
20260917-开发资料/source/market/shell/packages/dsh-web-star/cordis.patch.yml,716,8068a4bf9c60dc8a85d64c1847b156ba22df28f6c52c9deb70c1058612fce0dc,local-only/original-project
20260917-开发资料/source/market/shell/packages/dsh-web-star/package.json,535,b96877ca01872b297a2319dd03e87664897b71e93c02f52d374911d655ec2a24,local-only/original-project
20260917-开发资料/source/market/shell/packages/dsh-web-star/src/client.tsx,7338,c32f07b656abf86488061aed1c88d51feb0a352924fc0a0ddd3b7bad7561147d,local-only/original-project
20260917-开发资料/source/market/shell/packages/dsh-web-star/src/index.ts,620,0b45adfce27280dd6f0528adc021a7f0dfbe8f17fd191a018cccc6192c6bdf75,local-only/original-project
20260917-开发资料/source/market/shell/packages/dsh-web-terminal/cordis.patch.yml,563,7e4921fd9c61e20ce472ad5825a2cd3ea17fbeff0beeeb7b3bf1daa1d1d3caf9,local-only/original-project
20260917-开发资料/source/market/shell/packages/dsh-web-terminal/package.json,560,7e156a2c598d5ecf1be487dd119eca1559b80e674040b24e521ff1a74b415386,local-only/original-project
20260917-开发资料/source/market/shell/packages/dsh-web-terminal/src/client.tsx,14354,fd6707126ca30b180ddb3f6f7f7c9f8fb339dbbaa50260de66c88ff2b8eddb3a,local-only/original-project
20260917-开发资料/source/market/shell/packages/dsh-web-terminal/src/index.ts,3434,30462f53f24edb15ccaa8cd90cbad6719acda5b2380b4650e46633e2c7d470c0,local-only/original-project
20260917-开发资料/source/market/shell/packages/dsh-web-tryon/cordis.patch.yml,645,dc7a3e5197e15ac846f87bff23fb45d7d29a267580a53c4ab076b06673a35ad3,local-only/original-project
20260917-开发资料/source/market/shell/packages/dsh-web-tryon/package.json,608,00438af9fedca4f47d6843fbffa0a2623cecea4a1ba65d3a8e8dfc629cf8199f,local-only/original-project
20260917-开发资料/source/market/shell/packages/dsh-web-tryon/src/client.tsx,9749,72800cbe5f83cb89e9430dbec1d3d98ef44b9a1bb4e2e95e8c80fd35082f290b,local-only/original-project
20260917-开发资料/source/market/shell/packages/dsh-web-tryon/src/index.ts,11730,b12a1e6e7cd17cbcb5f86be247dd030b4d016e35b340d07b6111c0c59ce1c3be,local-only/original-project
20260917-开发资料/source/market/shell/public/sw.js,5345,c5e3d19c0e5cb6f68abb0144d0e1fdd735b1230eebf867ad62a3a022b0d5fbb5,local-only/original-project
20260917-开发资料/source/market/shell/public/v86/COPYING.LESSER,7639,a853c2ffec17057872340eee242ae4d96cbf2b520ae27d903e1b2fef1a5f9d1c,local-only/original-project
20260917-开发资料/source/market/shell/public/v86/README.md,1741,d5db7fc9077f37ed555ca40a5333ef2cdb9ce9442ca676c8f95af1d4eeb09455,local-only/original-project
20260917-开发资料/source/market/shell/public/v86/seabios.bin,131072,73e3f359102e3a9982c35fce98eb7cd08f18303ac7f1ba6ebfbe6cdc1c244d98,local-only/original-project
20260917-开发资料/source/market/shell/public/v86/vgabios.bin,36352,a4bc0d80cc3ca028c73dafa8fee396b8d054ce87ebd8abfbd31b06b437607880,local-only/original-project
20260917-开发资料/source/market/shell/README-dsh-market.md,1289,9a51389854f764b6b6165bf97504de3fd2cc6a6caa372213e624335405e05048,local-only/original-project
20260917-开发资料/source/market/shell/README.md,7706,fefd419dd29f2f8bcda11a3ba2c468587dc28c638ab4eb68baad85ecf3275b6c,local-only/original-project
20260917-开发资料/source/market/shell/scripts/alignment.ts,6829,f343c3ac2c86d0f0d140abe692170a5e2fc5aaead479544ee6eeae262df0e19d,local-only/original-project
20260917-开发资料/source/market/shell/scripts/assemble.ts,35858,7038d32af9910a458ed081eea2cab08f34ed0463cca455dd6f953a522ff66c35,local-only/original-project
20260917-开发资料/source/market/shell/scripts/build-container-python.mjs,1615,4c54fac8944d4c0b4f99cf4dd264d5378732d2a11811dc76835cfed98bb8dc36,local-only/original-project
20260917-开发资料/source/market/shell/scripts/build-container-shell.mjs,2898,2988a81329dcf42532c52f7b471a6fdb037e62876ac5dfab2150a3717dc1dce3,local-only/original-project
20260917-开发资料/source/market/shell/scripts/build-plugins.mjs,3794,2c7745219bb2da0806e8aec004df602734859e34a3adf5d6e5525529b2b9c1a5,local-only/original-project
20260917-开发资料/source/market/shell/scripts/build-v86.mjs,1897,446c83917cecaaac4db7cf47c1e81d93bdb16fb5d8d9fd0f3f1d56fafae3c05a,local-only/original-project
20260917-开发资料/source/market/shell/scripts/dsh-window.d.ts,1086,be59979a2b1a44dc1291fe5e1bc01f79ca3b10f91aa7b93fe1eed372e78124c9,local-only/original-project
20260917-开发资料/source/market/shell/scripts/e2e.ts,49488,56fc397285ce87dbeadb221b85b80ed928809f73c3c655ea7c3bc253cb3091bf,local-only/original-project
20260917-开发资料/source/market/shell/scripts/fallback-e2e.ts,6793,6b16aa6c63e93d03b25fcfe775f8057ded2a1f425b28716fe05e0cd3afb8a048,local-only/original-project
20260917-开发资料/source/market/shell/scripts/files-e2e.ts,29557,3b308904ac4e61b9f279624a13fca6d29d9d8215a54801508a22a53e1e61b14b,local-only/original-project
20260917-开发资料/source/market/shell/scripts/free-routes.json,6381,1d0629ebed5ab19d0b4a6f98a130f210487ca2e9a7ee75d9717fd23abdfb9e40,local-only/original-project
20260917-开发资料/source/market/shell/scripts/free-routes.ts,12258,e6cf3fa3926693f49897b58432e8582b4813e4c64706096a89102d72541f5e4a,local-only/original-project
20260917-开发资料/source/market/shell/scripts/http-shim-test.ts,10904,572c3b43fb472ec2de8218dee3986bf15e32c872d551d09c69b102b7d21d57b6,local-only/original-project
20260917-开发资料/source/market/shell/scripts/ios-e2e.ts,21318,7f2456cd57d20380017e51c4f82309f3d2ec666a5954b1b03b9eca76280ef7b9,local-only/original-project
20260917-开发资料/source/market/shell/scripts/plugin-e2e.ts,16388,72b1b4bb039bfc61440d9f8a931b1c11a0816af4fc18171b300029dd688fd9b0,local-only/original-project
20260917-开发资料/source/market/shell/scripts/probe.ts,3700,942f9e127b8840684c17829857f26fccd4fdf5f59ad0fa3841152b3f2d6d23f3,local-only/original-project
20260917-开发资料/source/market/shell/scripts/python-e2e.ts,28762,bd208e736439ecb693b57d09310b425c3c0bfac5e608dc2ac881085559d15bdf,local-only/original-project
20260917-开发资料/source/market/shell/scripts/refresh-free-routes.ts,8241,f07140b9d5b645d3c681cbfd1baf0017209a9e9d91ee16c41592d234469c32a1,local-only/original-project
20260917-开发资料/source/market/shell/scripts/runtime-e2e.ts,13441,30afe032effc06e4d82368b175f181fba588876c09a0b3acb517bd1417565617,local-only/original-project
20260917-开发资料/source/market/shell/scripts/serve-subpath.mjs,2252,a4681e4dffd7eefa29b53ec577664803ca040bcd03deda97ec640fb757ce2704,local-only/original-project
20260917-开发资料/source/market/shell/scripts/serve.mjs,4668,b6bfa6381604dc8f79280aa49b67dcb2ee49a19b05edbfbab91063cf2e5ced35,local-only/original-project
20260917-开发资料/source/market/shell/scripts/shell-diff.mjs,28176,efe22b85edbc04bc3d4fc1abb457c80f3902c7802bc818a27e8d4e3ca44bdc60,local-only/original-project
20260917-开发资料/source/market/shell/scripts/task-e2e.ts,5811,7eb76898925938f5fa774e0757c4d23c153c003e4e0a475d564606d901f4e6d3,local-only/original-project
20260917-开发资料/source/market/shell/scripts/ui-e2e.ts,11282,e744ca492d65e4c34710542a3fbee14bfd79926059721f34b62281fd39629c27,local-only/original-project
20260917-开发资料/source/market/shell/scripts/v86-e2e.ts,41277,e631d4dd69ae218e9560fbfd080c8d2f884ff3ba1f87e6e06756886a988e2b1c,local-only/original-project
20260917-开发资料/source/market/shell/scripts/webkit-native-source.ts,1823,408f0edec69eecaabb76cc9f3c562f9d096cc6fad8b8a7d7d272d6e264d26a63,local-only/original-project
20260917-开发资料/source/market/shell/src/api.ts,8495,f6b2e6e1d6deeb191583c0aaa6484123b35005569e55d4d5cf76bc4c64a712b0,local-only/original-project
20260917-开发资料/source/market/shell/src/boot-screen.ts,6223,24711f5cc21c98946fe3c686debe2a8fad9d7121647f24fdde41a1b025a19350,local-only/original-project
20260917-开发资料/source/market/shell/src/host/boot.ts,11709,34e9052e12f090056e51506db08e032315c7aca95e9b031f7d91b52d423172d9,local-only/original-project
20260917-开发资料/source/market/shell/src/host/bridges.ts,21604,63d44df446c8a04fd186a5adfd071988791a054d91e3194ab9557b7db83c4c8d,local-only/original-project
20260917-开发资料/source/market/shell/src/host/browser.patch.yml,7830,27cf311eb7ff5492fc6eeffcd18c4aa9f3c6356eea6f436fc4540d6ddd86921c,local-only/original-project
20260917-开发资料/source/market/shell/src/host/client-modules-browser.ts,8823,dc65171df550253a544480c0512cceca12d1e2e65466a45766a9f25b737387aa,local-only/original-project
20260917-开发资料/source/market/shell/src/host/jsh-tool.ts,23234,d0961911531bb663ffcde81f049b57af7877f1581d54203070de8f38225e45b0,local-only/original-project
20260917-开发资料/source/market/shell/src/host/machine-tools.ts,2582,fa657646e647405b48edb311ad517cbf5be1d00fee7c4d7d785848b2a747b74b,local-only/original-project
20260917-开发资料/source/market/shell/src/host/module-system.ts,11141,8e3a3402d082257322a9317d910f7b04b770eb662e93ccf149b192f9ad70f319,local-only/original-project
20260917-开发资料/source/market/shell/src/host/plugins.ts,9766,18a062a896627369b6f0def46ef50171e229d77ce0a7efb1c3adbbfeed4418db,local-only/original-project
20260917-开发资料/source/market/shell/src/host/seed.ts,7493,33409469f855a03f6258b18088b1ae4ee3abbdf2bb87a23a6073beda7b6db61d,local-only/original-project
20260917-开发资料/source/market/shell/src/host/typert-loader-browser.ts,3966,76b4a04bdab5681f53e266fa648ef08adefc8884919decd576fb59fc59bc7e6b,local-only/original-project
20260917-开发资料/source/market/shell/src/host/vm-tools.ts,40505,dc8100a0f2e44e6d4baef75c30b3e39b8c6badc9ca00f0f0853f7a2621a69466,local-only/original-project
20260917-开发资料/source/market/shell/src/main.ts,11120,af7c15d1235b593d3627fc024e032997676deeecc5ceeaf0e01adcbbccea7f44,local-only/original-project
20260917-开发资料/source/market/shell/src/net/cors-proxy.ts,15410,fc5d0af557f86a25e21fbbdc24b25539df0c00294484d3d5b8a1ad1551cdbeb6,local-only/original-project
20260917-开发资料/source/market/shell/src/net/request-host.ts,4509,44a9343856213a85e9011f830dc069212b574785f5890502c21432600baac742,local-only/original-project
20260917-开发资料/source/market/shell/src/net/service-worker.ts,6821,f6834a4ff08444686b2150bdaa88ad477e252956e58e7a36af035e08c585de9c,local-only/original-project
20260917-开发资料/source/market/shell/src/net/virtual-network.ts,8660,16d839585484133937ea101ae1f4c693f4d684ddcd31d8360f071692ad28be15,local-only/original-project
20260917-开发资料/source/market/shell/src/net/virtual-websocket.ts,6269,fe2ae9623f36378bc97be47cbacc4626dd005664f64bc7fd3853def09f07b61c,local-only/original-project
20260917-开发资料/source/market/shell/src/node/async-context.ts,7519,fdf2bf7e811d250f8f30be3231e7c5e00c00fbbccfe1594217c82b20d3d7135e,local-only/original-project
20260917-开发资料/source/market/shell/src/node/binary.ts,2453,c59adddcb75812906ba446a7bb83979b34d84c59ef56434c78c535b27ed87ae1,local-only/original-project
20260917-开发资料/source/market/shell/src/node/blob-refs.ts,145,cac4888836d35c682a7fd8688ae52369dc2e670acf3d7c1cda38349e591ef516,local-only/original-project
20260917-开发资料/source/market/shell/src/node/child_process.ts,16307,334b96557143fbd30bea3bcdc84237791d5927ce4cd3b9fbd9481c9bae863021,local-only/original-project
20260917-开发资料/source/market/shell/src/node/crypto.ts,6112,c898e33cd6463a89283c35ed9132328f3469e356dd8eccf7123f5a9b7c60b2d3,local-only/original-project
20260917-开发资料/source/market/shell/src/node/emitter-core.ts,2276,b0624c0024b73e8e0e3642f90fdabff18ce1ade5d2deb01f2823f90b3ca46e6a,local-only/original-project
20260917-开发资料/source/market/shell/src/node/events-impl.ts,3584,7212295cdbc90a4f8183a8bc19580165d412c9d0322758f361a52291bbd2af38,local-only/original-project
20260917-开发资料/source/market/shell/src/node/fs-core.ts,17728,e0b4957aa67f23e88d1fee9d3eac28e8e7219e6a4275c8b676c2051072dbf2cc,local-only/original-project
20260917-开发资料/source/market/shell/src/node/fs-promises.ts,18229,550acb9d20be999d42b2027218a8b0883934a9b86360c98aaf7c78a3ae5eca7b,local-only/original-project
20260917-开发资料/source/market/shell/src/node/fs.ts,18769,572dd03a74be39430188ef75b62d63dd29172be034bb3c50fbc401d97dd6f1ac,local-only/original-project
20260917-开发资料/source/market/shell/src/node/hash.ts,6955,63cc1f60910e30752f8769784f8a79309d355ad98270565c92cf8384470caae8,local-only/original-project
20260917-开发资料/source/market/shell/src/node/http.ts,18313,45114d2172c259401835171dc84bfbb079824860f9491e41aa0edc56eb53d126,local-only/original-project
20260917-开发资料/source/market/shell/src/node/install-globals.ts,361,b61a4f482bc7979dc4a507379ddaa7103cb7811773a9843e1c79c378cc01ffe4,local-only/original-project
20260917-开发资料/source/market/shell/src/node/misc.ts,32875,6bc76d7179afa7dc8513da03671027729634346fa1f7f20dc9167c97d762931a,local-only/original-project
20260917-开发资料/source/market/shell/src/node/net.ts,1587,5ed2f0718b7e3ba4dfa9f456fea44fdb988ec6f0e3858fcfaec0403e6793d924,local-only/original-project
20260917-开发资料/source/market/shell/src/node/node-pty.ts,5540,95af82201ed5cb00aa72b1b18ef0cc3064c5c3e07d2d83f2e83b3c2bee5aff94,local-only/original-project
20260917-开发资料/source/market/shell/src/node/open-path.ts,1661,9cb83a29ac59a9000ab19d1fccc9ac73518d344c7ef2cbf4ab4bc11ebdaba34b,local-only/original-project
20260917-开发资料/source/market/shell/src/node/os.ts,3127,5f76078d32e4271bfede7bc816c47fef23f0d0d8f0aaf65d4827c30ab30caf29,local-only/original-project
20260917-开发资料/source/market/shell/src/node/path.ts,2558,4c6d0b99c4166c06aa99b3047df1e38969cc52f7f0947a622c611b2a0d7d053b,local-only/original-project
20260917-开发资料/source/market/shell/src/node/process.ts,13220,bf603ee71920bb9e650d148c0eb4607b341a8677737cdd477cca01c7ae60faaf,local-only/original-project
20260917-开发资料/source/market/shell/src/node/registry.ts,5242,88a67061a91443cc77accfd9343a64c37d820e436491bd4b08d610a83a000752,local-only/original-project
20260917-开发资料/source/market/shell/src/node/sharp.ts,4710,7c7bb6b19a46c434d453b10770f629fd22433822e49c19ef93825233f3b6d6e5,local-only/original-project
20260917-开发资料/source/market/shell/src/node/shim-assert.ts,613,63a3ed775cb09895866f071320cebcd5e98fa1d5ed0e1baa5495e947945f8e2c,local-only/original-project
20260917-开发资料/source/market/shell/src/node/shim-async-hooks.ts,391,e55704b8eeebb9b5ccecdf9f5a96cb1b7c3647277decae67b0a943ed633bbf10,local-only/original-project
20260917-开发资料/source/market/shell/src/node/shim-buffer.ts,456,160df3eb481ce73dc73f5228689a1cd007a2b9277840d4c84d1375ad2035fb7b,local-only/original-project
20260917-开发资料/source/market/shell/src/node/shim-cluster.ts,415,24447e511a5ff64dfc0b86920c306647fd5295a98130bb7e68bea3055835efdd,local-only/original-project
20260917-开发资料/source/market/shell/src/node/shim-constants.ts,506,9dae4d94120922a15db6fb498458498537a1b19a7fab99c065765cbcd476b6c4,local-only/original-project
20260917-开发资料/source/market/shell/src/node/shim-diagnostics-channel.ts,593,04072ab786f5def0cff7ecafd2f2a714dd239aec8692644bfd868672e964c33a,local-only/original-project
20260917-开发资料/source/market/shell/src/node/shim-dns-promises.ts,253,f0c2d04d4cbf773c70c44418e72d56e4c5b4e21fd5b4d200325391a59dc68d48,local-only/original-project
20260917-开发资料/source/market/shell/src/node/shim-dns.ts,201,3379cd5c4bb68132040e7fd6766d481ce04756573821bf4fb9eec87fecc9d0f0,local-only/original-project
20260917-开发资料/source/market/shell/src/node/shim-empty.ts,153,ef412d7f1fe870ad7c5742de20aa2163b72e45ed0857ed17f90b19121b3b4359,local-only/original-project
20260917-开发资料/source/market/shell/src/node/shim-events.ts,277,1e2fbc65db348654d14aac772376847e2fcfa0d6d4348cbdb0c3bc9b7007f338,local-only/original-project
20260917-开发资料/source/market/shell/src/node/shim-inspector.ts,258,444c1b2d4301b67486c3d8ec1a0832538a8c08271deb24afbce43d40df48990d,local-only/original-project
20260917-开发资料/source/market/shell/src/node/shim-module.ts,824,1157d25e1e153f563a41571166a41d0d5b42cde77b5b1859908a9243b5490289,local-only/original-project
20260917-开发资料/source/market/shell/src/node/shim-perf-hooks.ts,309,b2ad76bcf7719acc50e40ec60e05efa72c8ab7c59cada5cc104c27b59b8a5c15,local-only/original-project
20260917-开发资料/source/market/shell/src/node/shim-process.ts,293,7de3368cea6e329ea894e5addc9e714cfc80d5cdfb0b34c2142682a963e1e3f1,local-only/original-project
20260917-开发资料/source/market/shell/src/node/shim-punycode.ts,360,c2694750f8c5d6028080d2ebc6729a505551ef2c917b02f3226fe02a890d14ac,local-only/original-project
20260917-开发资料/source/market/shell/src/node/shim-querystring.ts,287,44c8449ac0b927999883b559d6090241030a996045a92785dff18fbc95ff8a9b,local-only/original-project
20260917-开发资料/source/market/shell/src/node/shim-readline-promises.ts,187,f411ce29d80487a535b66a166d02dfc89c1fc8588a938502050dded1b72f2930,local-only/original-project
20260917-开发资料/source/market/shell/src/node/shim-readline.ts,346,5fed94053a1d0719e028ac65d074d107ee854ca001ebd60b9626a316a99c7b90,local-only/original-project
20260917-开发资料/source/market/shell/src/node/shim-stream-promises.ts,223,5660cb0b3d23c6afe301922b86d38ceae25b46d633662d45d5f547f8bf7dfef2,local-only/original-project
20260917-开发资料/source/market/shell/src/node/shim-stream-web.ts,496,9d785c2fb38bac736eeebbc4eb6c53fde5713cdd04d369f5157a0c1607ffb40a,local-only/original-project
20260917-开发资料/source/market/shell/src/node/shim-stream.ts,440,9a781b1916a3ea9fd20cdca003d8a03782c7ec974563030c47e5032134819d14,local-only/original-project
20260917-开发资料/source/market/shell/src/node/shim-string-decoder.ts,199,cefa22b6e38eb7fe89b9e252571c583d54036294ee039a193dd4969c810d9084,local-only/original-project
20260917-开发资料/source/market/shell/src/node/shim-timers-promises.ts,322,d2d1c6ce606f0b2447163b30fa6a519e7ce95a283d63a58e3ee45dac47947ea2,local-only/original-project
20260917-开发资料/source/market/shell/src/node/shim-timers.ts,407,1b28530e899871fba7d80c13b4ac73d0c5d89c2dfe761d40b71f9881c6cd57fb,local-only/original-project
20260917-开发资料/source/market/shell/src/node/shim-tty.ts,248,e6e6734fb7339586998fd32e553e066319bab51e7affbe2d6b477409ae406bc6,local-only/original-project
20260917-开发资料/source/market/shell/src/node/shim-url.ts,500,5347bc010d341198caf783bd4820081f7fa9a1587d31e2a005828f2952abe724,local-only/original-project
20260917-开发资料/source/market/shell/src/node/shim-util-types.ts,257,316724650892a1cce36dd8680d8db2033d71eb87cbd8b92d8af53c6289e1fdfb,local-only/original-project
20260917-开发资料/source/market/shell/src/node/shim-util.ts,813,84dad9dadb4a035292bfee02098f3499db9ee41c8d17778c1c284121b55c50e7,local-only/original-project
20260917-开发资料/source/market/shell/src/node/shim-v8.ts,468,f22bac7b152d00c4d618ba62e1acf5238c70e96d7d63af27fac7b087d2668a45,local-only/original-project
20260917-开发资料/source/market/shell/src/node/shim-vm.ts,358,2e87a1893238404135fef7cf317e8f2ef99ca2554f22b6840bebf3fef107db33,local-only/original-project
20260917-开发资料/source/market/shell/src/node/shim-worker-threads.ts,1268,0b8b6a3f99ba6632ba15d2b3511bfef4bee181dce105ba6e8be168c479717b77,local-only/original-project
20260917-开发资料/source/market/shell/src/node/shim-zlib.ts,806,6e85d16beffa3de4b312ac5e82f24af44f6b0c4474d561f965ae00f796f80ea6,local-only/original-project
20260917-开发资料/source/market/shell/src/node/sqlite.ts,4147,91edc4bd864a23d08c830837912e0d8ed88d15cf5659e9f144d2415fa26e551e,local-only/original-project
20260917-开发资料/source/market/shell/src/node/streams.ts,10924,680657856f000adbb8e8c9463d5df718730e7c07e04d2e4d571b4a3b78b7ad47,local-only/original-project
20260917-开发资料/source/market/shell/src/node/timer-handles.ts,3336,71540a16b744cf7ac9f01af317622c9c9d1fedc07b096058855bd28855e6fe58,local-only/original-project
20260917-开发资料/source/market/shell/src/node/vscode-ripgrep.ts,887,34c3ed30b264f80fc1a8306bc4da170aa5af5c3839aec2e42d5bcfca437548f4,local-only/original-project
20260917-开发资料/source/market/shell/src/node/worker_threads.ts,10758,35092dd3056dc50f1b1e1c70a508431732b523178583ab5eda98266b1662629a,local-only/original-project
20260917-开发资料/source/market/shell/src/node/ws.ts,3144,bbf000d896055c5ec2e8e9183e61a5e837affb66663017c97f113741d5fd5e3f,local-only/original-project
20260917-开发资料/source/market/shell/src/node/zstd.ts,4005,44c5c9d207ed94690213a558226dffa95eefde2f1312622643a1fb8feea1e944,local-only/original-project
20260917-开发资料/source/market/shell/src/pkg/registry.ts,7082,22d84224f4c0e82fc89d5eb9dcf93d42126a8756a2c6b4d2194f12608086a1f1,local-only/original-project
20260917-开发资料/source/market/shell/src/plugins/esm-loader.ts,19742,b63245f964fcaf39197bf5cd4c5de2f02b12c614167923f60d5f3f44bdc1e0b1,local-only/original-project
20260917-开发资料/source/market/shell/src/plugins/manager.ts,18375,e7edd73384079f26ef7c290f2fada726c5e8b18ee92c40d7813a81b43ffa2049,local-only/original-project
20260917-开发资料/source/market/shell/src/plugins/module-scan.ts,8690,39e85549d88c4e8b2fa25c3afb403ac7ea2500d51a423376c18e013f250d193b,local-only/original-project
20260917-开发资料/source/market/shell/src/plugins/sources.ts,11626,e29672819f686124d6d6c1099848364d708f643c362cb05adae8b383f4f652e1,local-only/original-project
20260917-开发资料/source/market/shell/src/plugins/tar.ts,3345,3a9ca696ec48a459bf2fea6dbc8f78f8b57bc97a6a7310003e9e685622d0d39c,local-only/original-project
20260917-开发资料/source/market/shell/src/python/container-python.ts,38834,a58956fed1bf777fda75a30524c2853dba1d06457014f3565dac50b9ba974430,local-only/original-project
20260917-开发资料/source/market/shell/src/runtime/disks.ts,4525,40e5617643a79aaf1fa9593c742bd9e7c4c8134f75ed67ef0fa0becacbe6f90e,local-only/original-project
20260917-开发资料/source/market/shell/src/runtime/fs-bridge.ts,7805,a3aa0b08712e131836cb1e6bbebe975ff83e4d91ebba991ca6bf07ae058a22cd,local-only/original-project
20260917-开发资料/source/market/shell/src/runtime/guests.ts,22423,c62cba5fcfebf965fa4271777b962917ad6644dc045efc6e7af4d2a091bbfacf,local-only/original-project
20260917-开发资料/source/market/shell/src/runtime/persist.ts,7617,76232994fe58dfbd5f569e08dfe88df5d3865f5c86c3c334251b819155fdf732,local-only/original-project
20260917-开发资料/source/market/shell/src/runtime/python.ts,11275,20931cbc2eaa1243321b37533316e572346347aec95ace38b2d0f47668523b33,local-only/original-project
20260917-开发资料/source/market/shell/src/runtime/ripgrep.ts,8343,ddcf641252c88d38281a58a87203c9891b227ea2d22a46f1eb406c166a54b366,local-only/original-project
20260917-开发资料/source/market/shell/src/runtime/selection.ts,4840,dddaab9baeb87bba8f2e638bd27a8d21e37c3a80544c4cfb39cd95728efceff9,local-only/original-project
20260917-开发资料/source/market/shell/src/runtime/v86.ts,68897,4abefc86963853fdc78affc13481e20dc8786caf3c122bec0b26064a2a949423,local-only/original-project
20260917-开发资料/source/market/shell/src/runtime/webcontainer.ts,24005,a379ad86226f618bd6bfce59be51b49d8df0178e4f0e58cd7289b741598eeed3,local-only/original-project
20260917-开发资料/source/market/shell/src/shell/archive.ts,15433,0bdf822c5f18791b1709ff330593ac9c21b37bb87ac86c30ce18e91381bc9d1d,local-only/original-project
20260917-开发资料/source/market/shell/src/shell/ast.ts,3671,1d8ed600446bc356e692ff73da10038cb618f91953bf5003c761eb6c2aff8e06,local-only/original-project
20260917-开发资料/source/market/shell/src/shell/awk.ts,35860,cce45ce0df10e59fcb5a1d936ca7da05d1ec646ef8b122b69da5e3b394a7759d,local-only/original-project
20260917-开发资料/source/market/shell/src/shell/busybox.ts,21400,2ae0d90e4de4452d1fe1e0d42ae79fabf8e6031c9977c9eb76dbd3c603646e39,local-only/original-project
20260917-开发资料/source/market/shell/src/shell/container-cli.ts,11845,fe590b8121b19f3a856e7ee1bc7abf310b46f985fe032258054cae3dfa96af6e,local-only/original-project
20260917-开发资料/source/market/shell/src/shell/coreutils.ts,58411,cbf4ea47e31d8098dfbf1258edd2eb62d4fb4ba700ccb867c7e3dc806dfbdec2,local-only/original-project
20260917-开发资料/source/market/shell/src/shell/git.ts,18775,f506ebfc8484133e248249a4b4c5a4b17c6aa55d73af2666f1a43f4a3f6e7b98,local-only/original-project
20260917-开发资料/source/market/shell/src/shell/index.ts,11049,e3cc119e3012c4f78d6b233a129b39aed342351d609c585776d0450243bf34b7,local-only/original-project
20260917-开发资料/source/market/shell/src/shell/interpreter.ts,58025,277fa28a41960e35b52d7f39a209a467110e210a81550677a7150ab11021c035,local-only/original-project
20260917-开发资料/source/market/shell/src/shell/node-runtime.ts,8334,35875fc2aa2d9019846c717ec463d9781febb513cf8ea8d434b65f13c1f06166,local-only/original-project
20260917-开发资料/source/market/shell/src/shell/node-volume.ts,8049,b18d5f214e4ff1a30f1536d8b3ba57ffa16e1ff84faf20cd2c4452c7f83c09c1,local-only/original-project
20260917-开发资料/source/market/shell/src/shell/npm.ts,11900,df3ce8eff38895fe0377da25135bf09097b079a35989690b86acbc2371602ba4,local-only/original-project
20260917-开发资料/source/market/shell/src/shell/parser.ts,32087,7d338dc0be6ff61b9efe1b7958dd5a1aa0f539743cb02d39cc3a559c09dfc1da,local-only/original-project
20260917-开发资料/source/market/shell/src/shell/reentrant.ts,6485,5cc6b174c731e227ad667da157c68b3ba1c271c9b8b1e127a9b6b204a377088f,local-only/original-project
20260917-开发资料/source/market/shell/src/shell/ripgrep.ts,11611,fe81e5813ff0f9d88762343c2b4e034ad49ef9a11b0a46f39cfc4011981766f5,local-only/original-project
20260917-开发资料/source/market/shell/src/shell/runtime.ts,6287,485a278ed2dbc68ed3d3f3568817dcbaabd477cfa072d662c06f0029755a194b,local-only/original-project
20260917-开发资料/source/market/shell/src/shell/tools.ts,15578,bd99aabd7c22919d6fb99bcdfe9907e675e80fcc10226acf9c033a8758b2c84d,local-only/original-project
20260917-开发资料/source/market/shell/src/types/sql.js.d.ts,1100,f3fa7731e39ba8db2f9fcb8b848ede97e72064cd0b654b94075982ede95246d1,local-only/original-project
20260917-开发资料/source/market/shell/src/vfs/errors.ts,2280,bef0cfb24fa98dcc4885c3eb130dfb3f542e3e0d262858866ec712321adc642c,local-only/original-project
20260917-开发资料/source/market/shell/src/vfs/path.ts,5570,7fa167bac7ffcbe5c4cef8355cb58eccc151fc08af3c2b771f971d23db3696e6,local-only/original-project
20260917-开发资料/source/market/shell/src/vfs/persist.ts,7616,6348ae07aa25c7f35f8a18ace87a40ac8c0530245e955afc45f1950c84a366ee,local-only/original-project
20260917-开发资料/source/market/shell/src/vfs/volume.ts,20181,813a8ffb3f2377b60208f4e93abffa084f4e6e216c22cb259245c2eb9e2eda85,local-only/original-project
20260917-开发资料/source/market/shell/tsconfig.json,485,06e62153ac07e2108950e61c6ed500e7f1c0299ae3798e675079a7b91b6145e9,local-only/original-project
20260917-开发资料/source/market/shell/vite.config.ts,11270,1a61d1c177f0c985fee95feb473f702458391cdf37a8b9311d79bd94e8b1974b,local-only/original-project
20260917-开发资料/source/market/src/_headers,613,4119d2ece10b13f5cba739a4b474a25bc4eb23c88c351481dcedd66224372b03,local-only/original-project
20260917-开发资料/source/market/src/app.js,58316,69b3773fb75c60726b73ce4372bf15757fc7aafcf80d629a600b77734113d5b4,local-only/original-project
20260917-开发资料/source/market/src/assets/ocean-whale.webp,41484,b6e8dfb93c0cc05fde68f486234a76945e3759d4b1b47e449b881fda23b67329,local-only/original-project
20260917-开发资料/source/market/src/index.html,33528,2ce6473a4e47fc8b3585bd0edbc69263e0d3e795ed001486738d510808ecaedc,local-only/original-project
20260917-开发资料/source/market/src/official-facade.js,564106,b72682fe02a04657de32717b4daad7f7d2a208e73d2d9c9dc2089af26a26783b,local-only/original-project
20260917-开发资料/source/market/src/preview.html,20572,be902aa7e8e7f3324e8bdb77ca54e62ea786f481b46f57374be7ded27a5a6385,local-only/original-project
20260917-开发资料/source/market/src/robots.txt,631,a4a9c19831a6413bb30f8d427f752781c5e858735654e434b25c2be5778cd48b,local-only/original-project
20260917-开发资料/source/market/telemetry-view/src/index.js,8876,f257d326c14a6f155fcfbbd155a446cb408674602769f1eed3fb08e628b44a89,local-only/original-project
20260917-开发资料/source/market/telemetry-view/src/page.js,30898,d66b1894f6c5f91c776238fbb08d3153ee403944c53db93093b8fe0c1c19b507,local-only/original-project
20260917-开发资料/source/market/telemetry-view/wrangler.jsonc,696,b0734de32cdfb91965bd072d8895f0b77b0e2966e80e373b9fca39a4990b2470,local-only/original-project
20260917-开发资料/source/market/worker/migrations/0001_init.sql,486,612a1b16d317c66704eaaabb3281ad4c3eb9e24ee17df97eb5097642edce8d93,local-only/original-project
20260917-开发资料/source/market/worker/migrations/0002_telemetry.sql,626,2cc07882b9c348dcc959bf67b6f707de3cc01bf5efaa8d162df43c95d9d23d73,local-only/original-project
20260917-开发资料/source/market/worker/migrations/0003_telemetry_channel.sql,320,c43a7c657e494d99a3cfb72d238f9426d5e2e1575997085e9fa38df531a751cc,local-only/original-project
20260917-开发资料/source/market/worker/migrations/0004_install_events.sql,765,4a3afeb5c01b2907c715f3710e3661e1816f0a1900085266ce393d50475705a1,local-only/original-project
20260917-开发资料/source/market/worker/migrations/0005_badge_cache.sql,400,e40a0cad2c400d6a88e75b16ee95a251289986ddafb171ecb4196939a4c1ac17,local-only/original-project
20260917-开发资料/source/market/worker/migrations/0006_telemetry_summary_cache.sql,1894,9cf9ac7eace4db15f40d6390298f21506ee37c517e75ab71eae298e70f777912,local-only/original-project
20260917-开发资料/source/market/worker/migrations/0007_relay_registry.sql,980,5363493f3b89f665a657fb4ae6d4f8cb6c185b69a817bc7b0bcbb26c6220e0df,local-only/original-project
20260917-开发资料/source/market/worker/src/api-catalog.js,612,bb04a7ae2a29aec3ea8a2d61dd61ad2f33ff23ae53168ccfe5a7d0ad121d3ba6,local-only/original-project
20260917-开发资料/source/market/worker/src/api-doc.js,5323,413bba8c1051c11eb359ecf3e536b8e9ef548d4127ccfcf849f4fef7f30e36f6,local-only/original-project
20260917-开发资料/source/market/worker/src/asset-allowlist.js,2182,a725bbae60cc57815f3c7bd82a46fcb0f18e8451186de937c19a54478266bc42,local-only/original-project
20260917-开发资料/source/market/worker/src/body.js,1069,68bde4abdae89c8bf026e5cd3995cd94862d145cb585c80d3bd0a240f34c5fc5,local-only/original-project
20260917-开发资料/source/market/worker/src/index.js,25739,7bfa33b1237579b9b9b02f2766df4ba82e0f476635790ef1d99b5b36c2061e87,local-only/original-project
20260917-开发资料/source/market/worker/src/npm-badge.js,12064,7195bc2a4fcd405a0f82ff084170721346ed4ad727b366c36299d36dffe81025,local-only/original-project
20260917-开发资料/source/market/worker/src/openapi.js,9890,a4701a5090034647579454b49a0c37db9e8f6f04a7c2d749ee886542c6935219,local-only/original-project
20260917-开发资料/source/market/worker/src/relay.js,11334,54910501c7fbba1967bf7f97f2ae1b94a5fa354a0b3fd4295d02594d29845eca,local-only/original-project
20260917-开发资料/source/market/worker/src/telemetry.js,22104,3f31d526ad4741714028f679ee87a7fd435de701cca120531d949047691ad1fa,local-only/original-project
20260917-开发资料/source/market/worker/wrangler.jsonc,1685,d221f238a8afeaa5fc84a32e29847c37bd3d308004ad49b6895c0d3ebc319e0b,local-only/original-project
20260917-开发资料/source/packages/AGENTS.md,6694,5969389cdd482dd7154f225b82126b37e75ccd9b19478552b77b983f82cb467f,local-only/original-project
20260917-开发资料/source/packages/dsh-client-ui-plain-chat/README.i18n.yaml,144,cc36c7be72838a5db8582c93cd9d767c2e7c022a2b2def36c4f442bc62db9101,local-only/original-project
20260917-开发资料/source/packages/dsh-client-ui-plain-chat/README.md,4948,f69df9db4cf020cc42b88c2d8d2f107168504ad796b3c4a5cfde4884a1f5e3e2,local-only/original-project
20260917-开发资料/source/packages/dsh-client-ui-plain-chat/README.zh.md,4084,ae651dc8314d55b2a1194c53d892267f29398257e201afed4699b513cca9dba5,local-only/original-project
20260917-开发资料/source/packages/dsh-community-plugins/README.i18n.yaml,391,a47f5ec956a531f12f9a8993cc16fbb8d36f05312dc547f315327ec57c09ba62,local-only/original-project
20260917-开发资料/source/packages/dsh-community-plugins/README.md,2085,2885f9af242b657154aa54cdf507a212069fc428321ba3850881a83545daacaf,local-only/original-project
20260917-开发资料/source/packages/dsh-community-plugins/README.zh.md,1798,296ecaac4eb3cbf9b032a22db35c0b2ec8d8f6f2445c234457ca8761b7315f67,local-only/original-project
20260917-开发资料/source/packages/dsh-doctor/AGENTS.md,2100,70e4fc4f1590589f96549c8be9971c086d1314f06836fcb739f804cdfd70496d,local-only/original-project
20260917-开发资料/source/packages/dsh-doctor/README.i18n.yaml,391,e9ea9c5c9c09f822b4394ab1758e242de5da494149abadab87badd62f1b1078b,local-only/original-project
20260917-开发资料/source/packages/dsh-doctor/README.md,13353,595bca655d261568b2c8e1a7f7d5c25d715efd21f2cd5508101478153437c1c9,local-only/original-project
20260917-开发资料/source/packages/dsh-doctor/README.zh.md,11675,2a6eb888b5de1c628336c7b78fe4ff722e494891060e138737eaf8eac65a4bc0,local-only/original-project
20260917-开发资料/source/packages/dsh-git-graph/AGENTS.md,2347,7fc5b490fed0794d9891ab532f1ce92e0cdf4d75a5920e2beb28067d391b458f,local-only/original-project
20260917-开发资料/source/packages/dsh-git-graph/docs/ADR-001-plugin-boundary.md,8397,3430c29f992aa4201bdbae2b6701b23238a9ca709a1a99e4488eefe270dd154a,local-only/original-project
20260917-开发资料/source/packages/dsh-git-graph/README.i18n.yaml,391,be7bb9af0d917aa3683a4939adf3b1faf9a38d85aa0ae8323cf0d795ddb08d9e,local-only/original-project
20260917-开发资料/source/packages/dsh-git-graph/README.md,10533,cdbe322dcec1d1350b23c7463238ecebfc1b498445d246888689e66d11132e47,local-only/original-project
20260917-开发资料/source/packages/dsh-git-graph/README.zh.md,9385,3f1f8ea78f80e845217ae2bbb4d26070cf59a292861ae1fa17b271413de45851,local-only/original-project
20260917-开发资料/source/packages/dsh-i18n/AGENTS.md,2050,d71870a418c67136caee1a0190dc63f5ed4d1816391701b368ab5f65b756b54f,local-only/original-project
20260917-开发资料/source/packages/dsh-i18n/README.i18n.yaml,391,dbed4b594a5120841465498076ab39691d0bfeae89afad7dfea8815f08d31793,local-only/original-project
20260917-开发资料/source/packages/dsh-i18n/README.md,3372,f92e9b80668d3286cb48a9bb9dd9d48188760d7c9ed39e8feef004b45d6bbbec,local-only/original-project
20260917-开发资料/source/packages/dsh-i18n/README.zh.md,2960,43ad64f2bab74520fa875946fe50696b6bf11b0913cd7af6897d9b9bdb700175,local-only/original-project
20260917-开发资料/source/packages/dsh-liangshen/README.i18n.yaml,391,b80a809068ba32b89fc8361a0fbadf1022e4957647aa42b0cfd9d01755d6225b,local-only/original-project
20260917-开发资料/source/packages/dsh-liangshen/README.md,19971,a0777c7665ccb43a7e50e625368a51359ef100055ea66ddb7048869bbb4fbfd3,local-only/original-project
20260917-开发资料/source/packages/dsh-liangshen/README.zh.md,17698,1696512e179f7747d85c2753ee8ab71414069e6fb53bc57b42ae121b46c6047b,local-only/original-project
20260917-开发资料/source/packages/dsh-market/README.i18n.yaml,391,b7b097a28d6ca576a6532827eb2b290ec06c3644ce3b8287662317e2e81dc65b,local-only/original-project
20260917-开发资料/source/packages/dsh-market/README.md,3807,e354e9fc7bf79d6161a0da4ab7535b0899083dcc49a6c0d2b0a59d8abeda7969,local-only/original-project
20260917-开发资料/source/packages/dsh-market/README.zh.md,3446,c7063b4b7fced542559a6d6bc8cf05ed1fcb672698429199afb19de59c33b4e2,local-only/original-project
20260917-开发资料/source/packages/dsh-model-capabilities/AGENTS.md,3320,afd7a91bc7d19819f5b72c09022f4b6b1ec240295c054526c4bf4c48ee32f2db,local-only/original-project
20260917-开发资料/source/packages/dsh-model-capabilities/README.i18n.yaml,391,41fc5100793f74a42534c17875797946e0d3b5c1704935c5ed523975e3cc1401,local-only/original-project
20260917-开发资料/source/packages/dsh-model-capabilities/README.md,6127,5f6fe171231f0e7cad34cdc30dbc536f3fd5c5c9bb7e12c8119b07d67ace28d1,local-only/original-project
20260917-开发资料/source/packages/dsh-model-capabilities/README.zh.md,5400,14dc5d0d8b599436df2d4921741c2146687b966000be87365f9d1f20f16e8455,local-only/original-project
20260917-开发资料/source/packages/dsh-pet/README.i18n.yaml,391,d9889d10f37798c90ec93f8491ea84cf4afd5d1dabdbde71a4ed3aedb9831440,local-only/original-project
20260917-开发资料/source/packages/dsh-pet/README.md,35365,bb54328a2a03c30e2bdf6925775557376c4f672fec4a0af7b32355b32e305481,local-only/original-project
20260917-开发资料/source/packages/dsh-pet/README.zh.md,33023,790fb48148509e43daf4c94dbf7bae57b0883e38303b763740f4fd9da1997975,local-only/original-project
20260917-开发资料/source/packages/dsh-plugin-manager/AGENTS.md,2172,19e88480a2e81e2b3aa7683eadc1c64625f6272dc905e27b0858847ec40d8e26,local-only/original-project
20260917-开发资料/source/packages/dsh-plugin-manager/README.i18n.yaml,391,883a0e93f9f1c9a1fc574a3bceb5b26361cf81dffd3bff6b165c3d354f4a1d89,local-only/original-project
20260917-开发资料/source/packages/dsh-plugin-manager/README.md,3144,a975e007aebd5fca71e712d0526de1b1c378c9df0345f35a044a62529916872a,local-only/original-project
20260917-开发资料/source/packages/dsh-plugin-manager/README.zh.md,2658,77a4c93b17e27ff3a232a9cdc319e002f3a143023475881b1d4af098e66b8191,local-only/original-project
20260917-开发资料/source/packages/dsh-preset-center/presets/README.md,2463,2d88cd441b2faebaef038442ea99b01e797a5cbab3d52fc1fa07b01452957aa3,local-only/original-project
20260917-开发资料/source/packages/dsh-preset-center/presets/README.zh.md,2242,dc64a049ba3d4786e9ac426d8a9d5ba6ecddefe2e7392450c15100625e0a0bf1,local-only/original-project
20260917-开发资料/source/packages/dsh-preset-center/README.i18n.yaml,391,7616c7e70e8c86a533d365bb2dd932eb14091b827a2301688a0d6251375d6e76,local-only/original-project
20260917-开发资料/source/packages/dsh-preset-center/README.md,6250,b6123ef0f627bb514eb083a9d87cac56bc4525dd43f1c70aed544b420c9ccafc,local-only/original-project
20260917-开发资料/source/packages/dsh-preset-center/README.zh.md,5571,4977fe4b653a7a6544a287cf8dabd09544399be902e3263d6d07a975ec37d0e2,local-only/original-project
20260917-开发资料/source/packages/dsh-remote-web-ui/AGENTS.md,1053,caf4e31e84abbac3eb1cffd0d1d4d0c60b9f25269b90d512b62cfba7390d6e31,local-only/original-project
20260917-开发资料/source/packages/dsh-remote-web-ui/README.i18n.yaml,391,436cbc4d3398c368780e63444b708468d3fec02663b65da7d3d711880264bace,local-only/original-project
20260917-开发资料/source/packages/dsh-remote-web-ui/README.md,3676,110e849073e08dadd56c956b18c0a49f06d4cf43dfed94ce8cf13bb0333cfa76,local-only/original-project
20260917-开发资料/source/packages/dsh-remote-web-ui/README.zh.md,3410,dfd9fec7e51818d7758c6e2decf458d92f425cff66ed79eca184f11c98d838c9,local-only/original-project
20260917-开发资料/source/packages/dsh-session-archive/AGENTS.md,2067,5ef1844564544bc6ced5b4b4bea1f611149c31f209a36b9191917093f8e0fb8f,local-only/original-project
20260917-开发资料/source/packages/dsh-session-archive/README.i18n.yaml,391,027172f72f7cf071f96ebdaaea9fe5e5d26d86cd3a15dfed7881aeb0e92a6e3b,local-only/original-project
20260917-开发资料/source/packages/dsh-session-archive/README.md,5683,8834d9d99a1b52d9efbc4ba734dda497200dd705711ef34d009369b62cd8d1b7,local-only/original-project
20260917-开发资料/source/packages/dsh-session-archive/README.zh.md,5212,14228f61e61ae675b7c2cba9f3478be07d3a0d10e91343fc997b8806fccc2462,local-only/original-project
20260917-开发资料/source/packages/dsh-session-id/AGENTS.md,1398,c240900946e315b2631a31f218f16d8a8837c38c2f4fabf2ca2c3cd6447dd98a,local-only/original-project
20260917-开发资料/source/packages/dsh-session-id/README.i18n.yaml,391,ead7d5d5316f8c45d44f9a31430ffc8c27a01acdbdc04a7fe18de6c083df57b4,local-only/original-project
20260917-开发资料/source/packages/dsh-session-id/README.md,3015,bd5eeb29703577ada448a1fbf5f41bf95fa9b959d982de65eac3ce5b55ad0a33,local-only/original-project
20260917-开发资料/source/packages/dsh-session-id/README.zh.md,2845,d7a12582f5817baad9e170f150ef3e0f974ccc07a038847e0bbc6119cb28cc8c,local-only/original-project
20260917-开发资料/source/packages/dsh-skill-explorer/AGENTS.md,1702,ab2cee32865693ec0ad300f5057e9d411b332be215fc34a893e580510d642211,local-only/original-project
20260917-开发资料/source/packages/dsh-skill-explorer/README.i18n.yaml,391,e77c28d9d782822ddc27f3d44415dc816218ed8aa5f0e0284c590aace797638a,local-only/original-project
20260917-开发资料/source/packages/dsh-skill-explorer/README.md,5406,7f6adbcd7444e6114d8476df375de6279516654ccf019c989f1a4b6d801b52a3,local-only/original-project
20260917-开发资料/source/packages/dsh-skill-explorer/README.zh.md,4916,bba2e159a29d869779d42682dfad1bb1069fbe1d70cbc168d7b071f84be5d1ec,local-only/original-project
20260917-开发资料/source/packages/dsh-ssh/AGENTS.md,1938,d7c35e0b311714b749498a8f48b69011bf55315f39444af3bce8f86a7c6fde4f,local-only/original-project
20260917-开发资料/source/packages/dsh-ssh/README.i18n.yaml,391,7dd97e05b8deb01244cf4059798f080cac00f28bb64b63bbbef6fe14045b7689,local-only/original-project
20260917-开发资料/source/packages/dsh-ssh/README.md,7891,52c03e6f7ed8245f10aa832af78a3815e0763f91e6a34562d94ed6ed51509ce9,local-only/original-project
20260917-开发资料/source/packages/dsh-ssh/README.zh.md,7207,43b463de7f34a73021a85a2cbc52189b5b23fcf40820fff7c62a0dcfcda793d8,local-only/original-project
20260917-开发资料/source/packages/dsh-task-board/AGENTS.md,3609,2d9e544911c35fcf9712f7696ee656f7714c7a9632d805b40bb8c559896e3a8e,local-only/original-project
20260917-开发资料/source/packages/dsh-task-board/README.i18n.yaml,391,7982f670f9f8f6026f960cf7ed548fe64ed62cfc5e8e25cdcdc61c0e52da7f0e,local-only/original-project
20260917-开发资料/source/packages/dsh-task-board/README.md,18326,c1ecd2fae4628294617577dd30c745dec41930c3605020fba9c30d20658e1735,local-only/original-project
20260917-开发资料/source/packages/dsh-task-board/README.zh.md,16255,4674d2739542427556c42065a0378545346b8c2907875ffd32e0edf478cd74a4,local-only/original-project
20260917-开发资料/source/packages/dsh-tool-describe-image/README.i18n.yaml,391,462114d12f7d133bc98b8b959d73ff16c46e1e4ac0ec2a7670e5f105615d1b2e,local-only/original-project
20260917-开发资料/source/packages/dsh-tool-describe-image/README.md,19066,e8299a6d64f774580b10b37d59485f432324909e39cedc7d45a92e127b6402e9,local-only/original-project
20260917-开发资料/source/packages/dsh-tool-describe-image/README.zh.md,17592,d0db2bc44bdd292e5485331da71c2218d0b1f2278004919d117dcb441e31ef62,local-only/original-project
20260917-开发资料/source/packages/dsh-usage/README.i18n.yaml,391,7b51605c05a87a260ffcb4bccb1dbcb4691ab5640cfa7714b3a42c61c0862d99,local-only/original-project
20260917-开发资料/source/packages/dsh-usage/README.md,6821,4b2681fd1b41e2998a99ecd92f517aa1ce62e5cb0be43ca2c10ae199901b3e22,local-only/original-project
20260917-开发资料/source/packages/dsh-usage/README.zh.md,6248,14133e6f80dc2f90cd36e2db75863ca846ee2ec83df8ec07ed57c86801d6bbf1,local-only/original-project
20260917-开发资料/source/packages/dsh-web-all/AGENTS.md,3286,c8b95c3d26d5d0f633325902b7aa16e3860eb835fc3f1a7613a48c1f9db932a5,local-only/original-project
20260917-开发资料/source/packages/dsh-web-all/README.i18n.yaml,391,ab01761018292da0c1c98f692bc9bd2d5f49c3c1b17af9191db7bae1181cf7f5,local-only/original-project
20260917-开发资料/source/packages/dsh-web-all/README.md,7814,23f88f1c4ea40a36195fc18d0c91b1424e1f30b323b1fd2b379089a29ead47ad,local-only/original-project
20260917-开发资料/source/packages/dsh-web-all/README.zh.md,7176,a65274c966bccc4c167222f3da0a38e849f8a03288fb534ac5f7e2474d1faeba,local-only/original-project
20260917-开发资料/source/packages/dsh-web-settings/README.i18n.yaml,391,2420273458db68716682ac810aed92d0feaea9b0f15875c5ce82aeb7233c5b68,local-only/original-project
20260917-开发资料/source/packages/dsh-web-settings/README.md,5340,e10a95400119dd14557abb87c4a818506d1919cfd21d892a83b751eb393ce77b,local-only/original-project
20260917-开发资料/source/packages/dsh-web-settings/README.zh.md,4870,1269ccf5690cd47fcae546892b216caf43e1bc532d74aa1aea52d24d1e65a5e3,local-only/original-project
20260917-开发资料/source/packages/skins/skin-center/contracts/performance-guidelines-v1.md,5963,9b161b58aab4c546d1998abfa3febad29b3ea46f31573f813c41883113a5b88b,local-only/original-project
20260917-开发资料/source/packages/skins/skin-center/contracts/primary-action-tokens-v1.md,3616,638603277d0a63a4631857e7e893a3baa8b47833df518e1cd9fd72ece8d7d8da,local-only/original-project
20260917-开发资料/source/packages/skins/skin-center/contracts/README.md,5550,239c73b1a61cf74adaa625152020baa89575071cae4e4aa003cf8ee12fdb1e19,local-only/original-project
20260917-开发资料/source/packages/skins/skin-center/contracts/semantic-attrs-v1.md,15567,fcb01fefb8abce6778bc90de4eefc209270ea43d714b40024864caf7daf969be,local-only/original-project
20260917-开发资料/source/packages/skins/skin-center/README.i18n.yaml,391,470f4773f9d11a0771672a75d953e4decb17412147543f7cbf13cb2a4b4a36b3,local-only/original-project
20260917-开发资料/source/packages/skins/skin-center/README.md,15390,dd5f1f97289b1d6317b28908d60a499eb99e34a489f9d55ec566dfc19dbdb576,local-only/original-project
20260917-开发资料/source/packages/skins/skin-center/README.zh.md,13900,579e0abf653e350df4e1b270f698781a7f2de65454a82ad65b1e7490c30dca48,local-only/original-project
20260917-开发资料/source/packages/skins/skin-center/skins/abyssal-serenade/README.md,2024,e3c1e3f1a4d3f8ac515ebf2a259d344565a3140447fc6e05d2da734bc437cc7a,local-only/original-project
20260917-开发资料/source/packages/skins/skin-center/skins/abyssal-serenade/README.zh.md,1849,2e10a057e4072c6946dda66642f9c57f827052d21a9683ae131047acb79bfe92,local-only/original-project
20260917-开发资料/source/packages/skins/skin-center/skins/astral-choir/README.md,2748,c0fdaf459be4fdafde1b4e097ed0846c9e6e19876023b246d055d7dd39eeda77,local-only/original-project
20260917-开发资料/source/packages/skins/skin-center/skins/astral-choir/README.zh.md,1470,e2ba9bd843eeb75352f5eecf049f6e35266c052454ab71def9384b068147e34d,local-only/original-project
20260917-开发资料/source/packages/skins/skin-center/skins/black-gold/README.md,2289,c920d4d9a5eeed6bd6cb27f91a9c02a32c04ac6852b1f3ef6f8847445252c219,local-only/original-project
20260917-开发资料/source/packages/skins/skin-center/skins/black-gold/README.zh.md,2066,115ad01f36f5a83df6812e3cd9957bab04b4550dc4fcdcbcd5c776a70ac48fab,local-only/original-project
20260917-开发资料/source/packages/skins/skin-center/skins/blue-throated-bee-eater/README.md,3557,ffce86b2fd6ff5d2a8bd936fc51a397508ea7b6c9962066d37fd7fe9d8f185f2,local-only/original-project
20260917-开发资料/source/packages/skins/skin-center/skins/blue-throated-bee-eater/README.zh.md,3207,bf0afd72f5c24dd3c1c15a62c72cac17258dc30f512d17a39b6055e0a4a34d70,local-only/original-project
20260917-开发资料/source/packages/skins/skin-center/skins/catppuccin/README.md,1745,62fd055baa9db868233ee98518675c76ea8e235b2ed8c3ba780cd973fd0c6dc3,local-only/original-project
20260917-开发资料/source/packages/skins/skin-center/skins/catppuccin/README.zh.md,1716,871c1218d85f2d5bfb8c78d59a1d1a2c8dc14b39f0309533a6699ebe4a03c6f4,local-only/original-project
20260917-开发资料/source/packages/skins/skin-center/skins/cyber-night/README.md,1573,78b93516b97fdc3cc22c5316b850f7531dea9d16ac28a54c4279117ece8055d0,local-only/original-project
20260917-开发资料/source/packages/skins/skin-center/skins/cyber-night/README.zh.md,1535,7ebd5dc1dfb65fbee615f442e4665f6b0ababb72618c2293a5d9e5a441458896,local-only/original-project
20260917-开发资料/source/packages/skins/skin-center/skins/deep-current/README.i18n.yaml,387,3570bc3b52b9edfc57c601fe50937030cd6091251dcbeb9f66a2abc1f71b506d,local-only/original-project
20260917-开发资料/source/packages/skins/skin-center/skins/deep-current/README.md,2022,7c468e15136ba24d15eb45e7b32e6234fdc8e99fb986ced1f26d3e82b0356005,local-only/original-project
20260917-开发资料/source/packages/skins/skin-center/skins/deep-current/README.zh.md,1771,f96499dd13d99978f55946af6b7ad3f51f36ff299825ea1c3cc310a12cb33415,local-only/original-project
20260917-开发资料/source/packages/skins/skin-center/skins/ember-fall/README.md,2724,afd024f6a09a1146331bf779634067430978ede2786c5f76c50705e085fc373c,local-only/original-project
20260917-开发资料/source/packages/skins/skin-center/skins/ember-fall/README.zh.md,1512,0f67e402255f598982cdb11e4739f009dc389979e1dc36ba4c559a4e3fafcae6,local-only/original-project
20260917-开发资料/source/packages/skins/skin-center/skins/furina/README.md,3389,60376bdc0515165b7d1cabfa4d69ccb1c4c5875ba0b7341e31f472568d86665a,local-only/original-project
20260917-开发资料/source/packages/skins/skin-center/skins/furina/README.zh.md,2808,d8684438b84119d42f6235b382adcd594a4028e27b59b964417bd136022a5fc6,local-only/original-project
20260917-开发资料/source/packages/skins/skin-center/skins/future-window/README.md,2333,8df99e61266614941be78927fcee6db53e40bae70eac43f4b2be5ba1ea8fd0e1,local-only/original-project
20260917-开发资料/source/packages/skins/skin-center/skins/future-window/README.zh.md,2014,8e8c6eb02420a98db84c8abdb1654f685952b8000f3e668ffce9054a0d36c81c,local-only/original-project
20260917-开发资料/source/packages/skins/skin-center/skins/hive-maw/README.md,2764,2dd620f34cc71acc41c808a1e0762550ae0e333fe692c7b7a97602e588ff924c,local-only/original-project
20260917-开发资料/source/packages/skins/skin-center/skins/hive-maw/README.zh.md,1906,e8f9e663b0af2acca37cf1ecd744f53a28e5fa7fd62edcb37aca19213acf60f7,local-only/original-project
20260917-开发资料/source/packages/skins/skin-center/skins/hologram-sanctum/README.md,2047,d6f958040f1f85ceae18ce6540c36185cdde7dc3fa19b9a712e1395b7d71e1b8,local-only/original-project
20260917-开发资料/source/packages/skins/skin-center/skins/hologram-sanctum/README.zh.md,1877,239f9bb436f89fff497e7c41346e05ffe15939def191e6c866545a0beef0409c,local-only/original-project
20260917-开发资料/source/packages/skins/skin-center/skins/ice-princess/README.md,2750,bf1cb0cb94ce6ba538486b37c15eedd66141578e65d4766c22ff5b7079bfa865,local-only/original-project
20260917-开发资料/source/packages/skins/skin-center/skins/ice-princess/README.zh.md,2730,cac54dc9a0a0e05916a35733e6688cf9407dc6b1b702f6080bde3d3142df4603,local-only/original-project
20260917-开发资料/source/packages/skins/skin-center/skins/observatory/README.md,5756,bb5308663b5c7bbfbf284f1c2ffbd27feecac27ffe58ad172629e9c04de9f89c,local-only/original-project
20260917-开发资料/source/packages/skins/skin-center/skins/observatory/README.zh.md,5168,c7215d7f07995b490ae5b8d0a1997416c4e2e68662dbf0fdd9d35f607c09336b,local-only/original-project
20260917-开发资料/source/packages/skins/skin-center/skins/orca-link/README.md,2485,b74bc93995b91175941112a565495491967874f7ba654fb51297fb52f4f72a0a,local-only/original-project
20260917-开发资料/source/packages/skins/skin-center/skins/orca-link/README.zh.md,2238,04b0173809878a0bb62995332a1521f94311146e6837e26f422046b697150baf,local-only/original-project
20260917-开发资料/source/packages/skins/skin-center/skins/pink-sakura/README.md,2028,6973ff7829b0d269217480ddb5f8650052de64b1f4cdeacea059c4a09a18f60f,local-only/original-project
20260917-开发资料/source/packages/skins/skin-center/skins/pink-sakura/README.zh.md,1870,ad272d53317eb4b7a1c3c0a764ba35769c50a97cc81684152d733ac03714ef4e,local-only/original-project
20260917-开发资料/source/packages/skins/skin-center/skins/starry-nocturne/README.md,2041,bd690fc5846c65c4e5f49b43e1cf163dbae1c4c6006ffd975e074f72ad720864,local-only/original-project
20260917-开发资料/source/packages/skins/skin-center/skins/starry-nocturne/README.zh.md,1888,4e41476f6aefad16cafa6f044b342796e7fa9f665be3235790575fe12d23445d,local-only/original-project
20260917-开发资料/source/packages/skins/skin-center/skins/stellar-diva/README.md,2020,fdda95c8ad05baf0d0aa4053c1e9117e8fc54765207b0f4cc5936342fd39815d,local-only/original-project
20260917-开发资料/source/packages/skins/skin-center/skins/stellar-diva/README.zh.md,1867,cf2862a5b53d18d3eb8e33d270cb2ade2d44a3bc07f177e5e5082cf61bbadb4c,local-only/original-project
20260917-开发资料/source/packages/skins/skin-center/skins/summer-liquid-glass/README.md,958,6a331788aff26c8c7952b6e14a61bf151d7069835373af0adb935e58eeffc597,local-only/original-project
20260917-开发资料/source/packages/skins/skin-center/skins/summer-liquid-glass/README.zh.md,940,dd885a691b10a926ed8f8dbbf11891fafb15163753d35b72407426c9e0ca0b89,local-only/original-project
20260917-开发资料/source/packages/skins/skin-center/skins/tokyo-night/README.md,1937,f0142704a20e53fb1e6aeb77c62653c4774117ddf246d155dc5bdcf698e1033f,local-only/original-project
20260917-开发资料/source/packages/skins/skin-center/skins/tokyo-night/README.zh.md,1808,d489d5d164e6bdb4bde596a4cb20601a5ba3bc86f0426df18a0c5f188cc2cbe4,local-only/original-project
20260917-开发资料/source/packages/skins/skin-center/skins/wallpaper-exclusive/README.md,2429,b38a09be7d05e4df31f3ff77e20b686b4d55dd63572d6a7b25c91b12628e0f96,local-only/original-project
20260917-开发资料/source/packages/skins/skin-center/skins/wallpaper-exclusive/README.zh.md,2169,a6258a1d4537e6f71fbaf55f3071bdc5d5f06ed6046131d1ecbccd191f98921c,local-only/original-project
20260917-开发资料/source/packages/skins/skin-center/skins/war-thunder/README.md,3393,ee853b1373d63dc07b330be6431d85002be2b2ed542465d82da6f0689413004e,local-only/original-project
20260917-开发资料/source/packages/skins/skin-center/skins/war-thunder/README.zh.md,2887,441776a1b0f35d77384a007dc64d881144d930d44698805fa3a6929a9dff70eb,local-only/original-project
20260917-开发资料/source/packages/skins/skin-center/skins/whalechan-harness/README.i18n.yaml,387,34268beacafb20cb734184392b305c722ca7a699a6d0c5a1cf2c752bd9ea765e,local-only/original-project
20260917-开发资料/source/packages/skins/skin-center/skins/whalechan-harness/README.md,2586,b6718f2382fb9b21785e455db81667f058b5bcef5d3c274d52d0fef42f3f9c7b,local-only/original-project
20260917-开发资料/source/packages/skins/skin-center/skins/whalechan-harness/README.zh.md,2331,855a59041aa1d5ab8f915f08497a29d7196a0741cbec61d307f53d3279e68c6f,local-only/original-project
20260917-开发资料/source/PR_TRIAGE.md,3681,b63e3fa85b2013c31871ac38b7cbcfc2351da26e82e065c27ec46278247ea229,local-only/original-project
20260917-开发资料/source/README.en.md,60825,880687602966668d1fd51828164f0740529956ab8af214abc8103a25e5bf52c7,local-only/original-project
20260917-开发资料/source/README.md,60999,4e0a66df357ef686943c08165ca14e7ecf89bdfb1600945a4f9b9a3a1cb2b834,local-only/original-project
20260917-开发资料/source/scripts/banner/banner.html,3158,eb60792831d19806f57c0c4dd3a9c292fcbdd0e4f5fab968e4bf372081d983df,local-only/original-project
20260917-开发资料/source/scripts/banner/shoot.mjs,2368,7c022e9542e4e48b1a645e11436f96cc622db9d6bdcc2fe406fa600871028861,local-only/original-project
20260917-开发资料/source/scripts/capture-previews,7169,5617d6d05a719c4861d9b4b84deea1719883b844f4f5ab47d5d5003857571833,local-only/original-project
20260917-开发资料/source/scripts/deploy-market,5361,7ac388ca0d484a407fe6332ac126c3b8f3d7cd1075d933993e0c8fb8afc38138,local-only/original-project
20260917-开发资料/source/scripts/dsh-plugin-new,3319,3f92728ec1981895d3e20fbf1c57f02e41d53d77d2a3633218bc1f3945d7a9f5,local-only/original-project
20260917-开发资料/source/scripts/dsh-skin-new,10257,7deb7c164cfa7be86e90cd99d6cad214c1ac38969566bc5430ed33488533e543,local-only/original-project
20260917-开发资料/source/scripts/export-official-facade,8235,b245f712270f2ece2f59ac766aa19e002b2872e312bfafc60e3b8fd6253a442c,local-only/original-project
20260917-开发资料/source/scripts/git-pre-push-guard.sh,1674,72691446da983eff8f8eedec2f96da3b53f8892555ed825024c9e415fbbdb514,local-only/original-project
20260917-开发资料/source/scripts/lib/rollout-verify.mjs,4548,f85e25b4ee792063e26834fa7107fda3fd99dd4cbdbf2614f2720f69811133c2,local-only/original-project
20260917-开发资料/source/scripts/lib/root-alias-pin.mjs,1582,22cc9d514616b80a686b959968da58cfc899e5f857e5ee6973761e5d12feef5a,local-only/original-project
20260917-开发资料/source/scripts/market-build,33851,9def80da852ad3d9eefc45732a243e90077ae7361b1120d48c946a4bfbcb64b3,local-only/original-project
20260917-开发资料/source/scripts/market-build-cap.test.mjs,3396,74bd27d0d5c4afb3fc4ec8314d300182c6cd8890278013632da74ede93543e83,local-only/original-project
20260917-开发资料/source/scripts/market-build-clean.test.mjs,3575,f8a7b87af8eeff251cdd8f0d657d4417491bc2a3c4ec04d29a5e43c0e3f51199,local-only/original-project
20260917-开发资料/source/scripts/market-layout.test.mjs,7222,5f53c5d2ed66ba8be17880663f510db032f192d66256aecba6b63c7b166bd124,local-only/original-project
20260917-开发资料/source/scripts/market-relay.test.mjs,8256,9d1549c50f6f769cf76b7901f5aebefb11d8d854b808f15728cf7abd52ed202a,local-only/original-project
20260917-开发资料/source/scripts/market-tv-forward.test.mjs,2008,e5784257580518396b7bf6ce7a5a8f3eb6c56ef8350f6743117e4a99c75e8630,local-only/original-project
20260917-开发资料/source/scripts/market-worker.test.mjs,49005,a3bee98c2912e7e31628d0df29a0dbb34e7e1ec52b8c82aca3a2904327553552,local-only/original-project
20260917-开发资料/source/scripts/market-zip.test.mjs,10455,8380545b3af8962c2c6dd979b37c760e81130ebbdf46b317920cea4e4db46268,local-only/original-project
20260917-开发资料/source/scripts/plugin-template/.gitignore,19,be486cf04ff7fd1c249ba63f3b8f0f521985878e9b34b0d829eca67641f7f85c,local-only/original-project
20260917-开发资料/source/scripts/plugin-template/AGENTS.md,521,39a44ba00a830641d76067ae33bb6951b69a621be43a9aa79629d07ab629b6e0,local-only/original-project
20260917-开发资料/source/scripts/plugin-template/cordis.patch.yml,328,e19de7a26c414c2f72b7628bed5756138f415b30714e07c3db2de885e4cb58a4,local-only/original-project
20260917-开发资料/source/scripts/plugin-template/package.json,1859,77d2a666e1f32df99827c75cdea7f3f3539c843e393afe3ade60757a948b60ce,local-only/original-project
20260917-开发资料/source/scripts/plugin-template/README.i18n.yaml,391,a9efa77b3ff94ab9e969f812b6660298debd92d68390ada30c51ce4e0b274515,local-only/original-project
20260917-开发资料/source/scripts/plugin-template/README.md,740,1031667c4c412c6dca30ba5e562ce8dd55f9dbdbc5ebdec7a2078b275ebfcc73,local-only/original-project
20260917-开发资料/source/scripts/plugin-template/README.zh.md,726,c73917aeec6acb18f82e12cffd4211ba272586adf887ddd10f458b5dc5d0d332,local-only/original-project
20260917-开发资料/source/scripts/plugin-template/src/client/index.ts,725,7e5a2be97d366e785edcc6011c97823ad8cb94bb90ef0ca8e34ffd04126d47c9,local-only/original-project
20260917-开发资料/source/scripts/plugin-template/src/index.ts,772,d5344730917ca9dda9e5ae8b69055ffd71b276a3b4becd2650c23b26e25cee22,local-only/original-project
20260917-开发资料/source/scripts/plugin-template/tsconfig.build.json,248,3f9b8a15ca5fe321e15e98fca6d08f9e300faa26d926c961b786397952dd9772,local-only/original-project
20260917-开发资料/source/scripts/plugin-template/tsconfig.json,752,4948da356b61a1c9998a27f0f589bc684203a0e699e191a140eeb40c4f946b41,local-only/original-project
20260917-开发资料/source/scripts/plugin-template/tsdown.config.ts,528,f34ddb7ac35384ac7aeeaabfda6cdc927968de2f5f3b46f998abe50dbb406240,local-only/original-project
20260917-开发资料/source/scripts/pr-review.mjs,49158,b428266b6243b23855d31b07fd49642dc32ef8e6884f50c173ae53997cdff0c1,local-only/original-project
20260917-开发资料/source/scripts/pr-review.test.mjs,19650,2799c9be52c4ac6e27a7e1894c702a5753c28d607f4830375d979f35a8520439,local-only/original-project
20260917-开发资料/source/scripts/publish-legacy-aggregate.mjs,7377,2ee8c79152897cbaf5470fc2a2955f503a75f0dfebe8b2d98887d8cec12aa4da,local-only/original-project
20260917-开发资料/source/scripts/publish-legacy-aggregate.test.mjs,2995,033eeeeff2aa642ca144327806e6b34e9d2b886e2201added1556999ae6a3fff,local-only/original-project
20260917-开发资料/source/scripts/release-assets.mjs,5222,b743505bc90b2c99a80fc8b3c7f56b35c75f5ee21b267a49f7fdb88959e82ebd,local-only/original-project
20260917-开发资料/source/scripts/release-assets.test.mjs,3693,c8980d549387be1b0c6f0021c5ca3e151e8275c63ed08d165db595ab604da27e,local-only/original-project
20260917-开发资料/source/scripts/release-notes.mjs,9908,cd39c459085c6ab394ce51661cc7c42355db97c4975028804e077b201ee2598e,local-only/original-project
20260917-开发资料/source/scripts/release-notes.test.mjs,8362,bc98de6315fc63036f1443d4e96edb42ae1d142606de818dae8e0db1bf3a44fe,local-only/original-project
20260917-开发资料/source/scripts/rollout-verify.sh,3841,342d31f1d1c9208fe8cc148fb6a219e1ecef860ec9184a798435355b591cd394,local-only/original-project
20260917-开发资料/source/scripts/rollout-verify.test.mjs,5519,8b5116c8c079760dafca733f8726c52dc82cf81545d0ddacdb07ce99b741b3ee,local-only/original-project
20260917-开发资料/source/scripts/root-alias-pin.test.mjs,1109,27e477d5cc549d045106e7e2d6148559b58fc23baa9685b9c4413c24b2cc61ec,local-only/original-project
20260917-开发资料/source/scripts/skins-montage.mjs,4265,0ad39f29e01ba066253be2d0201398a8888e0284271a89f83a7d8c649ab872fd,local-only/original-project
20260917-开发资料/source/scripts/telemetry-view.test.mjs,6487,b9316c34f53dc6e014fdb51e8065ca79eddbf56fcf395487215679a0b9d19c36,local-only/original-project
20260917-开发资料/source/scripts/update-contributors.mjs,4447,7c3ac71efac532ee6e482158217597ccfcd0f9ac2643f4ee4bce2b25d057aba1,local-only/original-project
20260917-开发资料/source/scripts/verify-docs.mjs,10272,9e7e9b4b190ec2e1a2aafa15faac29622f9697b3d9ec7392ff1e884ad4408942,local-only/original-project
20260917-开发资料/source/scripts/verify-docs.test.mjs,2423,19c30de0f47481b2ddc3ed44944684da58cd9be7259f70715f9174f2df9c0af9,local-only/original-project
20260917-开发资料/source/scripts/verify-registry.mjs,7751,0efad83e56a0002a92c9696cc412cbedffa091ce8dc64ac4164d33770a2181ef,local-only/original-project
20260917-开发资料/source/scripts/verify-registry.test.mjs,2910,7c6b4a9dfb15effba8e5672e5d4534807656fda9af2673e5400bebee6a56b9b5,local-only/original-project
20260917-开发资料/source/scripts/verify-version.mjs,2692,3a585f63fd3d84125394f3bcba58f046c31414a927bf22320d09eb4fffada281,local-only/original-project
20260917-开发资料/修改前文件/.gitignore,1824,ce7027dea7026f030316197fb646117c48817b6dd34826e7483875974a921a0b,local-only/original-project
20260917-开发资料/修改前文件/deepseek_harness_desktop/package.json,2947,f3d11714ae3b7078d849c97c860ef0c4e716358af6bf466ecd115cbf0fc383c5,local-only/original-project
20260917-开发资料/修改前文件/deepseek_harness_desktop/packages/dsh-community-plugins/package.json,2014,d5dacc09bf65782d14c3ed8b79688b8462c4fa8d562a065abb63dcdce64dc04b,local-only/original-project
20260917-开发资料/修改前文件/deepseek_harness_desktop/packages/dsh-doctor/package.json,2852,ad8ca5dd9f46442eded046eeb83b731d1d68f8e585f492a26e1845440b5aacc4,local-only/original-project
20260917-开发资料/修改前文件/deepseek_harness_desktop/packages/dsh-git-graph/package.json,3063,ceb9bea8eccc7a824c8410e4120283040504bfdbbd41d76b48f43bfafe2a46e1,local-only/original-project
20260917-开发资料/修改前文件/deepseek_harness_desktop/packages/dsh-i18n/package.json,1538,91bc248914c43e62890cf17c336478452da6b96250701368d8af33e28849fbac,local-only/original-project
20260917-开发资料/修改前文件/deepseek_harness_desktop/packages/dsh-liangshen/package.json,3601,bbe80792fcfd021a006c1134de9617f35886f55e1919cd9e98a1cc7e68b114e3,local-only/original-project
20260917-开发资料/修改前文件/deepseek_harness_desktop/packages/dsh-market/package.json,2197,4c1564c8483fe518e1edac5f16583ecfdb99b37ce758b44d48d69a10a1a488ea,local-only/original-project
20260917-开发资料/修改前文件/deepseek_harness_desktop/packages/dsh-model-capabilities/package.json,2527,3ac8aec5ab9f246ed86f7520575f864e3741b10dab5d20fe211079fe02317329,local-only/original-project
20260917-开发资料/修改前文件/deepseek_harness_desktop/packages/dsh-pet/package.json,3184,f0d9e02061357f6a28b6d22c0a380ec4f070467f1d6e1face583790e79ba493b,local-only/original-project
20260917-开发资料/修改前文件/deepseek_harness_desktop/packages/dsh-plugin-manager/package.json,2448,7ffd6f08ff7efd3ada0d5d0163cb15bba130a91690d776e4feb306a13ca4ac74,local-only/original-project
20260917-开发资料/修改前文件/deepseek_harness_desktop/packages/dsh-preset-center/package.json,2081,6d830747352b7f53e51ffd379f89e67efa400a5d223d5534910f9275de2ac2cb,local-only/original-project
20260917-开发资料/修改前文件/deepseek_harness_desktop/packages/dsh-remote-web-ui/package.json,3107,32e7c1dd7f5a4ce35ce7389016aa578fa63f5bfc6b56cc03f2f60a394034f7f8,local-only/original-project
20260917-开发资料/修改前文件/deepseek_harness_desktop/packages/dsh-session-id/package.json,2186,cd5892a621476f15125fde702be6b1fad87d61395b3622189100082a7fa984f5,local-only/original-project
20260917-开发资料/修改前文件/deepseek_harness_desktop/packages/dsh-skill-explorer/package.json,1959,be746d4dca4c0239d569584f627da99050e91fff5d48c9ef1f1eb6b9a5123370,local-only/original-project
20260917-开发资料/修改前文件/deepseek_harness_desktop/packages/dsh-ssh/package.json,3169,41639e16ddb2ea91d7b46b036d7e5d15fac72a5080dfc57d4df62d5d3621dcd1,local-only/original-project
20260917-开发资料/修改前文件/deepseek_harness_desktop/packages/dsh-task-board/package.json,3055,55a130a96ad1ba1f70054d684042b72d036c031634f4b1d30400a94e7dfeb355,local-only/original-project
20260917-开发资料/修改前文件/deepseek_harness_desktop/packages/dsh-tool-describe-image/package.json,3393,015bc13997deea8909389591fda75c6e9cf3eb0ede23528ad898ff73b05a0249,local-only/original-project
20260917-开发资料/修改前文件/deepseek_harness_desktop/packages/dsh-usage/package.json,2791,0dbdc29f99946569f48fdb6ca78f2478a5271c27ad14b1941b758c0f345e5d50,local-only/original-project
20260917-开发资料/修改前文件/deepseek_harness_desktop/packages/dsh-web-all/package.json,4026,ac92ae489180db2a2bee69ae3eb2ed580b17c8e765f4bf3710936297230b4af3,local-only/original-project
20260917-开发资料/修改前文件/deepseek_harness_desktop/packages/dsh-web-settings/package.json,2155,a8b1dfcff3602957379738738de11d6d9f9642e50e74d37a1d4cfd390b19ced0,local-only/original-project
20260917-开发资料/修改前文件/deepseek_harness_desktop/packages/skins/skin-center/package.json,2417,551ffcc1e72fad3444ffcd97e7f88e2886f027fcd1d888ee4679e74c57cabf46,local-only/original-project
20260917-开发资料/修改前文件/deepseek_harness_desktop/pnpm-workspace.yaml,5787,968fd2dca12eaad1bb688ae727611225ad2f226eba58ba5b03004775305879f0,local-only/original-project
20260917-开发资料/修改前文件/deepseek_harness_desktop/scripts/build-workbench.mjs,6291,898265ebba1623bd2244efc7097c99530c9ec44a7708bb19329e6de9313ca15d,local-only/original-project
20260917-开发资料/修改前文件/deepseek_harness_desktop/scripts/family-dsh-engines.test.mjs,1524,477047f3fbfd0c7f8063782e0ae4b6c70cfe06f0c79b7ed10d3a18390fbbd2ef,local-only/original-project
20260917-开发资料/修改前文件/deepseek_harness_desktop/scripts/install-workbench.mjs,2492,063c3573f4779f67bfaf14612248b93e2170872acd1db26c099fb142aa562bfc,local-only/original-project
20260917-开发资料/修改前文件/dsh-data/profiles/web/package.json,561,b1df1ab4e8c4f5e19b308bbb54f21902868d69a4b69e3e393a07e82dbc380fc0,local-only/original-project
20260917-开发资料/修改前文件/dsh-data/profiles/web/pnpm-lock.yaml,68743,c1eaffe8b9b67ecb77d2f4121eaccce3724afa169ea180c884848b7a2b4ffa61,local-only/original-project
20260917-开发资料/修改前文件/dsh-data/profiles/web/pnpm-workspace.yaml,3774,e1f9f609c1673409bc1a7671896bcb01064792a7afc74322a539ec59357181fe,local-only/original-project
20260917-开发资料/修改前文件/M004-原作者外联与插件更新清理分析及执行记录.md,9096,0eb47fb1f9d9044fd0c399eba05384f7e05601addeeabf48b0b2f502c57f59f9,local-only/original-project
20260917-开发资料/修改前文件/PEFR_PLAN.MD,9679,16e0a8b36c8df705851048f45304943d10e31bce9f857c034c5f215e6c7a46fd,local-only/original-project
20260917-开发资料/修改前文件/runtime-dev/workshop-build-result.json,3342,8b4f58463d806058bb4f0208617bad5ee65777cd5846681a85119f97e23cf08a,local-only/original-project
20260917-开发资料/修改前文件/start-desktop.ps1,1305,a0a3b986b8a4b6684a4127d8714896a73a6462513c8188e5643030c64cfe26dd,local-only/original-project
20260917-开发资料/归档说明.md,543,6edee40bf7ff6d372df996bf827530ff22563d7680a278533d9d662126fa58fd,local-only/original-project
20260917-开发资料/执行结果.json,247,9b5718098aedff707adf038491af3b2cf5311472c335ed7cc980b54dd4b24466,local-only/original-project
20260917-开发资料/最终验证.json,244,0c1cb86bca9c1f52a51e3f44b16849456e7d5248d233df6d057a823b23814fc0,local-only/original-project
20260917-开发资料/迁移清单.json,1203830,ff977426575bc58b1bbfe135d7c060c78df230cf712b72cf3c4e548c865ae93c,local-only/original-project
